"","AtlasSp","AtlasID","match_type","match","Synonyms","TaxID","AtlasSp_new","ScientificName"
"1","Accipiter gentilis",1,"direct",1,NA,3022,"Accipiter gentilis","Accipiter gentilis"
"2","Accipiter nisus",2,"direct",1,NA,3015,"Accipiter nisus","Accipiter nisus"
"3","Acrocephalus arundinaceus",3,"direct",1,NA,11005,"Acrocephalus arundinaceus","Acrocephalus arundinaceus"
"4","Acrocephalus palustris",4,"direct",1,NA,6584,"Acrocephalus palustris","Acrocephalus palustris"
"5","Acrocephalus schoenobaenus",5,"direct",1,NA,6577,"Acrocephalus schoenobaenus","Acrocephalus schoenobaenus"
"6","Acrocephalus scirpaceus",6,"direct",1,NA,6582,"Acrocephalus scirpaceus","Acrocephalus scirpaceus"
"7","Actitis hypoleucos",7,"direct",1,"Tringa hypoleucos",2630,"Actitis hypoleucos","Actitis hypoleucos"
"8","Aegithalos caudatus",8,"direct",1,NA,10839,"Aegithalos caudatus","Aegithalos caudatus"
"9","Aegolius funereus",9,"direct",1,NA,1975,"Aegolius funereus","Aegolius funereus"
"10","Alauda arvensis",10,"direct",1,"Alauda japonica",9875,"Alauda arvensis","Alauda arvensis"
"11","Alcedo atthis",11,"direct",1,NA,927,"Alcedo atthis","Alcedo atthis"
"12","Anas acuta",12,"direct",1,NA,413,"Anas acuta","Anas acuta"
"13","Anas crecca",14,"direct",1,NA,418,"Anas crecca","Anas crecca"
"14","Anas platyrhynchos",15,"direct",1,NA,394,"Anas platyrhynchos","Anas platyrhynchos"
"15","Anser anser",18,"direct",1,NA,338,"Anser anser","Anser anser"
"16","Anthus campestris",19,"direct",1,NA,7247,"Anthus campestris","Anthus campestris"
"17","Anthus pratensis",20,"direct",1,NA,7256,"Anthus pratensis","Anthus pratensis"
"18","Anthus spinoletta",21,"direct",1,NA,7260,"Anthus spinoletta","Anthus spinoletta"
"19","Anthus trivialis",22,"direct",1,NA,7253,"Anthus trivialis","Anthus trivialis"
"20","Apus apus",23,"direct",1,NA,1535,"Apus apus","Apus apus"
"21","Ardea cinerea",25,"direct",1,NA,3245,"Ardea cinerea","Ardea cinerea"
"22","Ardea purpurea",26,"direct",1,NA,3253,"Ardea purpurea","Ardea purpurea"
"23","Asio flammeus",27,"direct",1,NA,2000,"Asio flammeus","Asio flammeus"
"24","Asio otus",28,"direct",1,NA,1996,"Asio otus","Asio otus"
"25","Athene noctua",29,"direct",1,NA,1971,"Athene noctua","Athene noctua"
"26","Aythya ferina",30,"direct",1,NA,428,"Aythya ferina","Aythya ferina"
"27","Aythya fuligula",31,"direct",1,NA,436,"Aythya fuligula","Aythya fuligula"
"28","Aythya nyroca",32,"direct",1,NA,432,"Aythya nyroca","Aythya nyroca"
"29","Botaurus stellaris",34,"direct",1,NA,3288,"Botaurus stellaris","Botaurus stellaris"
"30","Bubo bubo",35,"direct",1,NA,1910,"Bubo bubo","Bubo bubo"
"31","Bucephala clangula",36,"direct",1,NA,448,"Bucephala clangula","Bucephala clangula"
"32","Buteo buteo",37,"direct",1,NA,9787,"Buteo buteo","Buteo buteo"
"33","Caprimulgus europaeus",38,"direct",1,NA,2069,"Caprimulgus europaeus","Caprimulgus europaeus"
"34","Carduelis carduelis",40,"direct",1,NA,10371,"Carduelis carduelis","Carduelis carduelis"
"35","Carpodacus erythrinus",44,"direct",1,NA,7607,"Carpodacus erythrinus","Carpodacus erythrinus"
"36","Certhia brachydactyla",45,"direct",1,NA,6026,"Certhia brachydactyla","Certhia brachydactyla"
"37","Certhia familiaris",46,"direct",1,NA,9435,"Certhia familiaris","Certhia familiaris"
"38","Charadrius dubius",47,"direct",1,NA,2711,"Charadrius dubius","Charadrius dubius"
"39","Chlidonias niger",49,"direct",1,NA,2871,"Chlidonias niger","Chlidonias niger"
"40","Ciconia ciconia",50,"direct",1,NA,3354,"Ciconia ciconia","Ciconia ciconia"
"41","Ciconia nigra",51,"direct",1,NA,3350,"Ciconia nigra","Ciconia nigra"
"42","Cinclus cinclus",52,"direct",1,NA,5478,"Cinclus cinclus","Cinclus cinclus"
"43","Circus aeruginosus",53,"direct",1,NA,2966,"Circus aeruginosus","Circus aeruginosus"
"44","Circus cyaneus",54,"direct",1,NA,8794,"Circus cyaneus","Circus cyaneus"
"45","Circus pygargus",55,"direct",1,NA,2976,"Circus pygargus","Circus pygargus"
"46","Coccothraustes coccothraustes",56,"direct",1,NA,7635,"Coccothraustes coccothraustes","Coccothraustes coccothraustes"
"47","Columba livia",57,"direct",1,NA,2105,"Columba livia","Columba livia"
"48","Columba oenas",58,"direct",1,NA,2110,"Columba oenas","Columba oenas"
"49","Columba palumbus",59,"direct",1,NA,2113,"Columba palumbus","Columba palumbus"
"50","Corvus corax",60,"direct",1,NA,5076,"Corvus corax","Corvus corax"
"51","Corvus corone",61,"direct",1,NA,5068,"Corvus corone","Corvus corone"
"52","Corvus frugilegus",62,"direct",1,NA,5059,"Corvus frugilegus","Corvus frugilegus"
"53","Corvus monedula",63,"direct",1,NA,5045,"Corvus monedula","Corvus monedula"
"54","Coturnix coturnix",64,"direct",1,NA,177,"Coturnix coturnix","Coturnix coturnix"
"55","Crex crex",65,"direct",1,NA,2488,"Crex crex","Crex crex"
"56","Cuculus canorus",66,"direct",1,NA,1043,"Cuculus canorus","Cuculus canorus"
"57","Cygnus olor",67,"direct",1,NA,326,"Cygnus olor","Cygnus olor"
"58","Dendrocopos leucotos",69,"direct",1,NA,8731,"Dendrocopos leucotos","Dendrocopos leucotos"
"59","Dendrocopos major",70,"direct",1,NA,583,"Dendrocopos major","Dendrocopos major"
"60","Dendrocopos syriacus",73,"direct",1,NA,584,"Dendrocopos syriacus","Dendrocopos syriacus"
"61","Dryocopus martius",74,"direct",1,NA,635,"Dryocopus martius","Dryocopus martius"
"62","Egretta garzetta",75,"direct",1,NA,9873,"Egretta garzetta","Egretta garzetta"
"63","Emberiza citrinella",76,"direct",1,NA,7673,"Emberiza citrinella","Emberiza citrinella"
"64","Emberiza hortulana",77,"direct",1,NA,7684,"Emberiza hortulana","Emberiza hortulana"
"65","Emberiza schoeniclus",78,"direct",1,NA,7706,"Emberiza schoeniclus","Emberiza schoeniclus"
"66","Erithacus rubecula",79,"direct",1,NA,5739,"Erithacus rubecula","Erithacus rubecula"
"67","Falco cherrug",80,"direct",1,NA,3160,"Falco cherrug","Falco cherrug"
"68","Falco peregrinus",81,"direct",1,"Falco pelegrinoides",9656,"Falco peregrinus","Falco peregrinus"
"69","Falco subbuteo",82,"direct",1,NA,3151,"Falco subbuteo","Falco subbuteo"
"70","Falco tinnunculus",83,"direct",1,NA,3132,"Falco tinnunculus","Falco tinnunculus"
"71","Ficedula albicollis",84,"direct",1,NA,5679,"Ficedula albicollis","Ficedula albicollis"
"72","Ficedula hypoleuca",85,"direct",1,NA,5678,"Ficedula hypoleuca","Ficedula hypoleuca"
"73","Ficedula parva",86,"direct",1,NA,9545,"Ficedula parva","Ficedula parva"
"74","Fringilla coelebs",87,"direct",1,NA,7524,"Fringilla coelebs","Fringilla coelebs"
"75","Fulica atra",88,"direct",1,NA,2551,"Fulica atra","Fulica atra"
"76","Galerida cristata",89,"direct",1,NA,7026,"Galerida cristata","Galerida cristata"
"77","Gallinago gallinago",90,"direct",1,NA,2595,"Gallinago gallinago","Gallinago gallinago"
"78","Gallinula chloropus",91,"direct",1,NA,9833,"Gallinula chloropus","Gallinula chloropus"
"79","Garrulus glandarius",92,"direct",1,NA,10287,"Garrulus glandarius","Garrulus glandarius"
"80","Glaucidium passerinum",93,"direct",1,NA,1950,"Glaucidium passerinum","Glaucidium passerinum"
"81","Grus grus",94,"direct",1,NA,2414,"Grus grus","Grus grus"
"82","Haliaeetus albicilla",95,"direct",1,NA,2936,"Haliaeetus albicilla","Haliaeetus albicilla"
"83","Himantopus himantopus",96,"direct",1,"Himantopus mexicanus; Himantopus leucocephalus",8824,"Himantopus himantopus","Himantopus himantopus"
"84","Hippolais icterina",97,"direct",1,NA,6607,"Hippolais icterina","Hippolais icterina"
"85","Hirundo rustica",98,"direct",1,NA,6196,"Hirundo rustica","Hirundo rustica"
"86","Ixobrychus minutus",99,"direct",1,NA,9531,"Ixobrychus minutus","Ixobrychus minutus"
"87","Jynx torquilla",100,"direct",1,NA,488,"Jynx torquilla","Jynx torquilla"
"88","Lanius collurio",101,"direct",1,NA,4846,"Lanius collurio","Lanius collurio"
"89","Lanius excubitor",102,"direct",1,NA,10279,"Lanius excubitor","Lanius excubitor"
"90","Larus cachinnans",103,"direct",1,NA,9547,"Larus cachinnans","Larus cachinnans"
"91","Larus canus",104,"direct",1,NA,2801,"Larus canus","Larus canus"
"92","Larus melanocephalus",105,"direct",1,NA,2825,"Larus melanocephalus","Larus melanocephalus"
"93","Larus ridibundus",106,"direct",1,"Chroicocephalus ridibundus",2820,"Larus ridibundus","Larus ridibundus"
"94","Limosa limosa",107,"direct",1,NA,2606,"Limosa limosa","Limosa limosa"
"95","Locustella fluviatilis",108,"direct",1,NA,6573,"Locustella fluviatilis","Locustella fluviatilis"
"96","Locustella luscinioides",109,"direct",1,NA,6574,"Locustella luscinioides","Locustella luscinioides"
"97","Locustella naevia",110,"direct",1,NA,6569,"Locustella naevia","Locustella naevia"
"98","Loxia curvirostra",111,"direct",1,NA,7627,"Loxia curvirostra","Loxia curvirostra"
"99","Lullula arborea",112,"direct",1,NA,7033,"Lullula arborea","Lullula arborea"
"100","Luscinia luscinia",113,"direct",1,NA,5741,"Luscinia luscinia","Luscinia luscinia"
"101","Luscinia megarhynchos",114,"direct",1,NA,5742,"Luscinia megarhynchos","Luscinia megarhynchos"
"102","Luscinia svecica",115,"direct",1,"Luscinia svecica",5744,"Luscinia svecica","Luscinia svecica"
"103","Mergus merganser",116,"direct",1,NA,456,"Mergus merganser","Mergus merganser"
"104","Merops apiaster",117,"direct",1,NA,1021,"Merops apiaster","Merops apiaster"
"105","Milvus migrans",119,"direct",1,"Falco migrans, Milvus lineatus ",11108,"Milvus migrans","Milvus migrans"
"106","Milvus milvus",120,"direct",1,NA,2928,"Milvus milvus","Milvus milvus"
"107","Motacilla alba",121,"direct",1,NA,7219,"Motacilla alba","Motacilla alba"
"108","Motacilla cinerea",122,"direct",1,NA,7226,"Motacilla cinerea","Motacilla cinerea"
"109","Motacilla flava",123,"direct",1,NA,10687,"Motacilla flava","Motacilla flava"
"110","Muscicapa striata",124,"direct",1,NA,5652,"Muscicapa striata","Muscicapa striata"
"111","Netta rufina",125,"direct",1,NA,425,"Netta rufina","Netta rufina"
"112","Nucifraga caryocatactes",126,"direct",1,NA,10294,"Nucifraga caryocatactes","Nucifraga caryocatactes"
"113","Numenius arquata",127,"direct",1,NA,2615,"Numenius arquata","Numenius arquata"
"114","Nycticorax nycticorax",128,"direct",1,NA,3265,"Nycticorax nycticorax","Nycticorax nycticorax"
"115","Oenanthe oenanthe",129,"direct",1,NA,10421,"Oenanthe oenanthe","Oenanthe oenanthe"
"116","Oriolus oriolus",130,"direct",1,NA,10134,"Oriolus oriolus","Oriolus oriolus"
"117","Otus scops",131,"direct",1,NA,11053,"Otus scops","Otus scops"
"118","Panurus biarmicus",132,"direct",1,NA,6936,"Panurus biarmicus","Panurus biarmicus"
"119","Parus major",136,"direct",1,NA,9554,"Parus major","Parus major"
"120","Passer domesticus",139,"direct",1,NA,10665,"Passer domesticus","Passer domesticus"
"121","Passer montanus",140,"direct",1,NA,7202,"Passer montanus","Passer montanus"
"122","Perdix perdix",141,"direct",1,NA,172,"Perdix perdix","Perdix perdix"
"123","Pernis apivorus",142,"direct",1,NA,2910,"Pernis apivorus","Pernis apivorus"
"124","Phalacrocorax carbo",143,"direct",1,NA,3216,"Phalacrocorax carbo","Phalacrocorax carbo"
"125","Phasianus colchicus",144,"direct",1,NA,9650,"Phasianus colchicus","Phasianus colchicus"
"126","Phoenicurus ochruros",145,"direct",1,NA,5792,"Phoenicurus ochruros","Phoenicurus ochruros"
"127","Phoenicurus phoenicurus",146,"direct",1,NA,5793,"Phoenicurus phoenicurus","Phoenicurus phoenicurus"
"128","Phylloscopus collybita",147,"direct",1,NA,10765,"Phylloscopus collybita","Phylloscopus collybita"
"129","Phylloscopus sibilatrix",148,"direct",1,NA,6669,"Phylloscopus sibilatrix","Phylloscopus sibilatrix"
"130","Phylloscopus trochiloides",149,"direct",1,NA,10769,"Phylloscopus trochiloides","Phylloscopus trochiloides"
"131","Phylloscopus trochilus",150,"direct",1,NA,6666,"Phylloscopus trochilus","Phylloscopus trochilus"
"132","Pica pica",151,"direct",1,NA,10290,"Pica pica","Pica pica"
"133","Picoides tridactylus",152,"direct",1,NA,8733,"Picoides tridactylus","Picoides tridactylus"
"134","Picus canus",153,"direct",1,NA,8654,"Picus canus","Picus canus"
"135","Picus viridis",154,"direct",1,NA,8481,"Picus viridis","Picus viridis"
"136","Platalea leucorodia",155,"direct",1,NA,3323,"Platalea leucorodia","Platalea leucorodia"
"137","Podiceps cristatus",156,"direct",1,NA,3178,"Podiceps cristatus","Podiceps cristatus"
"138","Podiceps grisegena",157,"direct",1,NA,3177,"Podiceps grisegena","Podiceps grisegena"
"139","Podiceps nigricollis",158,"direct",1,NA,3180,"Podiceps nigricollis","Podiceps nigricollis"
"140","Porzana porzana",160,"direct",1,NA,2512,"Porzana porzana","Porzana porzana"
"141","Prunella collaris",161,"direct",1,NA,7273,"Prunella collaris","Prunella collaris"
"142","Prunella modularis",162,"direct",1,NA,7281,"Prunella modularis","Prunella modularis"
"143","Pyrrhula pyrrhula",163,"direct",1,NA,7633,"Pyrrhula pyrrhula","Pyrrhula pyrrhula"
"144","Rallus aquaticus",164,"direct",1,NA,8491,"Rallus aquaticus","Rallus aquaticus"
"145","Recurvirostra avosetta",165,"direct",1,NA,2700,"Recurvirostra avosetta","Recurvirostra avosetta"
"146","Regulus regulus",167,"direct",1,NA,9426,"Regulus regulus","Regulus regulus"
"147","Remiz pendulinus",168,"direct",1,NA,11087,"Remiz pendulinus","Remiz pendulinus"
"148","Riparia riparia",169,"direct",1,NA,10642,"Riparia riparia","Riparia riparia"
"149","Saxicola rubetra",170,"direct",1,NA,5818,"Saxicola rubetra","Saxicola rubetra"
"150","Scolopax rusticola",172,"direct",1,NA,2583,"Scolopax rusticola","Scolopax rusticola"
"151","Serinus serinus",173,"direct",1,NA,7527,"Serinus serinus","Serinus serinus"
"152","Sitta europaea",174,"direct",1,NA,10884,"Sitta europaea","Sitta europaea"
"153","Sterna hirundo",175,"direct",1,NA,2849,"Sterna hirundo","Sterna hirundo"
"154","Streptopelia decaocto",176,"direct",1,NA,8803,"Streptopelia decaocto","Streptopelia decaocto"
"155","Streptopelia turtur",177,"direct",1,NA,2157,"Streptopelia turtur","Streptopelia turtur"
"156","Strix aluco",178,"direct",1,NA,8524,"Strix aluco","Strix aluco"
"157","Strix uralensis",179,"direct",1,NA,1937,"Strix uralensis","Strix uralensis"
"158","Sturnus vulgaris",180,"direct",1,NA,5945,"Sturnus vulgaris","Sturnus vulgaris"
"159","Sylvia atricapilla",181,"direct",1,NA,6961,"Sylvia atricapilla","Sylvia atricapilla"
"160","Sylvia borin",182,"direct",1,NA,6962,"Sylvia borin","Sylvia borin"
"161","Tachybaptus ruficollis",186,"direct",1,NA,3167,"Tachybaptus ruficollis","Tachybaptus ruficollis"
"162","Tetrao urogallus",188,"direct",1,NA,261,"Tetrao urogallus","Tetrao urogallus"
"163","Tringa ochropus",189,"direct",1,NA,2627,"Tringa ochropus","Tringa ochropus"
"164","Tringa totanus",190,"direct",1,NA,2620,"Tringa totanus","Tringa totanus"
"165","Troglodytes troglodytes",191,"direct",1,NA,10904,"Troglodytes troglodytes","Troglodytes troglodytes"
"166","Turdus iliacus",192,"direct",1,NA,5586,"Turdus iliacus","Turdus iliacus"
"167","Turdus merula",193,"direct",1,NA,10920,"Turdus merula","Turdus merula"
"168","Turdus philomelos",194,"direct",1,NA,5587,"Turdus philomelos","Turdus philomelos"
"169","Turdus pilaris",195,"direct",1,NA,5585,"Turdus pilaris","Turdus pilaris"
"170","Turdus torquatus",196,"direct",1,NA,5576,"Turdus torquatus","Turdus torquatus"
"171","Turdus viscivorus",197,"direct",1,NA,5589,"Turdus viscivorus","Turdus viscivorus"
"172","Tyto alba",198,"direct",1,NA,1863,"Tyto alba","Tyto alba"
"173","Upupa epops",199,"direct",1,NA,855,"Upupa epops","Upupa epops"
"174","Vanellus vanellus",200,"direct",1,NA,2743,"Vanellus vanellus","Vanellus vanellus"
"175","Accipiter cooperii",201,"direct",1,NA,3017,"Accipiter cooperii","Accipiter cooperii"
"176","Accipiter striatus",202,"direct",1,NA,9318,"Accipiter striatus","Accipiter striatus"
"177","Actitis macularius",203,"direct",1,"Tringa macularia; Actitis macularia",2631,"Actitis macularius","Actitis macularius"
"178","Aegolius acadicus",204,"direct",1,NA,1976,"Aegolius acadicus","Aegolius acadicus"
"179","Agelaius phoeniceus",205,"direct",1,NA,8355,"Agelaius phoeniceus","Agelaius phoeniceus"
"180","Aix sponsa",206,"direct",1,NA,376,"Aix sponsa","Aix sponsa"
"181","Ammodramus savannarum",210,"direct",1,NA,7733,"Ammodramus savannarum","Ammodramus savannarum"
"182","Anas rubripes",213,"direct",1,NA,392,"Anas rubripes","Anas rubripes"
"183","Aquila chrysaetos",214,"direct",1,NA,3083,"Aquila chrysaetos","Aquila chrysaetos"
"184","Archilochus colubris",215,"direct",1,NA,1809,"Archilochus colubris","Archilochus colubris"
"185","Ardea alba",216,"direct",1,"Ardea alba; Egretta alba; Casmerodius albus",3255,"Ardea alba","Ardea alba"
"186","Ardea herodias",217,"direct",1,NA,11103,"Ardea herodias","Ardea herodias"
"187","Aythya affinis",218,"direct",1,NA,439,"Aythya affinis","Aythya affinis"
"188","Aythya americana",219,"direct",1,NA,430,"Aythya americana","Aythya americana"
"189","Aythya collaris",220,"direct",1,NA,431,"Aythya collaris","Aythya collaris"
"190","Aythya valisineria",221,"direct",1,NA,429,"Aythya valisineria","Aythya valisineria"
"191","Baeolophus bicolor",222,"direct",1,"Parus bicolor",6152,"Baeolophus bicolor","Baeolophus bicolor"
"192","Bartramia longicauda",223,"direct",1,NA,2618,"Bartramia longicauda","Bartramia longicauda"
"193","Bombycilla cedrorum",224,"direct",1,NA,5477,"Bombycilla cedrorum","Bombycilla cedrorum"
"194","Bonasa umbellus",225,"direct",1,NA,265,"Bonasa umbellus","Bonasa umbellus"
"195","Botaurus lentiginosus",226,"direct",1,NA,3286,"Botaurus lentiginosus","Botaurus lentiginosus"
"196","Branta canadensis",227,"direct",1,NA,344,"Branta canadensis","Branta canadensis"
"197","Bubo virginianus",228,"direct",1,NA,9791,"Bubo virginianus","Bubo virginianus"
"198","Bubulcus ibis",229,"direct",1,"Ardea ibis; Ardeola ibis",3256,"Bubulcus ibis","Bubulcus ibis"
"199","Buteo jamaicensis",230,"direct",1,NA,3063,"Buteo jamaicensis","Buteo jamaicensis"
"200","Buteo lineatus",231,"direct",1,NA,3052,"Buteo lineatus","Buteo lineatus"
"201","Buteo platypterus",232,"direct",1,NA,3054,"Buteo platypterus","Buteo platypterus"
"202","Cardinalis cardinalis",236,"direct",1,NA,8277,"Cardinalis cardinalis","Cardinalis cardinalis"
"203","Cathartes aura",239,"direct",1,NA,3338,"Cathartes aura","Cathartes aura"
"204","Catharus bicknelli",240,"direct",1,NA,8895,"Catharus bicknelli","Catharus bicknelli"
"205","Catharus fuscescens",241,"direct",1,NA,5558,"Catharus fuscescens","Catharus fuscescens"
"206","Catharus guttatus",242,"direct",1,NA,5560,"Catharus guttatus","Catharus guttatus"
"207","Catharus ustulatus",243,"direct",1,NA,10895,"Catharus ustulatus","Catharus ustulatus"
"208","Certhia americana",244,"direct",1,NA,6025,"Certhia americana","Certhia americana"
"209","Chaetura pelagica",245,"direct",1,NA,1520,"Chaetura pelagica","Chaetura pelagica"
"210","Charadrius melodus",246,"direct",1,NA,2718,"Charadrius melodus","Charadrius melodus"
"211","Charadrius vociferus",247,"direct",1,NA,2713,"Charadrius vociferus","Charadrius vociferus"
"212","Chordeiles minor",248,"direct",1,NA,2039,"Chordeiles minor","Chordeiles minor"
"213","Cistothorus palustris",249,"direct",1,NA,6051,"Cistothorus palustris","Cistothorus palustris"
"214","Cistothorus platensis",250,"direct",1,NA,10910,"Cistothorus platensis","Cistothorus platensis"
"215","Coccyzus americanus",252,"direct",1,NA,1126,"Coccyzus americanus","Coccyzus americanus"
"216","Coccyzus erythropthalmus",253,"direct",1,NA,1125,"Coccyzus erythropthalmus","Coccyzus erythropthalmus"
"217","Colaptes auratus",254,"direct",1,NA,8642,"Colaptes auratus","Colaptes auratus"
"218","Colinus virginianus",255,"direct",1,NA,8969,"Colinus virginianus","Colinus virginianus"
"219","Contopus cooperi",256,"direct",1,"Contopus borealis",3729,"Contopus cooperi","Contopus cooperi"
"220","Contopus virens",257,"direct",1,NA,3735,"Contopus virens","Contopus virens"
"221","Corvus brachyrhynchos",258,"direct",1,NA,5061,"Corvus brachyrhynchos","Corvus brachyrhynchos"
"222","Corvus ossifragus",259,"direct",1,NA,5062,"Corvus ossifragus","Corvus ossifragus"
"223","Cyanocitta cristata",260,"direct",1,NA,4984,"Cyanocitta cristata","Cyanocitta cristata"
"224","Dolichonyx oryzivorus",276,"direct",1,NA,8393,"Dolichonyx oryzivorus","Dolichonyx oryzivorus"
"225","Dumetella carolinensis",278,"direct",1,NA,5970,"Dumetella carolinensis","Dumetella carolinensis"
"226","Egretta caerulea",279,"direct",1,"Florida caerulea",3240,"Egretta caerulea","Egretta caerulea"
"227","Egretta thula",280,"direct",1,NA,3241,"Egretta thula","Egretta thula"
"228","Egretta tricolor",281,"direct",1,"Hydranassa tricolor",3238,"Egretta tricolor","Egretta tricolor"
"229","Empidonax alnorum",282,"direct",1,NA,3742,"Empidonax alnorum","Empidonax alnorum"
"230","Empidonax flaviventris",283,"direct",1,NA,3740,"Empidonax flaviventris","Empidonax flaviventris"
"231","Empidonax minimus",284,"direct",1,NA,3745,"Empidonax minimus","Empidonax minimus"
"232","Empidonax traillii",285,"direct",1,NA,3743,"Empidonax traillii","Empidonax traillii"
"233","Empidonax virescens",286,"direct",1,NA,3741,"Empidonax virescens","Empidonax virescens"
"234","Eremophila alpestris",287,"direct",1,NA,7036,"Eremophila alpestris","Eremophila alpestris"
"235","Euphagus carolinus",288,"direct",1,NA,8387,"Euphagus carolinus","Euphagus carolinus"
"236","Falco sparverius",290,"direct",1,NA,3138,"Falco sparverius","Falco sparverius"
"237","Fulica americana",291,"direct",1,"Fulica caribaea",9839,"Fulica americana","Fulica americana"
"238","Gallinago delicata",292,"direct",1,NA,9064,"Gallinago delicata","Gallinago delicata"
"239","Gavia immer",293,"direct",1,NA,3386,"Gavia immer","Gavia immer"
"240","Gelochelidon nilotica",294,"direct",1,NA,9822,"Gelochelidon nilotica","Gelochelidon nilotica"
"241","Geothlypis trichas",295,"direct",1,NA,7852,"Geothlypis trichas","Geothlypis trichas"
"242","Haematopus palliatus",296,"direct",1,NA,2691,"Haematopus palliatus","Haematopus palliatus"
"243","Haliaeetus leucocephalus",297,"direct",1,NA,2937,"Haliaeetus leucocephalus","Haliaeetus leucocephalus"
"244","Helmitheros vermivorum",298,"direct",1,"Helmitheros vermivorus",7843,"Helmitheros vermivorum","Helmitheros vermivorum"
"245","Hylocichla mustelina",300,"direct",1,"Catharus mustelinus",5561,"Hylocichla mustelina","Hylocichla mustelina"
"246","Icteria virens",301,"direct",1,NA,7901,"Icteria virens","Icteria virens"
"247","Icterus galbula",302,"direct",1,NA,8341,"Icterus galbula","Icterus galbula"
"248","Icterus spurius",303,"direct",1,NA,10522,"Icterus spurius","Icterus spurius"
"249","Ixobrychus exilis",304,"direct",1,NA,3281,"Ixobrychus exilis","Ixobrychus exilis"
"250","Junco hyemalis",305,"direct",1,NA,7725,"Junco hyemalis","Junco hyemalis"
"251","Lanius ludovicianus",306,"direct",1,NA,4856,"Lanius ludovicianus","Lanius ludovicianus"
"252","Larus argentatus",307,"direct",1,NA,9825,"Larus argentatus","Larus argentatus"
"253","Larus delawarensis",308,"direct",1,NA,2803,"Larus delawarensis","Larus delawarensis"
"254","Larus marinus",309,"direct",1,NA,2805,"Larus marinus","Larus marinus"
"255","Laterallus jamaicensis",310,"direct",1,NA,2459,"Laterallus jamaicensis","Laterallus jamaicensis"
"256","Lophodytes cucullatus",312,"direct",1,"Mergus cucullatus",452,"Lophodytes cucullatus","Lophodytes cucullatus"
"257","Loxia leucoptera",313,"direct",1,NA,8967,"Loxia leucoptera","Loxia leucoptera"
"258","Megaceryle alcyon",314,"direct",1,"Ceryle alcyon",997,"Megaceryle alcyon","Megaceryle alcyon"
"259","Megascops asio",315,"direct",1,"Otus asio",11096,"Megascops asio","Megascops asio"
"260","Melanerpes carolinus",316,"direct",1,NA,536,"Melanerpes carolinus","Melanerpes carolinus"
"261","Melanerpes erythrocephalus",317,"direct",1,NA,523,"Melanerpes erythrocephalus","Melanerpes erythrocephalus"
"262","Meleagris gallopavo",318,"direct",1,NA,270,"Meleagris gallopavo","Meleagris gallopavo"
"263","Melospiza georgiana",319,"direct",1,"Zonotrichia georgiana",7718,"Melospiza georgiana","Melospiza georgiana"
"264","Melospiza lincolnii",320,"direct",1,"Zonotrichia lincolnii",7717,"Melospiza lincolnii","Melospiza lincolnii"
"265","Melospiza melodia",321,"direct",1,"Zonotrichia melodia",7716,"Melospiza melodia","Melospiza melodia"
"266","Mergus serrator",322,"direct",1,NA,454,"Mergus serrator","Mergus serrator"
"267","Mimus polyglottos",323,"direct",1,NA,5974,"Mimus polyglottos","Mimus polyglottos"
"268","Mniotilta varia",324,"direct",1,NA,7840,"Mniotilta varia","Mniotilta varia"
"269","Molothrus ater",325,"direct",1,NA,8391,"Molothrus ater","Molothrus ater"
"270","Myiarchus crinitus",326,"direct",1,NA,3849,"Myiarchus crinitus","Myiarchus crinitus"
"271","Myiopsitta monachus",327,"direct",1,NA,9687,"Myiopsitta monachus","Myiopsitta monachus"
"272","Nyctanassa violacea",328,"direct",1,"Nycticorax violaceus",3264,"Nyctanassa violacea","Nyctanassa violacea"
"273","Oxyura jamaicensis",331,"direct",1,NA,8797,"Oxyura jamaicensis","Oxyura jamaicensis"
"274","Pandion haliaetus",332,"direct",1,NA,2900,"Pandion haliaetus","Pandion haliaetus"
"275","Passerculus sandwichensis",334,"direct",1,NA,10499,"Passerculus sandwichensis","Passerculus sandwichensis"
"276","Passerina caerulea",335,"direct",1,"Guiraca caerulea",8302,"Passerina caerulea","Passerina caerulea"
"277","Passerina cyanea",336,"direct",1,NA,8304,"Passerina cyanea","Passerina cyanea"
"278","Perisoreus canadensis",337,"direct",1,NA,5019,"Perisoreus canadensis","Perisoreus canadensis"
"279","Petrochelidon pyrrhonota",338,"direct",1,"Hirundo pyrrhonota",6218,"Petrochelidon pyrrhonota","Petrochelidon pyrrhonota"
"280","Pheucticus ludovicianus",340,"direct",1,NA,8275,"Pheucticus ludovicianus","Pheucticus ludovicianus"
"281","Picoides arcticus",341,"direct",1,NA,597,"Picoides arcticus","Picoides arcticus"
"282","Pipilo erythrophthalmus",345,"direct",1,NA,7763,"Pipilo erythrophthalmus","Pipilo erythrophthalmus"
"283","Piranga olivacea",346,"direct",1,NA,7994,"Piranga olivacea","Piranga olivacea"
"284","Piranga rubra",347,"direct",1,NA,7992,"Piranga rubra","Piranga rubra"
"285","Plegadis falcinellus",348,"direct",1,NA,3299,"Plegadis falcinellus","Plegadis falcinellus"
"286","Podilymbus podiceps",349,"direct",1,NA,3172,"Podilymbus podiceps","Podilymbus podiceps"
"287","Poecile atricapillus",350,"direct",1,"Poecile atricapillus; Parus atricapillus",6118,"Poecile atricapillus","Poecile atricapillus"
"288","Poecile hudsonicus",351,"direct",1,"Poecile hudsonica; Parus hudsonicus",6124,"Poecile hudsonicus","Poecile hudsonicus"
"289","Polioptila caerulea",352,"direct",1,NA,6098,"Polioptila caerulea","Polioptila caerulea"
"290","Pooecetes gramineus",353,"direct",1,NA,7743,"Pooecetes gramineus","Pooecetes gramineus"
"291","Porzana carolina",354,"direct",1,NA,2514,"Porzana carolina","Porzana carolina"
"292","Progne subis",355,"direct",1,NA,6171,"Progne subis","Progne subis"
"293","Protonotaria citrea",356,"direct",1,NA,7842,"Protonotaria citrea","Protonotaria citrea"
"294","Quiscalus major",357,"direct",1,NA,8381,"Quiscalus major","Quiscalus major"
"295","Quiscalus quiscula",358,"direct",1,NA,8384,"Quiscalus quiscula","Quiscalus quiscula"
"296","Rallus elegans",359,"direct",1,NA,9837,"Rallus elegans","Rallus elegans"
"297","Rallus limicola",360,"direct",1,NA,2478,"Rallus limicola","Rallus limicola"
"298","Rallus longirostris",361,"direct",1,NA,9836,"Rallus longirostris","Rallus longirostris"
"299","Regulus satrapa",363,"direct",1,NA,6234,"Regulus satrapa","Regulus satrapa"
"300","Rynchops niger",364,"direct",1,"Rhynchops niger",2789,"Rynchops niger","Rynchops niger"
"301","Sayornis phoebe",365,"direct",1,NA,3755,"Sayornis phoebe","Sayornis phoebe"
"302","Scolopax minor",366,"direct",1,NA,2588,"Scolopax minor","Scolopax minor"
"303","Seiurus aurocapilla",367,"direct",1,"Seiurus aurocapillus",7845,"Seiurus aurocapilla","Seiurus aurocapilla"
"304","Setophaga ruticilla",370,"direct",1,NA,7841,"Setophaga ruticilla","Setophaga ruticilla"
"305","Sialia sialis",371,"direct",1,NA,5534,"Sialia sialis","Sialia sialis"
"306","Sitta canadensis",372,"direct",1,NA,6014,"Sitta canadensis","Sitta canadensis"
"307","Sitta carolinensis",373,"direct",1,NA,6015,"Sitta carolinensis","Sitta carolinensis"
"308","Sphyrapicus varius",374,"direct",1,NA,540,"Sphyrapicus varius","Sphyrapicus varius"
"309","Spinus pinus",375,"direct",1,"Carduelis pinus",7572,"Spinus pinus","Spinus pinus"
"310","Spinus tristis",376,"direct",1,"Carduelis tristis",7586,"Spinus tristis","Spinus tristis"
"311","Spiza americana",377,"direct",1,NA,8270,"Spiza americana","Spiza americana"
"312","Spizella pallida",378,"direct",1,NA,7739,"Spizella pallida","Spizella pallida"
"313","Spizella passerina",379,"direct",1,NA,7738,"Spizella passerina","Spizella passerina"
"314","Spizella pusilla",380,"direct",1,NA,7740,"Spizella pusilla","Spizella pusilla"
"315","Stelgidopteryx serripennis",381,"direct",1,NA,6184,"Stelgidopteryx serripennis","Stelgidopteryx serripennis"
"316","Sterna dougallii",382,"direct",1,NA,2845,"Sterna dougallii","Sterna dougallii"
"317","Sterna forsteri",383,"direct",1,NA,2853,"Sterna forsteri","Sterna forsteri"
"318","Sternula antillarum",384,"direct",1,"Sternula antillarum; Sterna antillarum",2857,"Sternula antillarum","Sternula antillarum"
"319","Strix varia",385,"direct",1,NA,1934,"Strix varia","Strix varia"
"320","Sturnella magna",386,"direct",1,NA,9485,"Sturnella magna","Sturnella magna"
"321","Sturnella neglecta",387,"direct",1,NA,8365,"Sturnella neglecta","Sturnella neglecta"
"322","Tachycineta bicolor",388,"direct",1,NA,6163,"Tachycineta bicolor","Tachycineta bicolor"
"323","Thryothorus ludovicianus",389,"direct",1,NA,10913,"Thryothorus ludovicianus","Thryothorus ludovicianus"
"324","Toxostoma rufum",390,"direct",1,NA,5989,"Toxostoma rufum","Toxostoma rufum"
"325","Tringa semipalmata",391,"direct",1,"Tringa semipalmata; Catoptrophorus semipalmatus",2634,"Tringa semipalmata","Tringa semipalmata"
"326","Troglodytes aedon",392,"direct",1,NA,10907,"Troglodytes aedon","Troglodytes aedon"
"327","Turdus migratorius",393,"direct",1,NA,10933,"Turdus migratorius","Turdus migratorius"
"328","Tyrannus tyrannus",394,"direct",1,NA,3871,"Tyrannus tyrannus","Tyrannus tyrannus"
"329","Vermivora chrysoptera",395,"direct",1,NA,7804,"Vermivora chrysoptera","Vermivora chrysoptera"
"330","Vireo flavifrons",399,"direct",1,NA,4896,"Vireo flavifrons","Vireo flavifrons"
"331","Vireo gilvus",400,"direct",1,NA,9446,"Vireo gilvus","Vireo gilvus"
"332","Vireo griseus",401,"direct",1,NA,4881,"Vireo griseus","Vireo griseus"
"333","Vireo olivaceus",402,"direct",1,NA,11065,"Vireo olivaceus","Vireo olivaceus"
"334","Vireo philadelphicus",403,"direct",1,NA,4897,"Vireo philadelphicus","Vireo philadelphicus"
"335","Vireo solitarius",404,"direct",1,NA,4895,"Vireo solitarius","Vireo solitarius"
"336","Zenaida macroura",408,"direct",1,NA,2205,"Zenaida macroura","Zenaida macroura"
"337","Zonotrichia albicollis",409,"direct",1,NA,7721,"Zonotrichia albicollis","Zonotrichia albicollis"
"338","Accipiter gularis",410,"direct",1,NA,3007,"Accipiter gularis","Accipiter gularis"
"339","Acrocephalus bistrigiceps",411,"direct",1,NA,6579,"Acrocephalus bistrigiceps","Acrocephalus bistrigiceps"
"340","Acrocephalus orientalis",412,"direct",1,NA,9302,"Acrocephalus orientalis","Acrocephalus orientalis"
"341","Agropsar philippensis",413,"direct",1,"Sturnus philippensis",5942,"Agropsar philippensis","Agropsar philippensis"
"342","Aix galericulata",414,"direct",1,NA,377,"Aix galericulata","Aix galericulata"
"343","Amaurornis phoenicurus",415,"direct",1,NA,2505,"Amaurornis phoenicurus","Amaurornis phoenicurus"
"344","Anas zonorhyncha",417,"direct",1,"Anas poecilorhyncha",9562,"Anas zonorhyncha","Anas zonorhyncha"
"345","Anous stolidus",418,"direct",1,NA,2873,"Anous stolidus","Anous stolidus"
"346","Anthus hodgsoni",419,"direct",1,NA,7254,"Anthus hodgsoni","Anthus hodgsoni"
"347","Apalopteron familiare",420,"direct",1,NA,4649,"Apalopteron familiare","Apalopteron familiare"
"348","Apus nipalensis",421,"direct",1,NA,1547,"Apus nipalensis","Apus nipalensis"
"349","Apus pacificus",422,"direct",1,NA,1544,"Apus pacificus","Apus pacificus"
"350","Bambusicola thoracicus",423,"direct",1,NA,8493,"Bambusicola thoracicus","Bambusicola thoracicus"
"351","Butastur indicus",424,"direct",1,NA,3031,"Butastur indicus","Butastur indicus"
"352","Butorides striata",425,"direct",1,"Butorides virescens",8852,"Butorides striata","Butorides striata"
"353","Calonectris leucomelas",426,"direct",1,NA,3441,"Calonectris leucomelas","Calonectris leucomelas"
"354","Caprimulgus indicus",427,"direct",1,NA,8549,"Caprimulgus indicus","Caprimulgus indicus"
"355","Cepphus carbo",428,"direct",1,NA,2885,"Cepphus carbo","Cepphus carbo"
"356","Cerorhinca monocerata",429,"direct",1,NA,2896,"Cerorhinca monocerata","Cerorhinca monocerata"
"357","Chalcophaps indica",431,"direct",1,NA,8533,"Chalcophaps indica","Chalcophaps indica"
"358","Charadrius alexandrinus",432,"direct",1,NA,8765,"Charadrius alexandrinus","Charadrius alexandrinus"
"359","Charadrius placidus",433,"direct",1,NA,2710,"Charadrius placidus","Charadrius placidus"
"360","Chloris sinica",434,"direct",1,"Carduelis sinica",7567,"Chloris sinica","Chloris sinica"
"361","Cinclus pallasii",435,"direct",1,NA,5479,"Cinclus pallasii","Cinclus pallasii"
"362","Circus spilonotus",436,"direct",1,NA,9788,"Circus spilonotus","Circus spilonotus"
"363","Cisticola juncidis",437,"direct",1,"Cisticola juncidus",6374,"Cisticola juncidis","Cisticola juncidis"
"364","Columba janthina",438,"direct",1,NA,2130,"Columba janthina","Columba janthina"
"365","Corvus macrorhynchos",439,"direct",1,"Corvus levaillantii",10301,"Corvus macrorhynchos","Corvus macrorhynchos"
"366","Cuculus micropterus",440,"direct",1,NA,1042,"Cuculus micropterus","Cuculus micropterus"
"367","Cuculus optatus",441,"direct",1,"Cuculus saturatus",9406,"Cuculus optatus","Cuculus optatus"
"368","Cuculus poliocephalus",442,"direct",1,NA,1045,"Cuculus poliocephalus","Cuculus poliocephalus"
"369","Cyanopica cyanus",443,"direct",1,NA,10286,"Cyanopica cyanus","Cyanopica cyanus"
"370","Cyanoptila cyanomelana",444,"direct",1,NA,10334,"Cyanoptila cyanomelana","Cyanoptila cyanomelana"
"371","Delichon dasypus",445,"direct",1,NA,6225,"Delichon dasypus","Delichon dasypus"
"372","Egretta sacra",448,"direct",1,NA,3243,"Egretta sacra","Egretta sacra"
"373","Emberiza cioides",449,"direct",1,NA,7680,"Emberiza cioides","Emberiza cioides"
"374","Emberiza fucata",450,"direct",1,NA,7690,"Emberiza fucata","Emberiza fucata"
"375","Emberiza spodocephala",451,"direct",1,NA,10393,"Emberiza spodocephala","Emberiza spodocephala"
"376","Emberiza sulphurata",452,"direct",1,NA,7703,"Emberiza sulphurata","Emberiza sulphurata"
"377","Emberiza variabilis",453,"direct",1,NA,7704,"Emberiza variabilis","Emberiza variabilis"
"378","Emberiza yessoensis",454,"direct",1,NA,7707,"Emberiza yessoensis","Emberiza yessoensis"
"379","Eophona personata",455,"direct",1,NA,7637,"Eophona personata","Eophona personata"
"380","Eurystomus orientalis",456,"direct",1,NA,905,"Eurystomus orientalis","Eurystomus orientalis"
"381","Ficedula narcissina",457,"direct",1,NA,10400,"Ficedula narcissina","Ficedula narcissina"
"382","Gallinago hardwickii",458,"direct",1,NA,2590,"Gallinago hardwickii","Gallinago hardwickii"
"383","Garrulax canorus",460,"direct",1,NA,9437,"Garrulax canorus","Garrulax canorus"
"384","Garrulus lidthi",461,"direct",1,NA,5016,"Garrulus lidthi","Garrulus lidthi"
"385","Glareola maldivarum",462,"direct",1,NA,2776,"Glareola maldivarum","Glareola maldivarum"
"386","Gorsachius goisagi",463,"direct",1,NA,3269,"Gorsachius goisagi","Gorsachius goisagi"
"387","Grus japonensis",464,"direct",1,NA,2418,"Grus japonensis","Grus japonensis"
"388","Halcyon coromanda",465,"direct",1,NA,950,"Halcyon coromanda","Halcyon coromanda"
"389","Hierococcyx hyperythrus",466,"direct",1,NA,9303,"Hierococcyx hyperythrus","Hierococcyx hyperythrus"
"390","Hirundapus caudacutus",467,"direct",1,NA,1512,"Hirundapus caudacutus","Hirundapus caudacutus"
"391","Hirundo tahitica",469,"direct",1,NA,10994,"Hirundo tahitica","Hirundo tahitica"
"392","Histrionicus histrionicus",470,"direct",1,NA,445,"Histrionicus histrionicus","Histrionicus histrionicus"
"393","Hypsipetes amaurotis",471,"direct",1,"Ixos amaurotis",6330,"Hypsipetes amaurotis","Hypsipetes amaurotis"
"394","Ixobrychus cinnamomeus",472,"direct",1,NA,3283,"Ixobrychus cinnamomeus","Ixobrychus cinnamomeus"
"395","Ixobrychus sinensis",473,"direct",1,NA,3279,"Ixobrychus sinensis","Ixobrychus sinensis"
"396","Lagopus muta",474,"direct",1,"Lagopus mutus",257,"Lagopus muta","Lagopus muta"
"397","Lanius bucephalus",475,"direct",1,NA,4845,"Lanius bucephalus","Lanius bucephalus"
"398","Lanius cristatus",476,"direct",1,NA,4847,"Lanius cristatus","Lanius cristatus"
"399","Lanius tigrinus",477,"direct",1,NA,4844,"Lanius tigrinus","Lanius tigrinus"
"400","Larus crassirostris",478,"direct",1,NA,2796,"Larus crassirostris","Larus crassirostris"
"401","Larus schistisagus",479,"direct",1,NA,2812,"Larus schistisagus","Larus schistisagus"
"402","Leiothrix lutea",480,"direct",1,NA,6881,"Leiothrix lutea","Leiothrix lutea"
"403","Locustella lanceolata",482,"direct",1,NA,6568,"Locustella lanceolata","Locustella lanceolata"
"404","Lonchura punctulata",486,"direct",1,NA,7484,"Lonchura punctulata","Lonchura punctulata"
"405","Megaceryle lugubris",491,"direct",1,NA,996,"Megaceryle lugubris","Megaceryle lugubris"
"406","Monticola solitarius",492,"direct",1,NA,5496,"Monticola solitarius","Monticola solitarius"
"407","Motacilla grandis",493,"direct",1,NA,7220,"Motacilla grandis","Motacilla grandis"
"408","Muscicapa dauurica",494,"direct",1,NA,5656,"Muscicapa dauurica","Muscicapa dauurica"
"409","Muscicapa sibirica",495,"direct",1,NA,5655,"Muscicapa sibirica","Muscicapa sibirica"
"410","Ninox scutulata",496,"direct",1,NA,8543,"Ninox scutulata","Ninox scutulata"
"411","Nisaetus nipalensis",497,"direct",1,NA,3096,"Nisaetus nipalensis","Nisaetus nipalensis"
"412","Otus elegans",498,"direct",1,NA,1882,"Otus elegans","Otus elegans"
"413","Otus lempiji",499,"direct",1,NA,9805,"Otus lempiji","Otus lempiji"
"414","Otus sunia",500,"direct",1,NA,8971,"Otus sunia","Otus sunia"
"415","Pericrocotus divaricatus",503,"direct",1,NA,5229,"Pericrocotus divaricatus","Pericrocotus divaricatus"
"416","Periparus ater",504,"direct",1,"Parus ater",9552,"Periparus ater","Periparus ater"
"417","Pernis ptilorhynchus",505,"direct",1,"Pernis ptilorynchus",2911,"Pernis ptilorhynchus","Pernis ptilorhynchus"
"418","Phalacrocorax capillatus",506,"direct",1,NA,3217,"Phalacrocorax capillatus","Phalacrocorax capillatus"
"419","Phoenicurus auroreus",508,"direct",1,NA,5796,"Phoenicurus auroreus","Phoenicurus auroreus"
"420","Phylloscopus borealoides",509,"direct",1,NA,6682,"Phylloscopus borealoides","Phylloscopus borealoides"
"421","Phylloscopus coronatus",510,"direct",1,NA,6686,"Phylloscopus coronatus","Phylloscopus coronatus"
"422","Phylloscopus ijimae",511,"direct",1,NA,6687,"Phylloscopus ijimae","Phylloscopus ijimae"
"423","Phylloscopus xanthodryas",512,"direct",1,NA,9514,"Phylloscopus xanthodryas","Phylloscopus xanthodryas"
"424","Picus awokera",513,"direct",1,NA,654,"Picus awokera","Picus awokera"
"425","Pinicola enucleator",514,"direct",1,NA,7622,"Pinicola enucleator","Pinicola enucleator"
"426","Pitta nympha",515,"direct",1,NA,3517,"Pitta nympha","Pitta nympha"
"427","Poecile montanus",516,"direct",1,"Parus montanus",11066,"Poecile montanus","Poecile montanus"
"428","Poecile palustris",517,"direct",1,"Parus palustris",9555,"Poecile palustris","Poecile palustris"
"429","Prunella rubida",520,"direct",1,NA,7282,"Prunella rubida","Prunella rubida"
"430","Pycnonotus sinensis",521,"direct",1,NA,6247,"Pycnonotus sinensis","Pycnonotus sinensis"
"431","Rallina eurizonoides",522,"direct",1,NA,2450,"Rallina eurizonoides","Rallina eurizonoides"
"432","Rostratula benghalensis",523,"direct",1,NA,9535,"Rostratula benghalensis","Rostratula benghalensis"
"433","Saxicola torquatus",525,"direct",1,"Saxicola torquata",5822,"Saxicola torquatus","Saxicola torquatus"
"434","Spilornis cheela",526,"direct",1,NA,2959,"Spilornis cheela","Spilornis cheela"
"435","Spodiopsar cineraceus",527,"direct",1,"Sturnus cineraceus",5947,"Spodiopsar cineraceus","Spodiopsar cineraceus"
"436","Sterna sumatrana",529,"direct",1,NA,2847,"Sterna sumatrana","Sterna sumatrana"
"437","Streptopelia orientalis",530,"direct",1,NA,2160,"Streptopelia orientalis","Streptopelia orientalis"
"438","Sula leucogaster",531,"direct",1,NA,3196,"Sula leucogaster","Sula leucogaster"
"439","Syrmaticus soemmerringii",532,"direct",1,"Syrmaticus soemmerringi",242,"Syrmaticus soemmerringii","Syrmaticus soemmerringii"
"440","Tarsiger cyanurus",533,"direct",1,NA,11007,"Tarsiger cyanurus","Tarsiger cyanurus"
"441","Terpsiphone atrocaudata",534,"direct",1,NA,5310,"Terpsiphone atrocaudata","Terpsiphone atrocaudata"
"442","Tetrastes bonasia",535,"direct",1,NA,263,"Tetrastes bonasia","Tetrastes bonasia"
"443","Treron formosae",536,"direct",1,NA,8771,"Treron formosae","Treron formosae"
"444","Treron sieboldii",537,"direct",1,NA,2292,"Treron sieboldii","Treron sieboldii"
"445","Turdus cardis",538,"direct",1,NA,5574,"Turdus cardis","Turdus cardis"
"446","Turdus celaenops",539,"direct",1,NA,5584,"Turdus celaenops","Turdus celaenops"
"447","Turdus chrysolaus",540,"direct",1,NA,5583,"Turdus chrysolaus","Turdus chrysolaus"
"448","Turdus pallidus",541,"direct",1,NA,5582,"Turdus pallidus","Turdus pallidus"
"449","Turnix suscitator",542,"direct",1,NA,462,"Turnix suscitator","Turnix suscitator"
"450","Urosphena squameiceps",544,"direct",1,NA,6529,"Urosphena squameiceps","Urosphena squameiceps"
"451","Vanellus cinereus",545,"direct",1,NA,2753,"Vanellus cinereus","Vanellus cinereus"
"452","Zoothera dauma",546,"direct",1,NA,11094,"Zoothera dauma","Zoothera dauma"
"453","Zosterops japonicus",548,"direct",1,NA,11070,"Zosterops japonicus","Zosterops japonicus"
"454","Acanthis flammea",549,"direct",1,"Carduelis flammea",8483,"Acanthis flammea","Acanthis flammea"
"455","Accipiter brevipes",550,"direct",1,NA,2990,"Accipiter brevipes","Accipiter brevipes"
"456","Acridotheres cristatellus",551,"direct",1,NA,5956,"Acridotheres cristatellus","Acridotheres cristatellus"
"457","Acrocephalus agricola",552,"direct",1,NA,6580,"Acrocephalus agricola","Acrocephalus agricola"
"458","Acrocephalus dumetorum",553,"direct",1,NA,6583,"Acrocephalus dumetorum","Acrocephalus dumetorum"
"459","Acrocephalus melanopogon",554,"direct",1,NA,6575,"Acrocephalus melanopogon","Acrocephalus melanopogon"
"460","Acrocephalus paludicola",555,"direct",1,NA,6576,"Acrocephalus paludicola","Acrocephalus paludicola"
"461","Aegypius monachus",556,"direct",1,NA,2951,"Aegypius monachus","Aegypius monachus"
"462","Alauda leucoptera",557,"direct",1,"Melanocorypha leucoptera",7014,"Alauda leucoptera","Alauda leucoptera"
"463","Alaudala rufescens",558,"direct",1,"Alaudala cheleensis",11150,"Alaudala rufescens","Alaudala rufescens"
"464","Alca torda",559,"direct",1,NA,2881,"Alca torda","Alca torda"
"465","Alectoris barbara",560,"direct",1,NA,130,"Alectoris barbara","Alectoris barbara"
"466","Alectoris chukar",561,"direct",1,NA,127,"Alectoris chukar","Alectoris chukar"
"467","Alectoris graeca",562,"direct",1,NA,126,"Alectoris graeca","Alectoris graeca"
"468","Alectoris rufa",563,"direct",1,NA,131,"Alectoris rufa","Alectoris rufa"
"469","Alle alle",564,"direct",1,NA,2878,"Alle alle","Alle alle"
"470","Alopochen aegyptiaca",565,"direct",1,"Alopochen aegyptiacus",356,"Alopochen aegyptiaca","Alopochen aegyptiaca"
"471","Amandava amandava",566,"direct",1,NA,7446,"Amandava amandava","Amandava amandava"
"472","Anser albifrons",567,"direct",1,NA,336,"Anser albifrons","Anser albifrons"
"473","Anser brachyrhynchus",568,"direct",1,NA,334,"Anser brachyrhynchus","Anser brachyrhynchus"
"474","Anser erythropus",569,"direct",1,NA,337,"Anser erythropus","Anser erythropus"
"475","Anser fabalis",570,"direct",1,NA,335,"Anser fabalis","Anser fabalis"
"476","Anthropoides virgo",571,"direct",1,"Anthropoides virgo; Grus virgo",2411,"Anthropoides virgo","Anthropoides virgo"
"477","Anthus berthelotii",572,"direct",1,NA,7249,"Anthus berthelotii","Anthus berthelotii"
"478","Anthus cervinus",573,"direct",1,NA,7257,"Anthus cervinus","Anthus cervinus"
"479","Anthus petrosus",574,"direct",1,NA,7259,"Anthus petrosus","Anthus petrosus"
"480","Apus caffer",575,"direct",1,NA,1548,"Apus caffer","Apus caffer"
"481","Apus pallidus",576,"direct",1,NA,1538,"Apus pallidus","Apus pallidus"
"482","Apus unicolor",577,"direct",1,NA,1536,"Apus unicolor","Apus unicolor"
"483","Aquila adalberti",578,"direct",1,NA,3080,"Aquila adalberti","Aquila adalberti"
"484","Aquila fasciata",579,"direct",1,"Hieraaetus fasciatus",3087,"Aquila fasciata","Aquila fasciata"
"485","Aquila heliaca",580,"direct",1,NA,3081,"Aquila heliaca","Aquila heliaca"
"486","Aquila nipalensis",581,"direct",1,NA,3079,"Aquila nipalensis","Aquila nipalensis"
"487","Ardeola ralloides",582,"direct",1,NA,3257,"Ardeola ralloides","Ardeola ralloides"
"488","Arenaria interpres",583,"direct",1,NA,2636,"Arenaria interpres","Arenaria interpres"
"489","Aythya marila",584,"direct",1,NA,438,"Aythya marila","Aythya marila"
"490","Bombycilla garrulus",585,"direct",1,NA,5475,"Bombycilla garrulus","Bombycilla garrulus"
"491","Branta bernicla",586,"direct",1,NA,346,"Branta bernicla","Branta bernicla"
"492","Branta leucopsis",587,"direct",1,NA,345,"Branta leucopsis","Branta leucopsis"
"493","Bubo scandiacus",588,"direct",1,NA,1928,"Bubo scandiacus","Bubo scandiacus"
"494","Bucanetes githagineus",589,"direct",1,"Rhodopechys githaginea",7601,"Bucanetes githagineus","Bucanetes githagineus"
"495","Bucanetes mongolicus",590,"direct",1,"Bucanetes mongolicus; Rhodopechys mongolica; Eremopsaltria mongolica",7602,"Bucanetes mongolicus","Bucanetes mongolicus"
"496","Bucephala islandica",591,"direct",1,NA,449,"Bucephala islandica","Bucephala islandica"
"497","Bulweria bulwerii",592,"direct",1,NA,3435,"Bulweria bulwerii","Bulweria bulwerii"
"498","Burhinus oedicnemus",593,"direct",1,NA,9651,"Burhinus oedicnemus","Burhinus oedicnemus"
"499","Buteo lagopus",594,"direct",1,NA,3068,"Buteo lagopus","Buteo lagopus"
"500","Buteo rufinus",595,"direct",1,NA,9635,"Buteo rufinus","Buteo rufinus"
"501","Calandrella brachydactyla",596,"direct",1,NA,10381,"Calandrella brachydactyla","Calandrella brachydactyla"
"502","Calcarius lapponicus",597,"direct",1,NA,7710,"Calcarius lapponicus","Calcarius lapponicus"
"503","Calidris alba",598,"direct",1,NA,2644,"Calidris alba","Calidris alba"
"504","Calidris alpina",599,"direct",1,NA,2658,"Calidris alpina","Calidris alpina"
"505","Calidris canutus",600,"direct",1,NA,2643,"Calidris canutus","Calidris canutus"
"506","Calidris falcinellus",601,"direct",1,"Limicola falcinellus",2663,"Calidris falcinellus","Calidris falcinellus"
"507","Calidris maritima",602,"direct",1,NA,2656,"Calidris maritima","Calidris maritima"
"508","Calidris melanotos",603,"direct",1,NA,2654,"Calidris melanotos","Calidris melanotos"
"509","Calidris minuta",604,"direct",1,NA,2647,"Calidris minuta","Calidris minuta"
"510","Calidris pugnax",605,"direct",1,"Philomachus pugnax",2664,"Calidris pugnax","Calidris pugnax"
"511","Calidris temminckii",606,"direct",1,NA,2649,"Calidris temminckii","Calidris temminckii"
"512","Calliope calliope",607,"direct",1,"Luscinia calliope",5743,"Calliope calliope","Calliope calliope"
"513","Callipepla californica",608,"direct",1,"Lophortyx californica",283,"Callipepla californica","Callipepla californica"
"514","Calonectris borealis",609,"direct",1,NA,9170,"Calonectris borealis","Calonectris borealis"
"515","Calonectris diomedea",610,"direct",1,NA,9643,"Calonectris diomedea","Calonectris diomedea"
"516","Caprimulgus ruficollis",611,"direct",1,NA,2068,"Caprimulgus ruficollis","Caprimulgus ruficollis"
"517","Carduelis citrinella",612,"direct",1,"Serinus citrinella",7530,"Carduelis citrinella","Carduelis citrinella"
"518","Carduelis corsicana",613,"direct",1,"Serinus corsicanus; Serinus corsicana",9050,"Carduelis corsicana","Carduelis corsicana"
"519","Carpodacus rubicilla",614,"direct",1,NA,7618,"Carpodacus rubicilla","Carpodacus rubicilla"
"520","Catharacta skua",615,"direct",1,"Stercorarius skua",2783,"Catharacta skua","Catharacta skua"
"521","Cecropis daurica",616,"direct",1,NA,10612,"Cecropis daurica","Cecropis daurica"
"522","Cepphus grylle",617,"direct",1,NA,2883,"Cepphus grylle","Cepphus grylle"
"523","Cercotrichas galactotes",618,"direct",1,"Cercotrichas galactotes; Erythropygia galactotes",5779,"Cercotrichas galactotes","Cercotrichas galactotes"
"524","Cettia cetti",619,"direct",1,NA,6541,"Cettia cetti","Cettia cetti"
"525","Charadrius asiaticus",620,"direct",1,NA,2730,"Charadrius asiaticus","Charadrius asiaticus"
"526","Charadrius hiaticula",621,"direct",1,NA,2708,"Charadrius hiaticula","Charadrius hiaticula"
"527","Charadrius leschenaultii",622,"direct",1,NA,2729,"Charadrius leschenaultii","Charadrius leschenaultii"
"528","Chersophilus duponti",623,"direct",1,NA,7025,"Chersophilus duponti","Chersophilus duponti"
"529","Chlidonias hybrida",624,"direct",1,"Chlidonias hybridus",2869,"Chlidonias hybrida","Chlidonias hybrida"
"530","Chlidonias leucopterus",625,"direct",1,NA,2870,"Chlidonias leucopterus","Chlidonias leucopterus"
"531","Chloris chloris",626,"direct",1,"Chloris chloris; Carduelis chloris",7566,"Chloris chloris","Chloris chloris"
"532","Chrysolophus amherstiae",627,"direct",1,NA,245,"Chrysolophus amherstiae","Chrysolophus amherstiae"
"533","Chrysolophus pictus",628,"direct",1,NA,244,"Chrysolophus pictus","Chrysolophus pictus"
"534","Circaetus gallicus",629,"direct",1,NA,9325,"Circaetus gallicus","Circaetus gallicus"
"535","Circus macrourus",630,"direct",1,NA,2974,"Circus macrourus","Circus macrourus"
"536","Clamator glandarius",631,"direct",1,NA,1035,"Clamator glandarius","Clamator glandarius"
"537","Clanga clanga",632,"direct",1,"Aquila clanga",3077,"Clanga clanga","Clanga clanga"
"538","Clanga pomarina",633,"direct",1,"Aquila pomarina",3076,"Clanga pomarina","Clanga pomarina"
"539","Clangula hyemalis",634,"direct",1,NA,446,"Clangula hyemalis","Clangula hyemalis"
"540","Columba trocaz",635,"direct",1,NA,2114,"Columba trocaz","Columba trocaz"
"541","Coracias garrulus",636,"direct",1,NA,896,"Coracias garrulus","Coracias garrulus"
"542","Cuculus saturatus",637,"direct",1,"Cuculus optatus",9405,"Cuculus saturatus","Cuculus saturatus"
"543","Cyanistes caeruleus",639,"direct",1,NA,10352,"Cyanistes caeruleus","Cyanistes caeruleus"
"544","Cyanistes cyanus",640,"direct",1,"Parus cyanus",9553,"Cyanistes cyanus","Cyanistes cyanus"
"545","Cyanistes teneriffae",641,"direct",1,NA,10353,"Cyanistes teneriffae","Cyanistes teneriffae"
"546","Cyanopica cooki",642,"direct",1,NA,9177,"Cyanopica cooki","Cyanopica cooki"
"547","Cygnus columbianus",643,"direct",1,NA,331,"Cygnus columbianus","Cygnus columbianus"
"548","Cygnus cygnus",644,"direct",1,NA,329,"Cygnus cygnus","Cygnus cygnus"
"549","Delichon urbicum",645,"direct",1,NA,10602,"Delichon urbicum","Delichon urbicum"
"550","Dryobates minor",646,"direct",1,"Dendrocopos minor",575,"Dryobates minor","Dryobates minor"
"551","Elanus caeruleus",647,"direct",1,NA,2917,"Elanus caeruleus","Elanus caeruleus"
"552","Emberiza aureola",648,"direct",1,NA,7695,"Emberiza aureola","Emberiza aureola"
"553","Emberiza bruniceps",649,"direct",1,NA,7702,"Emberiza bruniceps","Emberiza bruniceps"
"554","Emberiza caesia",650,"direct",1,NA,7685,"Emberiza caesia","Emberiza caesia"
"555","Emberiza calandra",651,"direct",1,"Emberiza calandra; Miliaria calandra",7708,"Emberiza calandra","Emberiza calandra"
"556","Emberiza cia",652,"direct",1,NA,7678,"Emberiza cia","Emberiza cia"
"557","Emberiza cineracea",653,"direct",1,NA,7683,"Emberiza cineracea","Emberiza cineracea"
"558","Emberiza cirlus",654,"direct",1,NA,7676,"Emberiza cirlus","Emberiza cirlus"
"559","Emberiza melanocephala",655,"direct",1,NA,7701,"Emberiza melanocephala","Emberiza melanocephala"
"560","Emberiza pallasi",656,"direct",1,NA,7705,"Emberiza pallasi","Emberiza pallasi"
"561","Emberiza pusilla",657,"direct",1,NA,7691,"Emberiza pusilla","Emberiza pusilla"
"562","Emberiza rustica",658,"direct",1,NA,7693,"Emberiza rustica","Emberiza rustica"
"563","Estrilda astrild",659,"direct",1,NA,7441,"Estrilda astrild","Estrilda astrild"
"564","Estrilda melpoda",660,"direct",1,NA,7437,"Estrilda melpoda","Estrilda melpoda"
"565","Eudromias morinellus",661,"direct",1,"Charadrius morinellus",2737,"Eudromias morinellus","Eudromias morinellus"
"566","Falco biarmicus",662,"direct",1,NA,3158,"Falco biarmicus","Falco biarmicus"
"567","Falco columbarius",663,"direct",1,NA,3149,"Falco columbarius","Falco columbarius"
"568","Falco eleonorae",664,"direct",1,NA,3146,"Falco eleonorae","Falco eleonorae"
"569","Falco naumanni",665,"direct",1,NA,3131,"Falco naumanni","Falco naumanni"
"570","Falco rusticolus",666,"direct",1,NA,3161,"Falco rusticolus","Falco rusticolus"
"571","Falco vespertinus",667,"direct",1,NA,3144,"Falco vespertinus","Falco vespertinus"
"572","Ficedula semitorquata",668,"direct",1,NA,5680,"Ficedula semitorquata","Ficedula semitorquata"
"573","Francolinus francolinus",669,"direct",1,NA,133,"Francolinus francolinus","Francolinus francolinus"
"574","Fratercula arctica",670,"direct",1,NA,2897,"Fratercula arctica","Fratercula arctica"
"575","Fringilla montifringilla",671,"direct",1,NA,7525,"Fringilla montifringilla","Fringilla montifringilla"
"576","Fulica cristata",672,"direct",1,NA,2550,"Fulica cristata","Fulica cristata"
"577","Fulmarus glacialis",673,"direct",1,NA,3390,"Fulmarus glacialis","Fulmarus glacialis"
"578","Galerida theklae",674,"direct",1,NA,7027,"Galerida theklae","Galerida theklae"
"579","Gallinago media",675,"direct",1,NA,2594,"Gallinago media","Gallinago media"
"580","Gallinago stenura",676,"direct",1,NA,2592,"Gallinago stenura","Gallinago stenura"
"581","Gavia arctica",677,"direct",1,NA,3384,"Gavia arctica","Gavia arctica"
"582","Gavia stellata",678,"direct",1,NA,3383,"Gavia stellata","Gavia stellata"
"583","Glareola nordmanni",679,"direct",1,NA,2777,"Glareola nordmanni","Glareola nordmanni"
"584","Glareola pratincola",680,"direct",1,NA,2775,"Glareola pratincola","Glareola pratincola"
"585","Gulosus aristotelis",681,"direct",1,"Phalacrocorax aristotelis",3230,"Gulosus aristotelis","Gulosus aristotelis"
"586","Gypaetus barbatus",682,"direct",1,NA,2942,"Gypaetus barbatus","Gypaetus barbatus"
"587","Gyps fulvus",683,"direct",1,NA,2949,"Gyps fulvus","Gyps fulvus"
"588","Haematopus ostralegus",684,"direct",1,NA,2687,"Haematopus ostralegus","Haematopus ostralegus"
"589","Hieraaetus pennatus",685,"direct",1,NA,3089,"Hieraaetus pennatus","Hieraaetus pennatus"
"590","Hippolais olivetorum",686,"direct",1,NA,6605,"Hippolais olivetorum","Hippolais olivetorum"
"591","Hippolais polyglotta",687,"direct",1,NA,6606,"Hippolais polyglotta","Hippolais polyglotta"
"592","Hydrobates castro",688,"direct",1,"Oceanodroma castro",11029,"Hydrobates castro","Hydrobates castro"
"593","Hydrobates leucorhous",689,"direct",1,"Oceanodroma leucorhoa",11031,"Hydrobates leucorhous","Hydrobates leucorhous"
"594","Hydrobates pelagicus",690,"direct",1,NA,3482,"Hydrobates pelagicus","Hydrobates pelagicus"
"595","Hydrocoloeus minutus",691,"direct",1,"Larus minutus",2830,"Hydrocoloeus minutus","Hydrocoloeus minutus"
"596","Hydroprogne caspia",692,"direct",1,"Hydroprogne caspia; Sterna caspia",2837,"Hydroprogne caspia","Hydroprogne caspia"
"597","Iduna caligata",693,"direct",1,"Hippolais caligata",6602,"Iduna caligata","Iduna caligata"
"598","Iduna opaca",694,"direct",1,"Hippolais opaca",9310,"Iduna opaca","Iduna opaca"
"599","Iduna pallida",695,"direct",1,"Hippolais pallida",9410,"Iduna pallida","Iduna pallida"
"600","Lagopus lagopus",696,"direct",1,NA,256,"Lagopus lagopus","Lagopus lagopus"
"601","Lanius meridionalis",697,"direct",1,NA,9049,"Lanius meridionalis","Lanius meridionalis"
"602","Lanius minor",698,"direct",1,NA,4855,"Lanius minor","Lanius minor"
"603","Lanius nubicus",699,"direct",1,NA,4864,"Lanius nubicus","Lanius nubicus"
"604","Lanius senator",700,"direct",1,NA,4863,"Lanius senator","Lanius senator"
"605","Larus armenicus",701,"direct",1,NA,2811,"Larus armenicus","Larus armenicus"
"606","Larus audouinii",702,"direct",1,NA,2802,"Larus audouinii","Larus audouinii"
"607","Larus fuscus",703,"direct",1,NA,2813,"Larus fuscus","Larus fuscus"
"608","Larus genei",704,"direct",1,NA,2821,"Larus genei","Larus genei"
"609","Larus hyperboreus",705,"direct",1,NA,2810,"Larus hyperboreus","Larus hyperboreus"
"610","Larus ichthyaetus",706,"direct",1,NA,2814,"Larus ichthyaetus","Larus ichthyaetus"
"611","Larus michahellis",707,"direct",1,NA,9826,"Larus michahellis","Larus michahellis"
"612","Leiopicus medius",708,"direct",1,"Dendrocopos medius",582,"Leiopicus medius","Leiopicus medius"
"613","Limosa lapponica",709,"direct",1,NA,2608,"Limosa lapponica","Limosa lapponica"
"614","Linaria cannabina",710,"direct",1,"Acanthis cannabina; Carduelis cannabina",7591,"Linaria cannabina","Linaria cannabina"
"615","Linaria flavirostris",711,"direct",1,"Carduelis flavirostris",7590,"Linaria flavirostris","Linaria flavirostris"
"616","Lophophanes cristatus",712,"direct",1,"Parus cristatus",6131,"Lophophanes cristatus","Lophophanes cristatus"
"617","Loxia pytyopsittacus",713,"direct",1,NA,7625,"Loxia pytyopsittacus","Loxia pytyopsittacus"
"618","Loxia scotica",714,"direct",1,NA,7626,"Loxia scotica","Loxia scotica"
"619","Lymnocryptes minimus",715,"direct",1,NA,2604,"Lymnocryptes minimus","Lymnocryptes minimus"
"620","Lyrurus mlokosiewiczi",716,"direct",1,"Tetrao mlokosiewiczi",260,"Lyrurus mlokosiewiczi","Lyrurus mlokosiewiczi"
"621","Lyrurus tetrix",717,"direct",1,"Tetrao tetrix",259,"Lyrurus tetrix","Lyrurus tetrix"
"622","Mareca penelope",718,"direct",1,"Anas penelope",388,"Mareca penelope","Mareca penelope"
"623","Mareca strepera",719,"direct",1,"Anas strepera",386,"Mareca strepera","Mareca strepera"
"624","Marmaronetta angustirostris",720,"direct",1,NA,423,"Marmaronetta angustirostris","Marmaronetta angustirostris"
"625","Melanitta fusca",721,"direct",1,"Melanitta fusca",8460,"Melanitta fusca","Melanitta fusca"
"626","Melanitta nigra",722,"direct",1,NA,8464,"Melanitta nigra","Melanitta nigra"
"627","Melanocorypha calandra",723,"direct",1,NA,7010,"Melanocorypha calandra","Melanocorypha calandra"
"628","Mergellus albellus",724,"direct",1,"Mergus albellus",451,"Mergellus albellus","Mergellus albellus"
"629","Merops persicus",725,"direct",1,NA,1017,"Merops persicus","Merops persicus"
"630","Microcarbo pygmaeus",726,"direct",1,"Phalacrocorax pygmaeus; Halietor pygmeus",3203,"Microcarbo pygmaeus","Microcarbo pygmaeus"
"631","Monticola saxatilis",727,"direct",1,NA,5491,"Monticola saxatilis","Monticola saxatilis"
"632","Montifringilla nivalis",728,"direct",1,NA,10672,"Montifringilla nivalis","Montifringilla nivalis"
"633","Morus bassanus",729,"direct",1,"Sula bassana",3190,"Morus bassanus","Morus bassanus"
"634","Motacilla citreola",730,"direct",1,NA,7225,"Motacilla citreola","Motacilla citreola"
"635","Neophron percnopterus",731,"direct",1,NA,2943,"Neophron percnopterus","Neophron percnopterus"
"636","Numenius phaeopus",732,"direct",1,NA,2612,"Numenius phaeopus","Numenius phaeopus"
"637","Oenanthe deserti",733,"direct",1,NA,5844,"Oenanthe deserti","Oenanthe deserti"
"638","Oenanthe finschii",734,"direct",1,NA,5838,"Oenanthe finschii","Oenanthe finschii"
"639","Oenanthe hispanica",735,"direct",1,NA,5841,"Oenanthe hispanica","Oenanthe hispanica"
"640","Oenanthe isabellina",736,"direct",1,NA,5846,"Oenanthe isabellina","Oenanthe isabellina"
"641","Oenanthe leucura",737,"direct",1,NA,5833,"Oenanthe leucura","Oenanthe leucura"
"642","Oenanthe pleschanka",738,"direct",1,NA,5842,"Oenanthe pleschanka","Oenanthe pleschanka"
"643","Onychoprion fuscatus",739,"direct",1,"Onychoprion fuscatus; Sterna fuscata",2867,"Onychoprion fuscatus","Onychoprion fuscatus"
"644","Otis tarda",740,"direct",1,NA,2381,"Otis tarda","Otis tarda"
"645","Oxyura leucocephala",741,"direct",1,NA,319,"Oxyura leucocephala","Oxyura leucocephala"
"646","Pagophila eburnea",742,"direct",1,NA,2831,"Pagophila eburnea","Pagophila eburnea"
"647","Passer hispaniolensis",743,"direct",1,NA,7188,"Passer hispaniolensis","Passer hispaniolensis"
"648","Passer italiae",744,"direct",1,NA,10666,"Passer italiae","Passer italiae"
"649","Pastor roseus",745,"direct",1,"Sturnus roseus",5944,"Pastor roseus","Pastor roseus"
"650","Pelagodroma marina",746,"direct",1,NA,3478,"Pelagodroma marina","Pelagodroma marina"
"651","Pelecanus crispus",747,"direct",1,NA,3332,"Pelecanus crispus","Pelecanus crispus"
"652","Pelecanus onocrotalus",748,"direct",1,NA,3330,"Pelecanus onocrotalus","Pelecanus onocrotalus"
"653","Perisoreus infaustus",749,"direct",1,NA,5017,"Perisoreus infaustus","Perisoreus infaustus"
"654","Petronia petronia",750,"direct",1,NA,7210,"Petronia petronia","Petronia petronia"
"655","Phalaropus fulicarius",751,"direct",1,"Phalaropus fulicaria",2667,"Phalaropus fulicarius","Phalaropus fulicarius"
"656","Phalaropus lobatus",752,"direct",1,NA,2666,"Phalaropus lobatus","Phalaropus lobatus"
"657","Phoenicopterus roseus",753,"direct",1,NA,3291,"Phoenicopterus roseus","Phoenicopterus roseus"
"658","Phylloscopus bonelli",754,"direct",1,NA,6668,"Phylloscopus bonelli","Phylloscopus bonelli"
"659","Phylloscopus borealis",755,"direct",1,NA,10776,"Phylloscopus borealis","Phylloscopus borealis"
"660","Phylloscopus ibericus",756,"direct",1,"Phylloscopus brehmii",9047,"Phylloscopus ibericus","Phylloscopus ibericus"
"661","Phylloscopus inornatus",757,"direct",1,NA,6680,"Phylloscopus inornatus","Phylloscopus inornatus"
"662","Phylloscopus nitidus",758,"direct",1,NA,9119,"Phylloscopus nitidus","Phylloscopus nitidus"
"663","Phylloscopus orientalis",759,"direct",1,NA,9045,"Phylloscopus orientalis","Phylloscopus orientalis"
"664","Phylloscopus sindianus",760,"direct",1,NA,8966,"Phylloscopus sindianus","Phylloscopus sindianus"
"665","Picus sharpei",761,"direct",1,NA,8480,"Picus sharpei","Picus sharpei"
"666","Plectrophenax nivalis",762,"direct",1,NA,7713,"Plectrophenax nivalis","Plectrophenax nivalis"
"667","Pluvialis apricaria",763,"direct",1,NA,2704,"Pluvialis apricaria","Pluvialis apricaria"
"668","Pluvialis squatarola",764,"direct",1,NA,2707,"Pluvialis squatarola","Pluvialis squatarola"
"669","Podiceps auritus",765,"direct",1,NA,3179,"Podiceps auritus","Podiceps auritus"
"670","Poecile cinctus",766,"direct",1,"Poecile cincta; Parus cinctus",6123,"Poecile cinctus","Poecile cinctus"
"671","Poecile lugubris",767,"direct",1,NA,10346,"Poecile lugubris","Poecile lugubris"
"672","Polysticta stelleri",768,"direct",1,NA,443,"Polysticta stelleri","Polysticta stelleri"
"673","Porphyrio porphyrio",769,"direct",1,NA,2536,"Porphyrio porphyrio","Porphyrio porphyrio"
"674","Prunella atrogularis",770,"direct",1,NA,7279,"Prunella atrogularis","Prunella atrogularis"
"675","Prunella montanella",771,"direct",1,NA,7277,"Prunella montanella","Prunella montanella"
"676","Pterocles alchata",773,"direct",1,NA,2564,"Pterocles alchata","Pterocles alchata"
"677","Pterocles orientalis",774,"direct",1,NA,2569,"Pterocles orientalis","Pterocles orientalis"
"678","Pterodroma deserta",775,"direct",1,NA,9577,"Pterodroma deserta","Pterodroma deserta"
"679","Pterodroma madeira",776,"direct",1,NA,3423,"Pterodroma madeira","Pterodroma madeira"
"680","Ptyonoprogne rupestris",777,"direct",1,"Ptyonoprogne rupestris; Hirundo rupestris",6193,"Ptyonoprogne rupestris","Ptyonoprogne rupestris"
"681","Puffinus lherminieri",778,"direct",1,NA,9717,"Puffinus lherminieri","Puffinus lherminieri"
"682","Puffinus mauretanicus",779,"direct",1,NA,8888,"Puffinus mauretanicus","Puffinus mauretanicus"
"683","Puffinus puffinus",780,"direct",1,NA,3450,"Puffinus puffinus","Puffinus puffinus"
"684","Puffinus yelkouan",781,"direct",1,NA,3451,"Puffinus yelkouan","Puffinus yelkouan"
"685","Pyrrhocorax graculus",782,"direct",1,NA,5043,"Pyrrhocorax graculus","Pyrrhocorax graculus"
"686","Pyrrhocorax pyrrhocorax",783,"direct",1,NA,5042,"Pyrrhocorax pyrrhocorax","Pyrrhocorax pyrrhocorax"
"687","Pyrrhula murina",784,"direct",1,NA,7634,"Pyrrhula murina","Pyrrhula murina"
"688","Regulus ignicapilla",785,"direct",1,NA,9427,"Regulus ignicapilla","Regulus ignicapilla"
"689","Regulus madeirensis",786,"direct",1,NA,9344,"Regulus madeirensis","Regulus madeirensis"
"690","Rissa tridactyla",787,"direct",1,NA,2835,"Rissa tridactyla","Rissa tridactyla"
"691","Serinus canaria",788,"direct",1,NA,7529,"Serinus canaria","Serinus canaria"
"692","Serinus pusillus",789,"direct",1,NA,7526,"Serinus pusillus","Serinus pusillus"
"693","Sitta krueperi",790,"direct",1,NA,6011,"Sitta krueperi","Sitta krueperi"
"694","Sitta neumayer",791,"direct",1,NA,6016,"Sitta neumayer","Sitta neumayer"
"695","Sitta whiteheadi",792,"direct",1,NA,6009,"Sitta whiteheadi","Sitta whiteheadi"
"696","Somateria mollissima",793,"direct",1,NA,440,"Somateria mollissima","Somateria mollissima"
"697","Somateria spectabilis",794,"direct",1,NA,441,"Somateria spectabilis","Somateria spectabilis"
"698","Spatula clypeata",795,"direct",1,"Anas clypeata",406,"Spatula clypeata","Spatula clypeata"
"699","Spatula querquedula",796,"direct",1,"Anas querquedula",416,"Spatula querquedula","Spatula querquedula"
"700","Spilopelia senegalensis",797,"direct",1,"Streptopelia senegalensis; Stigmatopelia senegalensis",2161,"Spilopelia senegalensis","Spilopelia senegalensis"
"701","Spinus spinus",798,"direct",1,"Carduelis spinus",7571,"Spinus spinus","Spinus spinus"
"702","Stercorarius longicaudus",799,"direct",1,NA,2788,"Stercorarius longicaudus","Stercorarius longicaudus"
"703","Stercorarius parasiticus",800,"direct",1,NA,2787,"Stercorarius parasiticus","Stercorarius parasiticus"
"704","Stercorarius pomarinus",801,"direct",1,NA,2786,"Stercorarius pomarinus","Stercorarius pomarinus"
"705","Sterna paradisaea",802,"direct",1,NA,2850,"Sterna paradisaea","Sterna paradisaea"
"706","Sternula albifrons",803,"direct",1,"Sternula albifrons; Sterna albifrons",2855,"Sternula albifrons","Sternula albifrons"
"707","Strix nebulosa",804,"direct",1,NA,1938,"Strix nebulosa","Strix nebulosa"
"708","Sturnus unicolor",805,"direct",1,NA,5946,"Sturnus unicolor","Sturnus unicolor"
"709","Surnia ulula",806,"direct",1,NA,1949,"Surnia ulula","Surnia ulula"
"710","Syrmaticus reevesii",818,"direct",1,NA,243,"Syrmaticus reevesii","Syrmaticus reevesii"
"711","Tachymarptis melba",819,"direct",1,"Apus melba",1532,"Tachymarptis melba","Tachymarptis melba"
"712","Tadorna ferruginea",820,"direct",1,NA,357,"Tadorna ferruginea","Tadorna ferruginea"
"713","Tadorna tadorna",821,"direct",1,NA,362,"Tadorna tadorna","Tadorna tadorna"
"714","Tetraogallus caspius",822,"direct",1,NA,120,"Tetraogallus caspius","Tetraogallus caspius"
"715","Tetraogallus caucasicus",823,"direct",1,NA,119,"Tetraogallus caucasicus","Tetraogallus caucasicus"
"716","Tetrax tetrax",824,"direct",1,NA,2380,"Tetrax tetrax","Tetrax tetrax"
"717","Thalasseus sandvicensis",825,"direct",1,"Thalasseus sandvicensis; Sterna sandvicensis",2844,"Thalasseus sandvicensis","Thalasseus sandvicensis"
"718","Tichodroma muraria",826,"direct",1,NA,6024,"Tichodroma muraria","Tichodroma muraria"
"719","Tringa erythropus",827,"direct",1,NA,2619,"Tringa erythropus","Tringa erythropus"
"720","Tringa glareola",828,"direct",1,NA,2628,"Tringa glareola","Tringa glareola"
"721","Tringa nebularia",829,"direct",1,NA,2622,"Tringa nebularia","Tringa nebularia"
"722","Tringa stagnatilis",830,"direct",1,NA,2621,"Tringa stagnatilis","Tringa stagnatilis"
"723","Turdus atrogularis",831,"direct",1,NA,9572,"Turdus atrogularis","Turdus atrogularis"
"724","Uria aalge",832,"direct",1,NA,2879,"Uria aalge","Uria aalge"
"725","Uria lomvia",833,"direct",1,NA,2880,"Uria lomvia","Uria lomvia"
"726","Vanellus gregarius",834,"direct",1,NA,2761,"Vanellus gregarius","Vanellus gregarius"
"727","Vanellus leucurus",835,"direct",1,"Chettusia leucura",2762,"Vanellus leucurus","Vanellus leucurus"
"728","Vanellus spinosus",836,"direct",1,"Hoplopterus spinosus",2749,"Vanellus spinosus","Vanellus spinosus"
"729","Xema sabini",837,"direct",1,"Larus sabini",2833,"Xema sabini","Xema sabini"
"730","Xenus cinereus",838,"direct",1,"Tringa cinerea; Tringa terek",2629,"Xenus cinereus","Xenus cinereus"
"731","Zapornia parva",839,"direct",1,"Porzana parva",2509,"Zapornia parva","Zapornia parva"
"732","Zapornia pusilla",840,"direct",1,"Porzana pusilla",2510,"Zapornia pusilla","Zapornia pusilla"
"733","Zoothera aurea",841,"direct",1,"Zoothera imbricata",11093,"Zoothera aurea","Zoothera aurea"
"734","Anas clypeata",13,"synonym",1,"Anas clypeata",406,"Spatula clypeata","Spatula clypeata"
"735","Anas querquedula",16,"synonym",1,"Anas querquedula",416,"Spatula querquedula","Spatula querquedula"
"736","Anas strepera",17,"synonym",1,"Anas strepera",386,"Mareca strepera","Mareca strepera"
"737","Aquila pomarina",24,"synonym",1,"Aquila pomarina",3076,"Clanga pomarina","Clanga pomarina"
"738","Carduelis flammea",42,"synonym",1,"Carduelis flammea",8483,"Acanthis flammea","Acanthis flammea"
"739","Carduelis spinus",43,"synonym",1,"Carduelis spinus",7571,"Spinus spinus","Spinus spinus"
"740","Charadrius morinellus",48,"synonym",1,"Charadrius morinellus",2737,"Eudromias morinellus","Eudromias morinellus"
"741","Dendrocopos medius",71,"synonym",1,"Dendrocopos medius",582,"Leiopicus medius","Leiopicus medius"
"742","Dendrocopos minor",72,"synonym",1,"Dendrocopos minor",575,"Dryobates minor","Dryobates minor"
"743","Parus ater",133,"synonym",1,"Parus ater",9552,"Periparus ater","Periparus ater"
"744","Parus cristatus",135,"synonym",1,"Parus cristatus",6131,"Lophophanes cristatus","Lophophanes cristatus"
"745","Parus montanus",137,"synonym",1,"Parus montanus",11066,"Poecile montanus","Poecile montanus"
"746","Parus palustris",138,"synonym",1,"Parus palustris",9555,"Poecile palustris","Poecile palustris"
"747","Porzana parva",159,"synonym",1,"Porzana parva",2509,"Zapornia parva","Zapornia parva"
"748","Saxicola torquata",171,"synonym",1,"Saxicola torquata",5822,"Saxicola torquatus","Saxicola torquatus"
"749","Tetrao tetrix",187,"synonym",1,"Tetrao tetrix",259,"Lyrurus tetrix","Lyrurus tetrix"
"750","Ammodramus caudacutus",207,"synonym",1,"Ammodramus caudacutus",7729,"Ammospiza caudacuta","Ammospiza caudacuta"
"751","Ammodramus henslowii",208,"synonym",1,"Ammodramus henslowii",7731,"Passerculus henslowii","Passerculus henslowii"
"752","Anas americana",211,"synonym",1,"Anas americana",389,"Mareca americana","Mareca americana"
"753","Anas discors",212,"synonym",1,"Anas discors",401,"Spatula discors","Spatula discors"
"754","Butorides virescens",233,"synonym",1,"Butorides virescens",8852,"Butorides striata","Butorides striata"
"755","Caprimulgus carolinensis",234,"synonym",1,"Caprimulgus carolinensis",2050,"Antrostomus carolinensis","Antrostomus carolinensis"
"756","Caprimulgus vociferus",235,"synonym",1,"Caprimulgus vociferus",9613,"Antrostomus vociferus","Antrostomus vociferus"
"757","Carpodacus mexicanus",237,"synonym",1,"Carpodacus mexicanus",7609,"Haemorhous mexicanus","Haemorhous mexicanus"
"758","Carpodacus purpureus",238,"synonym",1,"Carpodacus purpureus",7606,"Haemorhous purpureus","Haemorhous purpureus"
"759","Dendroica caerulescens",261,"synonym",1,"Dendroica caerulescens",7818,"Setophaga caerulescens","Setophaga caerulescens"
"760","Dendroica castanea",262,"synonym",1,"Dendroica castanea",7833,"Setophaga castanea","Setophaga castanea"
"761","Dendroica cerulea",263,"synonym",1,"Dendroica cerulea",7835,"Setophaga cerulea","Setophaga cerulea"
"762","Dendroica coronata",264,"synonym",1,"Dendroica coronata",10541,"Setophaga coronata","Setophaga coronata"
"763","Dendroica discolor",265,"synonym",1,"Dendroica discolor",7830,"Setophaga discolor","Setophaga discolor"
"764","Dendroica dominica",266,"synonym",1,"Dendroica dominica",8455,"Setophaga dominica","Setophaga dominica"
"765","Dendroica fusca",267,"synonym",1,"Dendroica fusca",7824,"Setophaga fusca","Setophaga fusca"
"766","Dendroica magnolia",268,"synonym",1,"Dendroica magnolia",7816,"Setophaga magnolia","Setophaga magnolia"
"767","Dendroica palmarum",269,"synonym",1,"Dendroica palmarum",7832,"Setophaga palmarum","Setophaga palmarum"
"768","Dendroica pensylvanica",270,"synonym",1,"Dendroica pensylvanica",7815,"Setophaga pensylvanica","Setophaga pensylvanica"
"769","Dendroica petechia",271,"synonym",1,"Dendroica petechia",7814,"Setophaga petechia","Setophaga petechia"
"770","Dendroica pinus",272,"synonym",1,"Dendroica pinus",7828,"Setophaga pinus","Setophaga pinus"
"771","Dendroica striata",273,"synonym",1,"Dendroica striata",7834,"Setophaga striata","Setophaga striata"
"772","Dendroica tigrina",274,"synonym",1,"Dendroica tigrina",7817,"Setophaga tigrina","Setophaga tigrina"
"773","Dendroica virens",275,"synonym",1,"Dendroica virens",7822,"Setophaga virens","Setophaga virens"
"774","Dryocopus pileatus",277,"synonym",1,"Dryocopus pileatus",631,"Hylatomus pileatus","Hylatomus pileatus"
"775","Leucophaeus atricilla",311,"synonym",1,"Leucophaeus atricilla",2828,"Larus atricilla","Larus atricilla"
"776","Parula americana",333,"synonym",1,"Parula americana",7811,"Setophaga americana","Setophaga americana"
"777","Phalacrocorax auritus",339,"synonym",1,"Phalacrocorax auritus",3212,"Nannopterum auritus","Nannopterum auritus"
"778","Picoides pubescens",343,"synonym",1,"Picoides pubescens",592,"Dryobates pubescens","Dryobates pubescens"
"779","Picoides villosus",344,"synonym",1,"Picoides villosus",595,"Leuconotopicus villosus","Leuconotopicus villosus"
"780","Seiurus motacilla",368,"synonym",1,"Seiurus motacilla",7846,"Parkesia noveboracensis","Parkesia noveboracensis"
"781","Seiurus motacilla",368,"synonym",1,"Seiurus motacilla",7847,"Parkesia motacilla","Parkesia motacilla"
"782","Vermivora peregrina",396,"synonym",1,"Vermivora peregrina",7805,"Leiothlypis peregrina","Leiothlypis peregrina"
"783","Vermivora pinus",397,"synonym",1,"Vermivora pinus",7803,"Vermivora cyanoptera","Vermivora cyanoptera"
"784","Vermivora ruficapilla",398,"synonym",1,"Vermivora ruficapilla",7807,"Leiothlypis ruficapilla","Leiothlypis ruficapilla"
"785","Wilsonia canadensis",405,"synonym",1,"Wilsonia canadensis",7865,"Cardellina canadensis","Cardellina canadensis"
"786","Wilsonia citrina",406,"synonym",1,"Wilsonia citrina",7863,"Setophaga citrina","Setophaga citrina"
"787","Wilsonia pusilla",407,"synonym",1,"Wilsonia pusilla",7864,"Cardellina pusilla","Cardellina pusilla"
"788","Anas falcata",416,"synonym",1,"Anas falcata",387,"Mareca falcata","Mareca falcata"
"789","Cettia diphone",430,"synonym",1,"Cettia diphone",6532,"Horornis diphone","Horornis diphone"
"790","Dendrocopos kizuki",446,"synonym",1,"Dendrocopos kizuki",574,"Picoides kizuki","Picoides kizuki"
"791","Locustella fasciolata",481,"synonym",1,"Locustella fasciolata",10506,"Helopsaltes fasciolatus","Helopsaltes fasciolatus"
"792","Locustella ochotensis",483,"synonym",1,"Locustella ochotensis",6571,"Helopsaltes ochotensis","Helopsaltes ochotensis"
"793","Locustella pleskei",484,"synonym",1,"Locustella pleskei",6572,"Helopsaltes pleskei","Helopsaltes pleskei"
"794","Luscinia calliope",488,"synonym",1,"Luscinia calliope",5743,"Calliope calliope","Calliope calliope"
"795","Luscinia cyane",489,"synonym",1,"Luscinia cyane",5749,"Larvivora cyane","Larvivora cyane"
"796","Phalacrocorax pelagicus",507,"synonym",1,"Phalacrocorax pelagicus",8968,"Urile pelagicus","Urile pelagicus"
"797","Porzana fusca",519,"synonym",1,"Porzana fusca",2518,"Zapornia fusca","Zapornia fusca"
"798","Sapheopipo noguchii",524,"synonym",1,"Sapheopipo noguchii",663,"Dendrocopos noguchii","Dendrocopos noguchii"
"799","Uragus sibiricus",543,"synonym",1,"Uragus sibiricus",11167,"Carpodacus sibiricus","Carpodacus sibiricus"
"800","Zoothera sibirica",547,"synonym",1,"Zoothera sibirica",5511,"Geokichla sibirica","Geokichla sibirica"
"801","Psittacula krameri",772,"synonym",1,"Psittacula krameri",1323,"Alexandrinus krameri","Alexandrinus krameri"
"802","Bonasa bonasia",33,"manually",1,NA,263,"Tetrastes bonasia","Tetrastes bonasia"
"803","Carduelis cannabina",39,"manually",1,"Acanthis cannabina; Carduelis cannabina",7591,"Linaria cannabina","Linaria cannabina"
"804","Carduelis chloris",41,"manually",1,"Chloris chloris; Carduelis chloris",7566,"Chloris chloris","Chloris chloris"
"805","Delichon urbica",68,"manually",1,NA,10602,"Delichon urbicum","Delichon urbicum"
"806","Miliaria calandra",118,"manually",1,"Emberiza calandra; Miliaria calandra",7708,"Emberiza calandra","Emberiza calandra"
"807","Parus caeruleus",134,"manually",1,NA,10352,"Cyanistes caeruleus","Cyanistes caeruleus"
"808","Regulus ignicapillus",166,"manually",1,NA,9427,"Regulus ignicapilla","Regulus ignicapilla"
"809","Sylvia communis",183,"manually",1,NA,6963,"Curruca communis","Curruca communis"
"810","Sylvia curruca",184,"manually",1,"Sylvia althaea; Sylvia minula",9425,"Curruca curruca","Curruca curruca"
"811","Sylvia nisoria",185,"manually",1,NA,6964,"Curruca nisoria","Curruca nisoria"
"812","Ammodramus maritimus",209,"manually",1,"Ammodramus maritima; Ammodramus maritimus",7728,"Ammospiza maritima","Ammospiza maritima"
"813","Coccothraustes vespertinus",251,"manually",1,"Hesperiphona vespertina; Coccothraustes vespertinus",7642,"Hesperiphona vespertina","Hesperiphona vespertina"
"814","Falcipennis canadensis",289,"manually",1,NA,9748,"Canachites canadensis","Canachites canadensis"
"815","Hydropogne caspia",299,"manually",1,"Hydroprogne caspia; Sterna caspia",2837,"Hydroprogne caspia","Hydroprogne caspia"
"816","Oporornis formosus",329,"manually",1,"Geothlypis formosus; Oporornis formosus",7848,"Geothlypis formosa","Geothlypis formosa"
"817","Oporornis philadelphia",330,"manually",1,"Geothlypis philadelphia; Oporornis philadelphia",7850,"Geothlypis philadelphia","Geothlypis philadelphia"
"818","Picoides dorsalis",342,"manually",1,NA,NA,"Picoides dorsalis","Picoides dorsalis"
"819","Regulus calendula",362,"manually",1,NA,6232,"Corthylio calendula","Corthylio calendula"
"820","Seiurus noveboracensis",369,"manually",1,"Seiurus motacilla",7846,"Parkesia noveboracensis","Parkesia noveboracensis"
"821","Egretta intermedia",447,"manually",1,NA,8785,"Ardea intermedia","Ardea intermedia"
"822","Gallirallus okinawae",459,"manually",1,"Gallirallus okinawae; Rallus okinawae",2467,"Hypotaenidia okinawae","Hypotaenidia okinawae"
"823","Hirundo daurica",468,"manually",1,NA,10612,"Cecropis daurica","Cecropis daurica"
"824","Locustella pryeri",485,"manually",1,"Megalurus pryeri; Locustella pryeri",6708,"Helopsaltes pryeri","Helopsaltes pryeri"
"825","Luscinia akahige",487,"manually",1,NA,10387,"Larvivora akahige","Larvivora akahige"
"826","Luscinia komadori",490,"manually",1,NA,10389,"Larvivora komadori","Larvivora komadori"
"827","Parus minor",501,"manually",1,NA,NA,"Parus minor","Parus minor"
"828","Passer rutilans",502,"manually",1,NA,7191,"Passer cinnamomeus","Passer cinnamomeus"
"829","Poecile varius",518,"manually",1,NA,10338,"Sittiparus varius","Sittiparus varius"
"830","Sterna albifrons",528,"manually",1,"Sternula albifrons; Sterna albifrons",2855,"Sternula albifrons","Sternula albifrons"
"831","Cyanecula svecica",638,"manually",1,"Luscinia svecica",5744,"Luscinia svecica","Luscinia svecica"
"832","Sylvia balearica",807,"manually",1,NA,9416,"Curruca balearica","Curruca balearica"
"833","Sylvia cantillans",808,"manually",1,NA,10855,"Curruca cantillans","Curruca cantillans"
"834","Sylvia conspicillata",809,"manually",1,NA,6970,"Curruca conspicillata","Curruca conspicillata"
"835","Sylvia crassirostris",810,"manually",1,NA,9415,"Curruca crassirostris","Curruca crassirostris"
"836","Sylvia hortensis",811,"manually",1,NA,9429,"Curruca hortensis","Curruca hortensis"
"837","Sylvia melanocephala",812,"manually",1,NA,6967,"Curruca melanocephala","Curruca melanocephala"
"838","Sylvia mystacea",813,"manually",1,NA,6969,"Curruca mystacea","Curruca mystacea"
"839","Sylvia ruppeli",814,"manually",1,NA,6966,"Curruca ruppeli","Curruca ruppeli"
"840","Sylvia sarda",815,"manually",1,NA,9430,"Curruca sarda","Curruca sarda"
"841","Sylvia subalpina",816,"manually",1,NA,9509,"Curruca subalpina","Curruca subalpina"
"842","Sylvia undata",817,"manually",1,NA,6972,"Curruca undata","Curruca undata"
