"","sp_atlas","Accepted_SPNAME","sp_sci_name"
"1","Acanthis flammea","Acanthis flammea","Acanthis flammea"
"2","Accipiter brevipes","Accipiter brevipes","Accipiter brevipes"
"3","Accipiter cooperii","Accipiter cooperii","Accipiter cooperii"
"4","Accipiter gentilis","Accipiter gentilis","Accipiter gentilis"
"5","Accipiter gularis","Accipiter gularis","Accipiter gularis"
"6","Accipiter nisus","Accipiter nisus","Accipiter nisus"
"7","Accipiter striatus","Accipiter striatus","Accipiter striatus"
"8","Acrocephalus agricola","Acrocephalus agricola","Acrocephalus agricola"
"9","Acrocephalus arundinaceus","Acrocephalus arundinaceus","Acrocephalus arundinaceus"
"10","Acrocephalus bistrigiceps","Acrocephalus bistrigiceps","Acrocephalus bistrigiceps"
"11","Acrocephalus dumetorum","Acrocephalus dumetorum","Acrocephalus dumetorum"
"12","Acrocephalus melanopogon","Acrocephalus melanopogon","Acrocephalus melanopogon"
"13","Acrocephalus orientalis","Acrocephalus orientalis","Acrocephalus orientalis"
"14","Acrocephalus paludicola","Acrocephalus paludicola","Acrocephalus paludicola"
"15","Acrocephalus palustris","Acrocephalus palustris","Acrocephalus palustris"
"16","Acrocephalus schoenobaenus","Acrocephalus schoenobaenus","Acrocephalus schoenobaenus"
"17","Acrocephalus scirpaceus","Acrocephalus scirpaceus","Acrocephalus scirpaceus"
"18","Actitis hypoleucos","Actitis hypoleucos","Actitis hypoleucos"
"19","Actitis macularius","Actitis macularius","Actitis macularius"
"20","Aegithalos caudatus","Aegithalos caudatus","Aegithalos caudatus"
"21","Aegithalos caudatus","Aegithalos caudatus","Aegithalos iredalei"
"22","Aegolius acadicus","Aegolius acadicus","Aegolius acadicus"
"23","Aegolius funereus","Aegolius funereus","Aegolius funereus"
"24","Aegypius monachus","Aegypius monachus","Aegypius monachus"
"25","Agelaius phoeniceus","Agelaius phoeniceus","Agelaius phoeniceus"
"26","Agropsar philippensis","Agropsar philippensis","Agropsar philippensis"
"27","Aix galericulata","Aix galericulata","Aix galericulata"
"28","Aix sponsa","Aix sponsa","Aix sponsa"
"29","Alauda arvensis","Alauda arvensis","Alauda arvensis"
"30","Alca torda","Alca torda","Alca torda"
"31","Alcedo atthis","Alcedo atthis","Alcedo atthis"
"32","Alectoris barbara","Alectoris barbara","Alectoris barbara"
"33","Alectoris chukar","Alectoris chukar","Alectoris chukar"
"34","Alectoris graeca","Alectoris graeca","Alectoris graeca"
"35","Alectoris rufa","Alectoris rufa","Alectoris rufa"
"36","Alle alle","Alle alle","Alle alle"
"37","Alopochen aegyptiaca","Alopochen aegyptiaca","Alopochen aegyptiaca"
"38","Amandava amandava","Amandava amandava","Amandava amandava"
"39","Amaurornis phoenicurus","Amaurornis phoenicurus","Amaurornis phoenicurus"
"40","Ammodramus caudacutus","Ammodramus caudacutus","Ammospiza caudacuta"
"41","Ammodramus henslowii","Ammodramus henslowii",NA
"42","Ammodramus maritimus","Ammodramus maritimus","Ammospiza maritima"
"43","Ammodramus savannarum","Ammodramus savannarum","Ammodramus savannarum"
"44","Anas acuta","Anas acuta","Anas acuta"
"45","Anas americana","Anas americana","Mareca americana"
"46","Anas americana","Anas americana","Mareca falcata"
"47","Anas americana","Anas americana","Mareca penelope"
"48","Anas americana","Anas americana","Mareca sibilatrix"
"49","Anas americana","Anas americana","Mareca strepera"
"50","Anas clypeata","Anas clypeata",NA
"51","Anas crecca","Anas crecca","Anas crecca"
"52","Anas discors","Anas discors",NA
"53","Anas falcata","Anas falcata",NA
"54","Anas platyrhynchos","Anas platyrhynchos","Anas platyrhynchos"
"55","Anas querquedula","Anas querquedula",NA
"56","Anas rubripes","Anas rubripes","Anas rubripes"
"57","Anas strepera","Anas strepera",NA
"58","Anas zonorhyncha","Anas poecilorhyncha zonorhyncha","Anas zonorhyncha"
"59","Anous stolidus","Anous stolidus","Anous stolidus"
"60","Anser anser","Anser anser","Anser anser"
"61","Anser brachyrhynchus","Anser brachyrhynchus","Anser brachyrhynchus"
"62","Anser erythropus","Anser erythropus","Anser erythropus"
"63","Anser fabalis","Anser fabalis","Anser fabalis"
"64","Anthropoides virgo","Anthropoides virgo","Anthropoides virgo"
"65","Anthus berthelotii","Anthus berthelotii","Anthus berthelotii"
"66","Anthus campestris","Anthus campestris","Anthus campestris"
"67","Anthus cervinus","Anthus cervinus","Anthus cervinus"
"68","Anthus cervinus","Anthus cervinus","Anthus peruvianus"
"69","Anthus hodgsoni","Anthus hodgsoni","Anthus hodgsoni"
"70","Anthus petrosus","Anthus petrosus","Anthus petrosus"
"71","Anthus pratensis","Anthus pratensis","Anthus pratensis"
"72","Anthus spinoletta","Anthus spinoletta","Anthus spinoletta"
"73","Anthus trivialis","Anthus trivialis","Anthus trivialis"
"74","Apalopteron familiare","Apalopteron familiare","Apalopteron familiare"
"75","Apus apus","Apus apus","Apus apus"
"76","Apus caffer","Apus caffer","Apus caffer"
"77","Apus nipalensis","Apus nipalensis","Apus nipalensis"
"78","Apus pacificus","Apus pacificus","Apus pacificus"
"79","Apus pallidus","Apus pallidus","Apus pallidus"
"80","Apus unicolor","Apus unicolor","Apus unicolor"
"81","Aquila adalberti","Aquila adalberti","Aquila adalberti"
"82","Aquila chrysaetos","Aquila chrysaetos","Aquila chrysaetos"
"83","Aquila fasciata","Aquila fasciata","Aquila fasciata"
"84","Aquila heliaca","Aquila heliaca","Aquila heliaca"
"85","Aquila pomarina","Aquila pomarina",NA
"86","Archilochus colubris","Archilochus colubris","Archilochus colubris"
"87","Ardea alba","Ardea alba","Ardea alba"
"88","Ardea cinerea","Ardea cinerea","Ardea intermedia"
"89","Ardea cinerea","Ardea cinerea","Ardea cinerea"
"90","Ardea herodias","Ardea herodias","Ardea herodias"
"91","Ardea purpurea","Ardea purpurea","Ardea purpurea"
"92","Ardeola ralloides","Ardeola ralloides","Ardeola ralloides"
"93","Arenaria interpres","Arenaria interpres","Arenaria interpres"
"94","Asio flammeus","Asio flammeus","Asio flammeus"
"95","Asio otus","Asio otus","Asio otus"
"96","Athene noctua","Athene noctua","Athene noctua"
"97","Aythya affinis","Aythya affinis","Aythya affinis"
"98","Aythya affinis","Aythya affinis","Argya affinis"
"99","Aythya americana","Aythya americana","Aythya americana"
"100","Aythya collaris","Aythya collaris","Aythya collaris"
"101","Aythya ferina","Aythya ferina","Aythya ferina"
"102","Aythya fuligula","Aythya fuligula","Aythya fuligula"
"103","Aythya marila","Aythya marila","Aythya marila"
"104","Aythya nyroca","Aythya nyroca","Aythya nyroca"
"105","Aythya valisineria","Aythya valisineria","Aythya valisineria"
"106","Baeolophus bicolor","Baeolophus bicolor","Baeolophus bicolor"
"107","Bambusicola thoracicus","Bambusicola thoracicus","Bambusicola sonorivox"
"108","Bambusicola thoracicus","Bambusicola thoracicus","Bambusicola thoracicus"
"109","Bartramia longicauda","Bartramia longicauda","Bartramia longicauda"
"110","Bombycilla cedrorum","Bombycilla cedrorum","Bombycilla cedrorum"
"111","Bombycilla garrulus","Bombycilla garrulus","Bombycilla garrulus"
"112","Bonasa bonasia","Tetrastes bonasia","Tetrastes bonasia"
"113","Bonasa umbellus","Bonasa umbellus","Bonasa umbellus"
"114","Botaurus lentiginosus","Botaurus lentiginosus","Botaurus lentiginosus"
"115","Botaurus stellaris","Botaurus stellaris","Botaurus stellaris"
"116","Branta bernicla","Branta bernicla","Branta bernicla"
"117","Branta canadensis","Branta canadensis","Branta canadensis"
"118","Branta leucopsis","Branta leucopsis","Branta leucopsis"
"119","Bubo bubo","Bubo bubo","Bubo bubo"
"120","Bubo scandiacus","Bubo scandiacus","Bubo scandiacus"
"121","Bubo virginianus","Bubo virginianus","Bubo virginianus"
"122","Bubulcus ibis","Bubulcus ibis","Bubulcus ibis"
"123","Bucanetes githagineus","Bucanetes githagineus","Bucanetes githagineus"
"124","Bucephala clangula","Bucephala clangula","Bucephala clangula"
"125","Bulweria bulwerii","Bulweria bulwerii","Bulweria bulwerii"
"126","Burhinus oedicnemus","Burhinus oedicnemus","Burhinus oedicnemus"
"127","Butastur indicus","Butastur indicus","Butastur indicus"
"128","Buteo buteo","Buteo buteo","Buteo buteo"
"129","Buteo jamaicensis","Buteo jamaicensis","Buteo jamaicensis"
"130","Buteo lagopus","Buteo lagopus","Buteo lagopus"
"131","Buteo lagopus","Buteo lagopus","Buteo plagiatus"
"132","Buteo lineatus","Buteo lineatus","Buteo lineatus"
"133","Buteo platypterus","Buteo platypterus","Buteo platypterus"
"134","Buteo rufinus","Buteo rufinus","Buteo rufinus"
"135","Buteo rufinus","Buteo rufinus","Buteo refectus"
"136","Butorides striata","Butorides striata","Butorides striata"
"137","Butorides virescens","Butorides virescens",NA
"138","Calandrella brachydactyla","Calandrella brachydactyla","Calandrella brachydactyla"
"139","Calcarius lapponicus","Calcarius lapponicus","Calcarius lapponicus"
"140","Calidris alpina","Calidris alpina","Calidris alpina"
"141","Calidris alpina","Calidris alpina","Calidris pugnax"
"142","Calidris falcinellus","Calidris fuscicollis","Calidris falcinellus"
"143","Calidris falcinellus","Calidris fuscicollis","Calidris fuscicollis"
"144","Calidris maritima","Calidris maritima","Calidris maritima"
"145","Calidris minuta","Calidris minuta","Calidris virgata"
"146","Calidris minuta","Calidris minuta","Calidris minuta"
"147","Calidris pugnax","Calidris alba","Calidris alba"
"148","Calidris temminckii","Calidris temminckii","Calidris temminckii"
"149","Calonectris borealis","Calonectris diomedea","Calonectris borealis"
"150","Calonectris borealis","Calonectris diomedea","Calonectris diomedea"
"151","Calonectris diomedea","Calonectris diomedea","Calonectris borealis"
"152","Calonectris diomedea","Calonectris diomedea","Calonectris diomedea"
"153","Calonectris leucomelas","Calonectris leucomelas","Calonectris leucomelas"
"154","Caprimulgus carolinensis","Antrostomus carolinensis","Antrostomus carolinensis"
"155","Caprimulgus europaeus","Caprimulgus europaeus","Caprimulgus europaeus"
"156","Caprimulgus indicus","Caprimulgus indicus","Caprimulgus indicus"
"157","Caprimulgus ruficollis","Caprimulgus ruficollis","Caprimulgus ruficollis"
"158","Caprimulgus vociferus","Antrostomus vociferus","Antrostomus vociferus"
"159","Cardinalis cardinalis","Cardinalis cardinalis","Cardinalis cardinalis"
"160","Carduelis cannabina","Linaria cannabina","Linaria cannabina"
"161","Carduelis carduelis","Carduelis carduelis","Carduelis carduelis"
"162","Carduelis chloris","Chloris chloris","Chloris chloris"
"163","Carduelis citrinella","Carduelis citrinella","Carduelis citrinella"
"164","Carduelis flammea","Acanthis flammea","Acanthis flammea"
"165","Carduelis spinus","Spinus spinus","Spinus spinus"
"166","Carpodacus erythrinus","Carpodacus erythrinus","Carpodacus erythrinus"
"167","Carpodacus mexicanus","Haemorhous mexicanus","Haemorhous mexicanus"
"168","Carpodacus purpureus","Haemorhous purpureus","Haemorhous purpureus"
"169","Catharacta skua","Stercorarius skua","Catharacta skua"
"170","Cathartes aura","Cathartes aura","Cathartes aura"
"171","Catharus bicknelli","Catharus bicknelli","Catharus bicknelli"
"172","Catharus fuscescens","Catharus fuscescens","Catharus fuscescens"
"173","Catharus guttatus","Catharus guttatus","Catharus guttatus"
"174","Catharus ustulatus","Catharus ustulatus","Catharus maculatus"
"175","Catharus ustulatus","Catharus ustulatus","Catharus ustulatus"
"176","Cecropis daurica","Cecropis daurica","Cecropis daurica"
"177","Cepphus carbo","Cepphus carbo","Cepphus carbo"
"178","Cepphus grylle","Cepphus grylle","Cepphus grylle"
"179","Cercotrichas galactotes","Erythropygia galactotes","Cercotrichas galactotes"
"180","Cerorhinca monocerata","Cerorhinca monocerata","Cerorhinca monocerata"
"181","Certhia americana","Certhia americana","Certhia americana"
"182","Certhia brachydactyla","Certhia brachydactyla","Certhia brachydactyla"
"183","Certhia familiaris","Certhia familiaris","Certhia familiaris"
"184","Cettia cetti","Cettia cetti","Cettia cetti"
"185","Cettia diphone","Horornis diphone","Horornis diphone"
"186","Chaetura pelagica","Chaetura pelagica","Hirundo javanica"
"187","Chaetura pelagica","Chaetura pelagica","Chaetura pelagica"
"188","Chalcophaps indica","Chalcophaps indica","Chalcophaps indica"
"189","Charadrius alexandrinus","Charadrius alexandrinus","Charadrius alexandrinus"
"190","Charadrius dubius","Charadrius dubius","Charadrius dubius"
"191","Charadrius hiaticula","Charadrius hiaticula","Charadrius hiaticula"
"192","Charadrius melodus","Charadrius melodus","Charadrius melodus"
"193","Charadrius morinellus","Charadrius morinellus","Eudromias morinellus"
"194","Charadrius placidus","Charadrius placidus","Charadrius placidus"
"195","Charadrius vociferus","Charadrius vociferus","Charadrius vociferus"
"196","Chersophilus duponti","Chersophilus duponti","Chersophilus duponti"
"197","Chlidonias hybrida","Chlidonias hybrida","Chlidonias hybrida"
"198","Chlidonias leucopterus","Chlidonias leucopterus","Chlidonias leucopterus"
"199","Chlidonias niger","Chlidonias niger","Chlidonias niger"
"200","Chloris chloris","Chloris chloris","Chloris chloris"
"201","Chloris sinica","Chloris sinica","Chloris sinica"
"202","Chordeiles minor","Chordeiles minor","Chordeiles minor"
"203","Ciconia ciconia","Ciconia ciconia","Ciconia microscelis"
"204","Ciconia ciconia","Ciconia ciconia","Ciconia ciconia"
"205","Ciconia nigra","Ciconia nigra","Ciconia nigra"
"206","Cinclus cinclus","Cinclus cinclus","Cinclus cinclus"
"207","Cinclus pallasii","Cinclus pallasii","Cinclus pallasii"
"208","Circaetus gallicus","Circaetus gallicus","Circaetus gallicus"
"209","Circus aeruginosus","Circus aeruginosus","Circus aeruginosus"
"210","Circus cyaneus","Circus cyaneus","Circus cyaneus"
"211","Circus macrourus","Circus macrourus","Circus macrourus"
"212","Circus pygargus","Circus pygargus","Circus pygargus"
"213","Circus spilonotus","Circus spilonotus","Circus spilonotus"
"214","Cisticola juncidis","Cisticola juncidis","Cisticola juncidis"
"215","Cistothorus palustris","Cistothorus palustris","Cistothorus palustris"
"216","Cistothorus platensis","Cistothorus platensis","Cistothorus platensis"
"217","Clamator glandarius","Clamator glandarius","Clamator glandarius"
"218","Clangula hyemalis","Clangula hyemalis","Clangula hyemalis"
"219","Coccothraustes coccothraustes","Coccothraustes coccothraustes","Coccothraustes coccothraustes"
"220","Coccothraustes vespertinus","Hesperiphona vespertina","Hesperiphona vespertina"
"221","Coccyzus americanus","Coccyzus americanus","Coccyzus americanus"
"222","Coccyzus erythropthalmus","Coccyzus erythropthalmus","Coccyzus erythropthalmus"
"223","Colaptes auratus","Colaptes auratus","Colaptes cafer"
"224","Colaptes auratus","Colaptes auratus","Colaptes auratus"
"225","Colinus virginianus","Colinus virginianus","Colinus virginianus"
"226","Columba janthina","Columba janthina","Columba janthina"
"227","Columba livia","Columba livia","Columba livia"
"228","Columba oenas","Columba oenas","Columba oenas"
"229","Columba palumbus","Columba palumbus","Columba palumbus"
"230","Contopus cooperi","Contopus cooperi","Contopus cooperi"
"231","Contopus virens","Contopus virens","Contopus virens"
"232","Coracias garrulus","Coracias garrulus","Coracias garrulus"
"233","Corvus brachyrhynchos","Corvus brachyrhynchos","Corvus brachyrhynchos"
"234","Corvus corax","Corvus corax","Corvus corax"
"235","Corvus corone","Corvus corone","Corvus corone"
"236","Corvus frugilegus","Corvus frugilegus","Corvus frugilegus"
"237","Corvus macrorhynchos","Corvus macrorhynchos","Corvus macrorhynchos"
"238","Corvus monedula","Coloeus monedula","Corvus monedula"
"239","Corvus ossifragus","Corvus ossifragus","Corvus ossifragus"
"240","Coturnix coturnix","Coturnix coturnix","Coturnix coturnix"
"241","Crex crex","Crex crex","Crex crex"
"242","Cuculus canorus","Cuculus canorus","Cuculus canorus"
"243","Cuculus micropterus","Cuculus micropterus","Cuculus micropterus"
"244","Cuculus optatus","Cuculus optatus","Cuculus optatus"
"245","Cuculus poliocephalus","Cuculus poliocephalus","Cuculus poliocephalus"
"246","Cyanistes caeruleus","Cyanistes caeruleus","Cyanistes caeruleus"
"247","Cyanistes cyanus","Cyanistes cyanus","Cyanistes cyanus"
"248","Cyanocitta cristata","Cyanocitta cristata","Cyanocitta cristata"
"249","Cyanopica cooki","Cyanopica cooki","Cyanopica cooki"
"250","Cyanopica cyanus","Cyanopica cyanus","Cyanopica cyanus"
"251","Cyanoptila cyanomelana","Cyanoptila cyanomelana","Cyanoptila cyanomelana"
"252","Cygnus cygnus","Cygnus cygnus","Cygnus cygnus"
"253","Cygnus olor","Cygnus olor","Cygnus olor"
"254","Delichon dasypus","Delichon dasypus","Delichon lagopodum"
"255","Delichon dasypus","Delichon dasypus","Delichon dasypus"
"256","Delichon urbica","Delichon urbicum","Delichon urbicum"
"257","Delichon urbicum","Delichon urbicum","Delichon urbicum"
"258","Dendrocopos kizuki","Yungipicus kizuki",NA
"259","Dendrocopos leucotos","Dendrocopos leucotos","Dendrocopos leucotos"
"260","Dendrocopos major","Dendrocopos major","Dendrocopos major"
"261","Dendrocopos medius","Dendrocoptes medius",NA
"262","Dendrocopos minor","Dryobates minor","Dendrocopos owstoni"
"263","Dendrocopos minor","Dryobates minor","Dryobates minor"
"264","Dendrocopos syriacus","Dendrocopos syriacus","Dendrocopos syriacus"
"265","Dendroica caerulescens","Setophaga caerulescens","Setophaga caerulescens"
"266","Dendroica castanea","Setophaga castanea","Setophaga castanea"
"267","Dendroica cerulea","Setophaga cerulea","Setophaga cerulea"
"268","Dendroica coronata","Setophaga coronata","Setophaga coronata"
"269","Dendroica discolor","Setophaga discolor","Setophaga discolor"
"270","Dendroica dominica","Setophaga dominica","Setophaga dominica"
"271","Dendroica fusca","Setophaga fusca","Setophaga fusca"
"272","Dendroica magnolia","Setophaga magnolia","Setophaga magnolia"
"273","Dendroica palmarum","Setophaga palmarum","Setophaga palmarum"
"274","Dendroica pensylvanica","Setophaga pensylvanica","Setophaga pensylvanica"
"275","Dendroica petechia","Setophaga petechia","Setophaga petechia"
"276","Dendroica pinus","Setophaga pinus","Setophaga pinus"
"277","Dendroica striata","Setophaga striata","Setophaga striata"
"278","Dendroica tigrina","Setophaga tigrina","Setophaga tigrina"
"279","Dendroica virens","Setophaga virens","Setophaga virens"
"280","Dolichonyx oryzivorus","Dolichonyx oryzivorus","Dolichonyx oryzivorus"
"281","Dryobates minor","Dryobates minor","Dendrocopos owstoni"
"282","Dryobates minor","Dryobates minor","Dryobates minor"
"283","Dryocopus martius","Dryocopus martius","Dryocopus martius"
"284","Dryocopus pileatus","Dryocopus pileatus",NA
"285","Dumetella carolinensis","Dumetella carolinensis","Dumetella carolinensis"
"286","Egretta caerulea","Egretta caerulea","Egretta caerulea"
"287","Egretta garzetta","Egretta garzetta","Egretta garzetta"
"288","Egretta intermedia","Egretta intermedia",NA
"289","Egretta sacra","Egretta sacra","Egretta sacra"
"290","Egretta thula","Egretta thula","Egretta thula"
"291","Egretta tricolor","Egretta tricolor","Egretta tricolor"
"292","Elanus caeruleus","Elanus caeruleus","Elanus caeruleus"
"293","Emberiza aureola","Emberiza aureola","Emberiza aureola"
"294","Emberiza caesia","Emberiza caesia","Emberiza caesia"
"295","Emberiza calandra","Emberiza calandra","Emberiza calandra"
"296","Emberiza cia","Emberiza cia","Emberiza cia"
"297","Emberiza cioides","Emberiza cioides","Emberiza cioides"
"298","Emberiza cirlus","Emberiza cirlus","Emberiza cirlus"
"299","Emberiza citrinella","Emberiza citrinella","Emberiza citrinella"
"300","Emberiza fucata","Emberiza fucata","Emberiza fucata"
"301","Emberiza hortulana","Emberiza hortulana","Emberiza hortulana"
"302","Emberiza melanocephala","Emberiza melanocephala","Emberiza melanocephala"
"303","Emberiza pusilla","Emberiza pusilla","Emberiza pusilla"
"304","Emberiza rustica","Emberiza rustica","Emberiza rustica"
"305","Emberiza schoeniclus","Emberiza schoeniclus","Emberiza schoeniclus"
"306","Emberiza spodocephala","Emberiza spodocephala","Emberiza spodocephala"
"307","Emberiza sulphurata","Emberiza sulphurata","Emberiza sulphurata"
"308","Emberiza variabilis","Emberiza variabilis","Emberiza variabilis"
"309","Emberiza yessoensis","Emberiza yessoensis","Emberiza yessoensis"
"310","Empidonax alnorum","Empidonax alnorum","Empidonax alnorum"
"311","Empidonax flaviventris","Empidonax flaviventris","Empidonax flaviventris"
"312","Empidonax minimus","Empidonax minimus","Empidonax minimus"
"313","Empidonax traillii","Empidonax traillii","Empidonax traillii"
"314","Empidonax virescens","Empidonax virescens","Empidonax virescens"
"315","Eophona personata","Eophona personata","Eophona personata"
"316","Eremophila alpestris","Eremophila alpestris","Eremophila alpestris"
"317","Erithacus rubecula","Erithacus rubecula","Erithacus rubecula"
"318","Estrilda astrild","Estrilda astrild","Estrilda astrild"
"319","Eudromias morinellus","Charadrius morinellus","Eudromias morinellus"
"320","Euphagus carolinus","Euphagus carolinus","Euphagus carolinus"
"321","Eurystomus orientalis","Eurystomus orientalis","Eurystomus orientalis"
"322","Falcipennis canadensis","Falcipennis canadensis","Canachites canadensis"
"323","Falcipennis canadensis","Falcipennis canadensis","Canachites franklinii"
"324","Falco biarmicus","Falco biarmicus","Falco biarmicus"
"325","Falco cherrug","Falco cherrug","Falco cherrug"
"326","Falco columbarius","Falco columbarius","Falco columbarius"
"327","Falco eleonorae","Falco eleonorae","Falco eleonorae"
"328","Falco naumanni","Falco naumanni","Falco naumanni"
"329","Falco peregrinus","Falco peregrinus","Falco peregrinus"
"330","Falco rusticolus","Falco rusticolus","Falco rusticolus"
"331","Falco sparverius","Falco sparverius","Falco sparverius"
"332","Falco subbuteo","Falco subbuteo","Falco subbuteo"
"333","Falco tinnunculus","Falco tinnunculus","Falco tinnunculus"
"334","Falco vespertinus","Falco vespertinus","Falco vespertinus"
"335","Ficedula albicollis","Ficedula albicollis","Ficedula albicollis"
"336","Ficedula hypoleuca","Ficedula hypoleuca","Ficedula hypoleuca"
"337","Ficedula narcissina","Ficedula narcissina","Ficedula narcissina"
"338","Ficedula parva","Ficedula parva","Ficedula parva"
"339","Ficedula semitorquata","Ficedula semitorquata","Ficedula semitorquata"
"340","Fratercula arctica","Fratercula arctica","Fratercula arctica"
"341","Fringilla coelebs","Fringilla coelebs","Fringilla coelebs"
"342","Fringilla montifringilla","Fringilla montifringilla","Fringilla montifringilla"
"343","Fulica americana","Fulica americana","Fulica americana"
"344","Fulica atra","Fulica atra","Fulica atra"
"345","Fulica cristata","Fulica cristata","Fulica cristata"
"346","Fulmarus glacialis","Fulmarus glacialis","Fulmarus glacialis"
"347","Galerida cristata","Galerida cristata","Galerida cristata"
"348","Galerida theklae","Galerida theklae","Galerida theklae"
"349","Gallinago delicata","Gallinago delicata","Gallinago delicata"
"350","Gallinago gallinago","Gallinago gallinago","Gallinago gallinago"
"351","Gallinago hardwickii","Gallinago hardwickii","Gallinago hardwickii"
"352","Gallinago media","Gallinago media","Gallinago media"
"353","Gallinula chloropus","Gallinula chloropus","Gallinula chloropus"
"354","Gallirallus okinawae","Gallirallus okinawae",NA
"355","Garrulax canorus","Garrulax canorus","Garrulax canorus"
"356","Garrulus glandarius","Garrulus glandarius","Garrulus glandarius"
"357","Garrulus lidthi","Garrulus lidthi","Garrulus lidthi"
"358","Gavia arctica","Gavia arctica","Gavia arctica"
"359","Gavia immer","Gavia immer","Gavia immer"
"360","Gavia stellata","Gavia stellata","Gavia stellata"
"361","Gelochelidon nilotica","Gelochelidon nilotica","Gelochelidon nilotica"
"362","Gelochelidon nilotica","Gelochelidon nilotica","Gelochelidon macrotarsa"
"363","Geothlypis trichas","Geothlypis trichas","Geothlypis trichas"
"364","Glareola maldivarum","Glareola maldivarum","Glareola maldivarum"
"365","Glareola nordmanni","Glareola nordmanni","Glareola nordmanni"
"366","Glareola pratincola","Glareola pratincola","Glareola pratincola"
"367","Glaucidium passerinum","Glaucidium passerinum","Glaucidium passerinum"
"368","Gorsachius goisagi","Gorsachius goisagi","Gorsachius goisagi"
"369","Grus grus","Grus grus","Grus grus"
"370","Grus japonensis","Grus japonensis","Grus japonensis"
"371","Gypaetus barbatus","Gypaetus barbatus","Gypaetus barbatus"
"372","Gyps fulvus","Gyps fulvus","Gyps fulvus"
"373","Haematopus ostralegus","Haematopus ostralegus","Haematopus ostralegus"
"374","Haematopus palliatus","Haematopus palliatus","Haematopus palliatus"
"375","Halcyon coromanda","Halcyon coromanda","Halcyon coromanda"
"376","Haliaeetus albicilla","Haliaeetus albicilla","Haliaeetus albicilla"
"377","Haliaeetus leucocephalus","Haliaeetus leucocephalus","Haliaeetus leucocephalus"
"378","Helmitheros vermivorum","Helmitheros vermivorum","Helmitheros vermivorum"
"379","Hieraaetus pennatus","Hieraaetus pennatus","Hieraaetus pennatus"
"380","Himantopus himantopus","Himantopus himantopus","Himantopus himantopus"
"381","Hippolais icterina","Hippolais icterina","Hippolais icterina"
"382","Hippolais olivetorum","Hippolais olivetorum","Hippolais olivetorum"
"383","Hippolais polyglotta","Hippolais polyglotta","Hippolais polyglotta"
"384","Hirundapus caudacutus","Hirundapus caudacutus","Hirundapus caudacutus"
"385","Hirundo daurica","Cecropis daurica","Cecropis daurica"
"386","Hirundo rustica","Hirundo rustica","Hirundo rustica"
"387","Hirundo tahitica","Hirundo tahitica","Hirundo tahitica"
"388","Histrionicus histrionicus","Histrionicus histrionicus","Histrionicus histrionicus"
"389","Hydrobates castro","Hydrobates pelagicus","Hydrobates furcatus"
"390","Hydrobates castro","Hydrobates pelagicus","Hydrobates homochroa"
"391","Hydrobates castro","Hydrobates pelagicus","Hydrobates matsudairae"
"392","Hydrobates castro","Hydrobates pelagicus","Hydrobates pelagicus"
"393","Hydrobates castro","Hydrobates pelagicus","Hydrobates tethys"
"394","Hydrobates castro","Hydrobates pelagicus","Hydrobates castro"
"395","Hydrobates castro","Hydrobates pelagicus","Hydrobates leucorhous"
"396","Hydrobates leucorhous","Hydrobates pelagicus","Hydrobates furcatus"
"397","Hydrobates leucorhous","Hydrobates pelagicus","Hydrobates homochroa"
"398","Hydrobates leucorhous","Hydrobates pelagicus","Hydrobates matsudairae"
"399","Hydrobates leucorhous","Hydrobates pelagicus","Hydrobates pelagicus"
"400","Hydrobates leucorhous","Hydrobates pelagicus","Hydrobates tethys"
"401","Hydrobates leucorhous","Hydrobates pelagicus","Hydrobates castro"
"402","Hydrobates leucorhous","Hydrobates pelagicus","Hydrobates leucorhous"
"403","Hydrobates pelagicus","Hydrobates pelagicus","Hydrobates furcatus"
"404","Hydrobates pelagicus","Hydrobates pelagicus","Hydrobates homochroa"
"405","Hydrobates pelagicus","Hydrobates pelagicus","Hydrobates matsudairae"
"406","Hydrobates pelagicus","Hydrobates pelagicus","Hydrobates pelagicus"
"407","Hydrobates pelagicus","Hydrobates pelagicus","Hydrobates tethys"
"408","Hydrobates pelagicus","Hydrobates pelagicus","Hydrobates castro"
"409","Hydrobates pelagicus","Hydrobates pelagicus","Hydrobates leucorhous"
"410","Hydrocoloeus minutus","Hydrocoloeus minutus","Hydrocoloeus minutus"
"411","Hydropogne caspia","Hydroprogne caspia","Hydroprogne caspia"
"412","Hydroprogne caspia","Hydroprogne caspia","Hydroprogne caspia"
"413","Hylocichla mustelina","Hylocichla mustelina","Hylocichla mustelina"
"414","Hypsipetes amaurotis","Hypsipetes amaurotis","Hypsipetes affinis"
"415","Hypsipetes amaurotis","Hypsipetes amaurotis","Hypsipetes chloris"
"416","Hypsipetes amaurotis","Hypsipetes amaurotis","Hypsipetes amaurotis"
"417","Icteria virens","Icteria virens","Icteria virens"
"418","Icterus galbula","Icterus galbula","Icterus galbula"
"419","Icterus spurius","Icterus spurius","Icterus spurius"
"420","Iduna opaca","Iduna opaca","Iduna opaca"
"421","Iduna pallida","Iduna pallida","Iduna pallida"
"422","Ixobrychus cinnamomeus","Ixobrychus cinnamomeus","Ixobrychus cinnamomeus"
"423","Ixobrychus exilis","Ixobrychus exilis","Ixobrychus exilis"
"424","Ixobrychus minutus","Ixobrychus minutus","Ixobrychus minutus"
"425","Ixobrychus sinensis","Ixobrychus sinensis","Ixobrychus sinensis"
"426","Junco hyemalis","Junco hyemalis","Junco hyemalis"
"427","Jynx torquilla","Jynx torquilla","Jynx torquilla"
"428","Lagopus lagopus","Lagopus lagopus","Lagopus lagopus"
"429","Lagopus muta","Lagopus muta","Lagopus muta"
"430","Lanius bucephalus","Lanius bucephalus","Lanius bucephalus"
"431","Lanius collurio","Lanius collurio","Lanius collurio"
"432","Lanius cristatus","Lanius cristatus","Lanius cristatus"
"433","Lanius excubitor","Lanius excubitor","Lanius excubitor"
"434","Lanius ludovicianus","Lanius ludovicianus","Lanius ludovicianus"
"435","Lanius meridionalis","Lanius meridionalis","Lanius meridionalis"
"436","Lanius minor","Lanius minor","Lalage minor"
"437","Lanius minor","Lanius minor","Lanius minor"
"438","Lanius nubicus","Lanius nubicus","Lanius nubicus"
"439","Lanius senator","Lanius senator","Lanius senator"
"440","Lanius tigrinus","Lanius tigrinus","Lanius giganteus"
"441","Lanius tigrinus","Lanius tigrinus","Lanius tigrinus"
"442","Larus argentatus","Larus argentatus","Larus argentatus"
"443","Larus audouinii","Ichthyaetus audouinii","Larus audouinii"
"444","Larus cachinnans","Larus cachinnans","Larus cachinnans"
"445","Larus canus","Larus canus","Larus canus"
"446","Larus crassirostris","Larus crassirostris","Larus crassirostris"
"447","Larus delawarensis","Larus delawarensis","Larus delawarensis"
"448","Larus fuscus","Larus fuscus","Larus fuscus"
"449","Larus genei","Chroicocephalus genei","Larus genei"
"450","Larus hyperboreus","Larus hyperboreus","Larus hyperboreus"
"451","Larus ichthyaetus","Ichthyaetus ichthyaetus","Larus ichthyaetus"
"452","Larus marinus","Larus marinus","Larus marinus"
"453","Larus melanocephalus","Ichthyaetus melanocephalus","Larus melanocephalus"
"454","Larus michahellis","Larus michahellis","Larus michahellis"
"455","Larus ridibundus","Chroicocephalus ridibundus","Larus ridibundus"
"456","Larus schistisagus","Larus schistisagus","Larus schistisagus"
"457","Laterallus jamaicensis","Laterallus jamaicensis","Laterallus jamaicensis"
"458","Leiopicus medius","Leiopicus mahrattensis","Leiopicus auriceps"
"459","Leiopicus medius","Leiopicus mahrattensis","Leiopicus mahrattensis"
"460","Leiopicus medius","Leiopicus mahrattensis","Leiopicus medius"
"461","Leiothrix lutea","Leiothrix lutea","Leiothrix laurinae"
"462","Leiothrix lutea","Leiothrix lutea","Leiothrix lutea"
"463","Leucophaeus atricilla","Leucophaeus atricilla","Larus atricilla"
"464","Limosa lapponica","Limosa lapponica","Limosa lapponica"
"465","Limosa limosa","Limosa limosa","Limosa limosa"
"466","Linaria cannabina","Linaria cannabina","Linaria cannabina"
"467","Linaria flavirostris","Linaria flavirostris","Linaria flavirostris"
"468","Locustella fasciolata","Locustella fasciolata",NA
"469","Locustella fluviatilis","Locustella fluviatilis","Locustella fluviatilis"
"470","Locustella lanceolata","Locustella lanceolata","Locustella lanceolata"
"471","Locustella luscinioides","Locustella luscinioides","Locustella luscinioides"
"472","Locustella naevia","Locustella naevia","Locustella naevia"
"473","Locustella ochotensis","Locustella ochotensis",NA
"474","Locustella pleskei","Locustella pleskei","Locustella alfredi"
"475","Locustella pryeri","Locustella pryeri",NA
"476","Lonchura punctulata","Lonchura punctulata","Lonchura punctulata"
"477","Lophodytes cucullatus","Lophodytes cucullatus","Lophodytes cucullatus"
"478","Lophophanes cristatus","Lophophanes cristatus","Lophophanes cristatus"
"479","Loxia curvirostra","Loxia curvirostra","Loxia curvirostra"
"480","Loxia leucoptera","Loxia leucoptera","Loxia leucoptera"
"481","Loxia pytyopsittacus","Loxia pytyopsittacus","Loxia pytyopsittacus"
"482","Lullula arborea","Lullula arborea","Lullula arborea"
"483","Luscinia akahige","Luscinia cyane",NA
"484","Luscinia calliope","Luscinia calliope",NA
"485","Luscinia cyane","Luscinia cyane",NA
"486","Luscinia komadori","Luscinia obscura",NA
"487","Luscinia luscinia","Luscinia luscinia","Luscinia luscinia"
"488","Luscinia megarhynchos","Luscinia megarhynchos","Luscinia megarhynchos"
"489","Luscinia svecica","Luscinia svecica","Luscinia svecica"
"490","Lymnocryptes minimus","Lymnocryptes minimus","Lymnocryptes minimus"
"491","Lyrurus tetrix","Lyrurus tetrix","Lyrurus tetrix"
"492","Mareca penelope","Anas americana","Mareca americana"
"493","Mareca penelope","Anas americana","Mareca falcata"
"494","Mareca penelope","Anas americana","Mareca penelope"
"495","Mareca penelope","Anas americana","Mareca sibilatrix"
"496","Mareca penelope","Anas americana","Mareca strepera"
"497","Mareca strepera","Anas americana","Mareca americana"
"498","Mareca strepera","Anas americana","Mareca falcata"
"499","Mareca strepera","Anas americana","Mareca penelope"
"500","Mareca strepera","Anas americana","Mareca sibilatrix"
"501","Mareca strepera","Anas americana","Mareca strepera"
"502","Marmaronetta angustirostris","Marmaronetta angustirostris","Marmaronetta angustirostris"
"503","Megaceryle alcyon","Megaceryle alcyon","Megaceryle alcyon"
"504","Megaceryle lugubris","Megaceryle lugubris","Megaceryle lugubris"
"505","Megascops asio","Megascops asio","Megascops asio"
"506","Melanerpes carolinus","Melanerpes carolinus","Melanerpes carolinus"
"507","Melanerpes erythrocephalus","Melanerpes erythrocephalus","Melanerpes erythrocephalus"
"508","Melanitta fusca","Melanitta fusca","Melanitta fusca"
"509","Melanitta nigra","Melanitta nigra","Melanitta nigra"
"510","Melanitta nigra","Melanitta nigra","Melanitta stejnegeri"
"511","Melanocorypha calandra","Melanocorypha calandra","Melanocorypha calandra"
"512","Meleagris gallopavo","Meleagris gallopavo","Meleagris gallopavo"
"513","Melospiza georgiana","Melospiza georgiana","Melospiza georgiana"
"514","Melospiza lincolnii","Melospiza lincolnii","Melospiza lincolnii"
"515","Melospiza melodia","Melospiza melodia","Melospiza melodia"
"516","Mergellus albellus","Mergellus albellus","Mergellus albellus"
"517","Mergus merganser","Mergus merganser","Mergus merganser"
"518","Mergus serrator","Mergus serrator","Mergus serrator"
"519","Merops apiaster","Merops apiaster","Merops apiaster"
"520","Microcarbo pygmaeus","Microcarbo pygmeus","Microcarbo pygmaeus"
"521","Miliaria calandra","Emberiza calandra","Emberiza calandra"
"522","Milvus migrans","Milvus migrans","Milvus migrans"
"523","Milvus milvus","Milvus milvus","Milvus milvus"
"524","Mimus polyglottos","Mimus polyglottos","Mimus polyglottos"
"525","Mniotilta varia","Mniotilta varia","Mniotilta varia"
"526","Molothrus ater","Molothrus ater","Molothrus armenti"
"527","Molothrus ater","Molothrus ater","Molothrus ater"
"528","Monticola saxatilis","Monticola saxatilis","Monticola saxatilis"
"529","Monticola solitarius","Monticola solitarius","Monticola solitarius"
"530","Montifringilla nivalis","Montifringilla nivalis","Montifringilla nivalis"
"531","Morus bassanus","Morus bassanus","Morus bassanus"
"532","Motacilla alba","Motacilla alba","Motacilla alba"
"533","Motacilla cinerea","Motacilla cinerea","Motacilla cinerea"
"534","Motacilla citreola","Motacilla citreola","Motacilla citreola"
"535","Motacilla flava","Motacilla flava","Motacilla flava"
"536","Motacilla grandis","Motacilla grandis","Motacilla grandis"
"537","Muscicapa dauurica","Muscicapa latirostris","Muscicapa dauurica"
"538","Muscicapa sibirica","Muscicapa sibirica","Muscicapa sibirica"
"539","Muscicapa striata","Muscicapa striata","Muscicapa striata"
"540","Myiarchus crinitus","Myiarchus crinitus","Myiarchus crinitus"
"541","Myiopsitta monachus","Myiopsitta monachus","Myiopsitta monachus"
"542","Neophron percnopterus","Neophron percnopterus","Neophron percnopterus"
"543","Netta rufina","Netta rufina","Netta rufina"
"544","Ninox scutulata","Ninox scutulata","Ninox scutulata"
"545","Nisaetus nipalensis","Nisaetus nipalensis","Nisaetus nipalensis"
"546","Nucifraga caryocatactes","Nucifraga caryocatactes","Nucifraga caryocatactes"
"547","Numenius arquata","Numenius arquata","Numenius arquata"
"548","Numenius phaeopus","Numenius phaeopus","Numenius phaeopus"
"549","Nyctanassa violacea","Nyctanassa violacea","Nyctanassa violacea"
"550","Nycticorax nycticorax","Nycticorax nycticorax","Nycticorax nycticorax"
"551","Oenanthe hispanica","Oenanthe hispanica","Oenanthe hispanica"
"552","Oenanthe isabellina","Oenanthe isabellina","Oenanthe isabellina"
"553","Oenanthe leucura","Oenanthe leucura","Oenanthe leucura"
"554","Oenanthe oenanthe","Oenanthe oenanthe","Oenanthe oenanthe"
"555","Oenanthe pleschanka","Oenanthe pleschanka","Oenanthe pleschanka"
"556","Oporornis formosus","Geothlypis formosa","Geothlypis formosa"
"557","Oporornis philadelphia","Geothlypis philadelphia","Geothlypis philadelphia"
"558","Oriolus oriolus","Oriolus oriolus","Oriolus oriolus"
"559","Otis tarda","Otis tarda","Otis tarda"
"560","Otus elegans","Otus elegans","Otus elegans"
"561","Otus lempiji","Otus lempiji","Otus lempiji"
"562","Otus scops","Otus scops","Otus scops"
"563","Otus sunia","Otus sunia","Otus sunia"
"564","Oxyura jamaicensis","Oxyura jamaicensis","Oxyura jamaicensis"
"565","Oxyura leucocephala","Oxyura leucocephala","Oxyura leucocephala"
"566","Pandion haliaetus","Pandion haliaetus","Pandion haliaetus"
"567","Panurus biarmicus","Panurus biarmicus","Panurus biarmicus"
"568","Parula americana","Setophaga americana","Setophaga americana"
"569","Parus ater","Parus afer",NA
"570","Parus caeruleus","Elanus caeruleus","Elanus caeruleus"
"571","Parus cristatus","Lanius cristatus","Lanius cristatus"
"572","Parus major","Parus major","Parus major"
"573","Parus minor","Parus minor",NA
"574","Parus montanus","Passer montanus","Passer cinnamomeus"
"575","Parus montanus","Passer montanus","Passer montanus"
"576","Parus palustris","Parus holsti",NA
"577","Passer domesticus","Passer domesticus","Passer domesticus"
"578","Passer hispaniolensis","Passer hispaniolensis","Passer hispaniolensis"
"579","Passer italiae","Passer italiae","Passer italiae"
"580","Passer montanus","Passer montanus","Passer cinnamomeus"
"581","Passer montanus","Passer montanus","Passer montanus"
"582","Passer rutilans","Passer rutilans",NA
"583","Passerculus sandwichensis","Passerculus sandwichensis","Passerculus sandwichensis"
"584","Passerina caerulea","Passerina caerulea","Passerina caerulea"
"585","Passerina cyanea","Passerina cyanea","Passerina cyanea"
"586","Pastor roseus","Pastor roseus","Pastor roseus"
"587","Pelecanus crispus","Pelecanus crispus","Pelecanus crispus"
"588","Pelecanus onocrotalus","Pelecanus onocrotalus","Pelecanus onocrotalus"
"589","Perdix perdix","Perdix perdix","Perdix perdix"
"590","Pericrocotus divaricatus","Pericrocotus divaricatus","Pericrocotus divaricatus"
"591","Periparus ater","Periparus ater","Periparus ater"
"592","Perisoreus canadensis","Perisoreus canadensis","Perisoreus canadensis"
"593","Perisoreus infaustus","Perisoreus infaustus","Perisoreus infaustus"
"594","Pernis apivorus","Pernis apivorus","Pernis apivorus"
"595","Pernis ptilorhynchus","Pernis ptilorhynchus","Pernis ptilorhynchus"
"596","Petrochelidon pyrrhonota","Petrochelidon pyrrhonota","Petrochelidon pyrrhonota"
"597","Petronia petronia","Petronia petronia","Petronia petronia"
"598","Phalacrocorax auritus","Phalacrocorax auritus",NA
"599","Phalacrocorax capillatus","Phalacrocorax capillatus","Phalacrocorax capillatus"
"600","Phalacrocorax carbo","Phalacrocorax carbo","Phalacrocorax carbo"
"601","Phalacrocorax pelagicus","Phalacrocorax pelagicus",NA
"602","Phalaropus fulicarius","Phalaropus fulicarius","Phalaropus fulicarius"
"603","Phalaropus lobatus","Phalaropus lobatus","Phalaropus lobatus"
"604","Phasianus colchicus","Phasianus colchicus","Phasianus colchicus"
"605","Pheucticus ludovicianus","Pheucticus ludovicianus","Pheucticus ludovicianus"
"606","Phoenicopterus roseus","Phoenicopterus roseus","Phoenicopterus roseus"
"607","Phoenicurus auroreus","Phoenicurus auroreus","Phoenicurus fuliginosus"
"608","Phoenicurus auroreus","Phoenicurus auroreus","Phoenicurus auroreus"
"609","Phoenicurus ochruros","Phoenicurus ochruros","Phoenicurus ochruros"
"610","Phoenicurus phoenicurus","Phoenicurus phoenicurus","Phoenicurus phoenicurus"
"611","Phylloscopus bonelli","Phylloscopus bonelli","Phylloscopus bonelli"
"612","Phylloscopus borealis","Phylloscopus borealis","Phylloscopus borealis"
"613","Phylloscopus borealoides","Phylloscopus borealoides","Phylloscopus borealoides"
"614","Phylloscopus collybita","Phylloscopus collybita","Phylloscopus collybita"
"615","Phylloscopus coronatus","Phylloscopus coronatus","Phylloscopus coronatus"
"616","Phylloscopus ijimae","Phylloscopus ijimae","Phylloscopus ijimae"
"617","Phylloscopus orientalis","Phylloscopus orientalis","Phylloscopus orientalis"
"618","Phylloscopus sibilatrix","Phylloscopus sibillatrix","Phylloscopus sibilatrix"
"619","Phylloscopus trochiloides","Phylloscopus trochiloides","Phylloscopus trochiloides"
"620","Phylloscopus trochilus","Phylloscopus trochilus","Phylloscopus grammiceps"
"621","Phylloscopus trochilus","Phylloscopus trochilus","Phylloscopus trochilus"
"622","Phylloscopus trochilus","Phylloscopus trochilus","Phylloscopus nesophilus"
"623","Phylloscopus xanthodryas","Phylloscopus xanthodryas","Phylloscopus xanthodryas"
"624","Pica pica","Pica pica","Pica pica"
"625","Picoides arcticus","Picoides arcticus","Picoides arcticus"
"626","Picoides arcticus","Picoides arcticus","Picoides canicapillus"
"627","Picoides dorsalis","Picoides dorsalis","Picoides ramsayi"
"628","Picoides pubescens","Dryobates pubescens","Dryobates pubescens"
"629","Picoides pubescens","Dryobates pubescens","Picoides moluccensis"
"630","Picoides tridactylus","Picoides tridactylus","Picoides tridactylus"
"631","Picoides villosus","Leuconotopicus villosus","Leuconotopicus villosus"
"632","Picus awokera","Picus awokera","Picus awokera"
"633","Picus canus","Picus canus","Picus canus"
"634","Picus sharpei","Picus sharpei","Picus sharpei"
"635","Picus viridis","Picus viridis","Picus guerini"
"636","Picus viridis","Picus viridis","Picus viridis"
"637","Pinicola enucleator","Pinicola enucleator","Pinicola enucleator"
"638","Pipilo erythrophthalmus","Pipilo erythrophthalmus","Pipilo erythrophthalmus"
"639","Piranga olivacea","Piranga olivacea","Piranga olivacea"
"640","Piranga rubra","Piranga rubra","Piranga rubra"
"641","Pitta nympha","Pitta nympha","Pitta nympha"
"642","Platalea leucorodia","Platalea leucorodia","Platalea leucorodia"
"643","Plectrophenax nivalis","Plectrophenax nivalis","Plectrophenax nivalis"
"644","Plegadis falcinellus","Plegadis falcinellus","Plegadis falcinellus"
"645","Pluvialis apricaria","Pluvialis apricaria","Pluvialis apricaria"
"646","Podiceps auritus","Podiceps auritus","Podiceps auritus"
"647","Podiceps cristatus","Podiceps cristatus","Podiceps cristatus"
"648","Podiceps grisegena","Podiceps grisegena","Podiceps grisegena"
"649","Podiceps nigricollis","Podiceps nigricollis","Podiceps nigricollis"
"650","Podilymbus podiceps","Podilymbus podiceps","Podilymbus podiceps"
"651","Poecile atricapillus","Poecile atricapillus","Poecile atricapillus"
"652","Poecile cinctus","Poecile cinctus","Poecile cinctus"
"653","Poecile hudsonicus","Poecile hudsonicus","Poecile hudsonicus"
"654","Poecile lugubris","Poecile lugubris","Poecile lugubris"
"655","Poecile montanus","Poecile montanus","Poecile montanus"
"656","Poecile montanus","Poecile montanus","Poecile hyrcanus"
"657","Poecile palustris","Poecile palustris","Poecile palustris"
"658","Poecile varius","Poecile varius",NA
"659","Polioptila caerulea","Polioptila caerulea","Polioptila caerulea"
"660","Pooecetes gramineus","Pooecetes gramineus","Pooecetes gramineus"
"661","Pooecetes gramineus","Pooecetes gramineus","Poodytes gramineus"
"662","Porphyrio porphyrio","Porphyrio porphyrio","Porphyrio porphyrio"
"663","Porzana carolina","Porzana carolina","Porzana carolina"
"664","Porzana fusca","Porzana fusca","Porzana fasciata"
"665","Porzana parva","Porzana parva",NA
"666","Porzana porzana","Porzana porzana","Porzana porzana"
"667","Progne subis","Progne subis","Progne subis"
"668","Protonotaria citrea","Protonotaria citrea","Protonotaria citrea"
"669","Prunella collaris","Prunella collaris","Prunella collaris"
"670","Prunella modularis","Prunella modularis","Prunella modularis"
"671","Prunella rubida","Prunella rubida","Prunella rubida"
"672","Psittacula krameri","Psittacula krameri",NA
"673","Pterocles alchata","Pterocles alchata","Pterocles alchata"
"674","Pterocles orientalis","Pterocles orientalis","Pterocles orientalis"
"675","Ptyonoprogne rupestris","Ptyonoprogne rupestris","Ptyonoprogne rupestris"
"676","Puffinus lherminieri","Puffinus lherminieri","Puffinus lherminieri"
"677","Puffinus mauretanicus","Puffinus mauretanicus","Puffinus mauretanicus"
"678","Puffinus puffinus","Puffinus puffinus","Puffinus puffinus"
"679","Puffinus yelkouan","Puffinus yelkouan","Puffinus elegans"
"680","Puffinus yelkouan","Puffinus yelkouan","Puffinus yelkouan"
"681","Pycnonotus sinensis","Pycnonotus sinensis","Pycnonotus sinensis"
"682","Pyrrhocorax graculus","Pyrrhocorax graculus","Pyrrhocorax graculus"
"683","Pyrrhocorax pyrrhocorax","Pyrrhocorax pyrrhocorax","Pyrrhocorax pyrrhocorax"
"684","Pyrrhula pyrrhula","Pyrrhula pyrrhula","Pyrrhula pyrrhula"
"685","Quiscalus major","Quiscalus major","Quiscalus major"
"686","Quiscalus quiscula","Quiscalus quiscula","Quiscalus quiscula"
"687","Rallina eurizonoides","Rallina eurizonoides","Rallina eurizonoides"
"688","Rallus aquaticus","Rallus aquaticus","Rallus aquaticus"
"689","Rallus elegans","Rallus elegans","Rallus elegans"
"690","Rallus elegans","Rallus elegans","Rallus crepitans"
"691","Rallus limicola","Rallus limicola","Rallus limicola"
"692","Rallus longirostris","Rallus longirostris","Rallus longirostris"
"693","Rallus longirostris","Rallus longirostris","Rallus tenuirostris"
"694","Recurvirostra avosetta","Recurvirostra avosetta","Recurvirostra avosetta"
"695","Regulus calendula","Regulus calendula",NA
"696","Regulus ignicapilla","Regulus ignicapilla","Regulus ignicapilla"
"697","Regulus ignicapillus","Regulus ignicapilla","Regulus ignicapilla"
"698","Regulus regulus","Regulus regulus","Regulus regulus"
"699","Regulus satrapa","Regulus satrapa","Regulus satrapa"
"700","Remiz pendulinus","Remiz pendulinus","Remiz pendulinus"
"701","Riparia riparia","Riparia riparia","Riparia riparia"
"702","Rissa tridactyla","Rissa tridactyla","Rissa tridactyla"
"703","Rostratula benghalensis","Rostratula benghalensis","Rostratula benghalensis"
"704","Rynchops niger","Rynchops niger","Rynchops niger"
"705","Sapheopipo noguchii","Dendrocopos noguchii","Dendrocopos noguchii"
"706","Saxicola rubetra","Saxicola rubetra","Saxicola rubetra"
"707","Saxicola torquata","Saxicola torquatus","Saxicola torquatus"
"708","Saxicola torquatus","Saxicola torquatus","Saxicola torquatus"
"709","Sayornis phoebe","Sayornis phoebe","Sayornis phoebe"
"710","Scolopax minor","Scolopax minor","Scolopax minor"
"711","Scolopax rusticola","Scolopax rusticola","Scolopax rusticola"
"712","Seiurus aurocapilla","Seiurus aurocapilla","Seiurus aurocapilla"
"713","Seiurus motacilla","Parkesia motacilla","Parkesia motacilla"
"714","Seiurus noveboracensis","Parkesia noveboracensis","Parkesia noveboracensis"
"715","Serinus serinus","Serinus serinus","Serinus serinus"
"716","Setophaga ruticilla","Setophaga ruticilla","Setophaga ruticilla"
"717","Sialia sialis","Sialia sialis","Sialia sialis"
"718","Sitta canadensis","Sitta canadensis","Sitta canadensis"
"719","Sitta carolinensis","Sitta carolinensis","Sitta carolinensis"
"720","Sitta europaea","Sitta europaea","Sitta europaea"
"721","Sitta neumayer","Sitta neumayer","Sitta neumayer"
"722","Somateria mollissima","Somateria mollissima","Somateria mollissima"
"723","Somateria spectabilis","Somateria spectabilis","Somateria spectabilis"
"724","Sphyrapicus varius","Sphyrapicus varius","Sphyrapicus varius"
"725","Spilopelia senegalensis","Spilopelia senegalensis","Spilopelia suratensis"
"726","Spilopelia senegalensis","Spilopelia senegalensis","Spilopelia senegalensis"
"727","Spilornis cheela","Spilornis cheela","Spilornis cheela"
"728","Spinus pinus","Spinus pinus","Spinus pinus"
"729","Spinus spinus","Spinus spinus","Spinus spinus"
"730","Spinus tristis","Spinus tristis","Spinus tristis"
"731","Spiza americana","Spiza americana","Spiza americana"
"732","Spizella pallida","Spizella pallida","Spizella pallida"
"733","Spizella passerina","Spizella passerina","Spizella passerina"
"734","Spizella pusilla","Spizella pusilla","Spizella pusilla"
"735","Spodiopsar cineraceus","Spodiopsar cineraceus","Spodiopsar cineraceus"
"736","Stelgidopteryx serripennis","Stelgidopteryx serripennis","Stelgidopteryx serripennis"
"737","Stercorarius longicaudus","Stercorarius longicaudus","Stercorarius longicaudus"
"738","Stercorarius parasiticus","Stercorarius parasiticus","Stercorarius parasiticus"
"739","Sterna albifrons","Sternula albifrons","Sternula albifrons"
"740","Sterna dougallii","Sterna dougallii","Sterna dougallii"
"741","Sterna forsteri","Sterna forsteri","Sterna forsteri"
"742","Sterna hirundo","Sterna hirundo","Sterna hirundo"
"743","Sterna paradisaea","Sterna paradisaea","Sterna paradisaea"
"744","Sterna sumatrana","Sterna sumatrana","Sterna sumatrana"
"745","Sternula albifrons","Sternula albifrons","Sternula albifrons"
"746","Sternula antillarum","Sternula antillarum","Sternula antillarum"
"747","Streptopelia decaocto","Streptopelia decaocto","Streptopelia decaocto"
"748","Streptopelia orientalis","Streptopelia orientalis","Streptopelia orientalis"
"749","Streptopelia turtur","Streptopelia turtur","Streptopelia turtur"
"750","Strix aluco","Strix aluco","Strix aluco"
"751","Strix nebulosa","Strix nebulosa","Strix nebulosa"
"752","Strix uralensis","Strix uralensis","Strix uralensis"
"753","Strix varia","Strix varia","Strix varia"
"754","Sturnella magna","Sturnella magna","Sturnella magna"
"755","Sturnella neglecta","Sturnella neglecta","Sturnella neglecta"
"756","Sturnus unicolor","Sturnus unicolor","Sturnus unicolor"
"757","Sturnus vulgaris","Sturnus vulgaris","Sturnus vulgaris"
"758","Sula leucogaster","Sula leucogaster","Sula leucogaster"
"759","Surnia ulula","Surnia ulula","Surnia ulula"
"760","Sylvia atricapilla","Sylvia atricapilla","Sylvia nigricapillus"
"761","Sylvia atricapilla","Sylvia atricapilla","Sylvia atricapilla"
"762","Sylvia borin","Sylvia borin","Sylvia dohrni"
"763","Sylvia borin","Sylvia borin","Sylvia borin"
"764","Sylvia cantillans","Sylvia cantillans",NA
"765","Sylvia communis","Sylvia communis",NA
"766","Sylvia conspicillata","Sylvia conspicillata",NA
"767","Sylvia crassirostris","Sylvia crassirostris",NA
"768","Sylvia curruca","Sylvia curruca",NA
"769","Sylvia hortensis","Sylvia hortensis",NA
"770","Sylvia melanocephala","Sylvia melanocephala",NA
"771","Sylvia nisoria","Sylvia nisoria",NA
"772","Sylvia undata","Sylvia undata",NA
"773","Syrmaticus reevesii","Syrmaticus reevesii","Syrmaticus reevesii"
"774","Syrmaticus soemmerringii","Syrmaticus soemmerringii","Syrmaticus soemmerringii"
"775","Tachybaptus ruficollis","Tachybaptus ruficollis","Tachybaptus ruficollis"
"776","Tachycineta bicolor","Tachycineta bicolor","Tachycineta bicolor"
"777","Tachymarptis melba","Tachymarptis melba","Tachymarptis melba"
"778","Tadorna ferruginea","Tadorna ferruginea","Tadorna ferruginea"
"779","Tadorna tadorna","Tadorna tadorna","Tadorna tadorna"
"780","Tarsiger cyanurus","Tarsiger cyanurus","Tarsiger cyanurus"
"781","Terpsiphone atrocaudata","Terpsiphone atrocaudata","Terpsiphone atrocaudata"
"782","Tetrao tetrix","Lyrurus tetrix","Lyrurus tetrix"
"783","Tetrao urogallus","Tetrao urogallus","Tetrao urogalloides"
"784","Tetrao urogallus","Tetrao urogallus","Tetrao urogallus"
"785","Tetrastes bonasia","Tetrastes bonasia","Tetrastes bonasia"
"786","Tetrax tetrax","Tetrax tetrax","Tetrax tetrax"
"787","Thalasseus sandvicensis","Thalasseus sandvicensis","Thalasseus sandvicensis"
"788","Thryothorus ludovicianus","Thryothorus ludovicianus","Thryothorus ludovicianus"
"789","Tichodroma muraria","Tichodroma muraria","Tichodroma muraria"
"790","Toxostoma rufum","Toxostoma rufum","Toxostoma rufum"
"791","Treron formosae","Treron formosae","Treron formosae"
"792","Treron sieboldii","Treron sieboldii","Treron sieboldii"
"793","Tringa erythropus","Tringa erythropus","Tringa erythropus"
"794","Tringa glareola","Tringa glareola","Tringa glareola"
"795","Tringa nebularia","Tringa nebularia","Tringa nebularia"
"796","Tringa ochropus","Tringa ochropus","Tringa ochropus"
"797","Tringa semipalmata","Tringa semipalmata","Tringa semipalmata"
"798","Tringa stagnatilis","Tringa stagnatilis","Tringa stagnatilis"
"799","Tringa totanus","Tringa totanus","Tringa totanus"
"800","Troglodytes aedon","Troglodytes aedon","Troglodytes aedon"
"801","Troglodytes troglodytes","Troglodytes troglodytes","Troglodytes troglodytes"
"802","Turdus cardis","Turdus cardis","Turdus cardis"
"803","Turdus celaenops","Turdus celaenops","Turdus celaenops"
"804","Turdus chrysolaus","Turdus chrysolaus","Turdus chrysolaus"
"805","Turdus iliacus","Turdus iliacus","Turdus iliacus"
"806","Turdus merula","Turdus merula","Turdus eremita"
"807","Turdus merula","Turdus merula","Turdus merula"
"808","Turdus migratorius","Turdus migratorius","Turdus migratorius"
"809","Turdus pallidus","Turdus pallidus","Turdus pallidus"
"810","Turdus philomelos","Turdus philomelos","Turdus philomelos"
"811","Turdus pilaris","Turdus pilaris","Turdus pilaris"
"812","Turdus torquatus","Turdus torquatus","Turdus torquatus"
"813","Turdus viscivorus","Turdus viscivorus","Turdus viscivorus"
"814","Turnix suscitator","Turnix suscitator","Turnix suscitator"
"815","Tyrannus tyrannus","Tyrannus tyrannus","Lanius corvinus"
"816","Tyrannus tyrannus","Tyrannus tyrannus","Tyrannus tyrannus"
"817","Tyto alba","Tyto alba","Tyto alba"
"818","Tyto alba","Tyto alba","Tyto almae"
"819","Upupa epops","Upupa epops","Upupa epops"
"820","Uragus sibiricus","Carpodacus sibiricus","Carpodacus sibiricus"
"821","Uria aalge","Uria aalge","Uria aalge"
"822","Uria lomvia","Uria lomvia","Uria lomvia"
"823","Urosphena squameiceps","Urosphena squameiceps","Urosphena squameiceps"
"824","Vanellus cinereus","Vanellus cinereus","Vanellus cinereus"
"825","Vanellus vanellus","Vanellus vanellus","Vanellus vanellus"
"826","Vermivora chrysoptera","Vermivora chrysoptera","Vermivora chrysoptera"
"827","Vermivora peregrina","Leiothlypis peregrina","Leiothlypis peregrina"
"828","Vermivora pinus","Setophaga pinus","Setophaga pinus"
"829","Vermivora ruficapilla","Leiothlypis ruficapilla","Leiothlypis ruficapilla"
"830","Vireo flavifrons","Vireo flavifrons","Vireo flavifrons"
"831","Vireo gilvus","Vireo gilvus","Vireo gilvus"
"832","Vireo griseus","Vireo griseus","Vireo griseus"
"833","Vireo olivaceus","Vireo olivaceus","Vireo olivaceus"
"834","Vireo philadelphicus","Vireo philadelphicus","Vireo philadelphicus"
"835","Vireo solitarius","Vireo solitarius","Vireo solitarius"
"836","Wilsonia canadensis","Cardellina canadensis","Cardellina canadensis"
"837","Wilsonia citrina","Setophaga citrina","Setophaga citrina"
"838","Wilsonia pusilla","Cardellina pusilla","Cardellina pusilla"
"839","Xenus cinereus","Xenus cinereus","Xenus cinereus"
"840","Zenaida macroura","Zenaida macroura","Zenaida macroura"
"841","Zonotrichia albicollis","Zonotrichia albicollis","Zonotrichia albicollis"
"842","Zoothera dauma","Zoothera dauma","Zoothera dauma"
"843","Zoothera sibirica","Geokichla sibirica","Geokichla sibirica"
"844","Zosterops japonicus","Zosterops japonicus","Zosterops japonicus"
