original_verbatim_name,name_in_data,wordCount,cellID,submitted_name,Birds of the World,eBird/Clements,American Ornithological Society,GBIF,BirdLife
Acanthis flammea,Acanthis flammea,2,NA,Acanthis flammea,Acanthis flammea,Acanthis flammea,Acanthis flammea,NA,NA
Accipiter badius,Accipiter badius,2,NA,Accipiter badius,Accipiter badius,NA,Accipiter badius,Accipiter badius,Accipiter badius
Accipiter brevipes,Accipiter brevipes,2,NA,Accipiter brevipes,Accipiter brevipes,NA,Accipiter brevipes,Accipiter brevipes,Accipiter brevipes
Accipiter gentilis,Accipiter gentilis,2,NA,Accipiter gentilis,Accipiter gentilis,Accipiter gentilis,Accipiter gentilis,Accipiter gentilis,Accipiter gentilis
Accipiter nisus,Accipiter nisus,2,NA,Accipiter nisus,Accipiter nisus,NA,Accipiter nisus,Accipiter nisus,Accipiter nisus
Acridotheres cristatellus,Acridotheres cristatellus,2,NA,Acridotheres cristatellus,Acridotheres cristatellus,NA,Acridotheres cristatellus,Acridotheres cristatellus,Acridotheres cristatellus
Acridotheres tristis,Acridotheres tristis,2,NA,Acridotheres tristis,Acridotheres tristis,Acridotheres tristis,Acridotheres tristis,Acridotheres tristis,Acridotheres tristis
Acrocephalus agricola,Acrocephalus agricola,2,NA,Acrocephalus agricola,Acrocephalus agricola,NA,Acrocephalus agricola,Acrocephalus agricola,Acrocephalus agricola
Acrocephalus arundinaceus,Acrocephalus arundinaceus,2,NA,Acrocephalus arundinaceus,Acrocephalus arundinaceus,NA,Acrocephalus arundinaceus,Acrocephalus arundinaceus,Acrocephalus arundinaceus
Acrocephalus dumetorum,Acrocephalus dumetorum,2,NA,Acrocephalus dumetorum,Acrocephalus dumetorum,Acrocephalus dumetorum,Acrocephalus dumetorum,Acrocephalus dumetorum,Acrocephalus dumetorum
Acrocephalus melanopogon,Acrocephalus melanopogon,2,NA,Acrocephalus melanopogon,Acrocephalus melanopogon,NA,Acrocephalus melanopogon,Acrocephalus melanopogon,Acrocephalus melanopogon
Acrocephalus paludicola,Acrocephalus paludicola,2,NA,Acrocephalus paludicola,Acrocephalus paludicola,NA,Acrocephalus paludicola,Acrocephalus paludicola,Acrocephalus paludicola
Acrocephalus palustris,Acrocephalus palustris,2,NA,Acrocephalus palustris,Acrocephalus palustris,NA,Acrocephalus palustris,Acrocephalus palustris,Acrocephalus palustris
Acrocephalus schoenobaenus,Acrocephalus schoenobaenus,2,NA,Acrocephalus schoenobaenus,Acrocephalus schoenobaenus,Acrocephalus schoenobaenus,Acrocephalus schoenobaenus,Acrocephalus schoenobaenus,Acrocephalus schoenobaenus
Acrocephalus scirpaceus,Acrocephalus scirpaceus,2,NA,Acrocephalus scirpaceus,Acrocephalus scirpaceus,NA,Acrocephalus scirpaceus,Acrocephalus scirpaceus,Acrocephalus scirpaceus
Actitis hypoleucos,Actitis hypoleucos,2,NA,Actitis hypoleucos,Actitis hypoleucos,Actitis hypoleucos,Actitis hypoleucos,Actitis hypoleucos,Actitis hypoleucos
Actitis macularius,Actitis macularius,2,NA,Actitis macularius,Actitis macularius,Actitis macularius,Actitis macularius,Actitis macularius,Actitis macularius
Aegithalos caudatus,Aegithalos caudatus,2,NA,Aegithalos caudatus,Aegithalos caudatus,NA,Aegithalos caudatus,Aegithalos caudatus,Aegithalos caudatus
Aegolius funereus,Aegolius funereus,2,NA,Aegolius funereus,Aegolius funereus,Aegolius funereus,Aegolius funereus,Aegolius funereus,Aegolius funereus
Aegypius monachus,Aegypius monachus,2,NA,Aegypius monachus,Aegypius monachus,NA,Aegypius monachus,Aegypius monachus,Aegypius monachus
Agapornis fischeri,Agapornis fischeri,2,NA,Agapornis fischeri,Agapornis fischeri,NA,Agapornis fischeri,Agapornis fischeri,Agapornis fischeri
Agapornis personatus,Agapornis personatus,2,NA,Agapornis personatus,Agapornis personatus,NA,Agapornis personatus,Agapornis personatus,Agapornis personatus
Aix galericulata,Aix galericulata,2,NA,Aix galericulata,Aix galericulata,NA,Aix galericulata,Aix galericulata,Aix galericulata
Aix sponsa,Aix sponsa,2,NA,Aix sponsa,Aix sponsa,Aix sponsa,Aix sponsa,Aix sponsa,Aix sponsa
Alauda arvensis,Alauda arvensis,2,NA,Alauda arvensis,Alauda arvensis,Alauda arvensis,Alauda arvensis,Alauda arvensis,Alauda arvensis
Alauda leucoptera,Alauda leucoptera,2,NA,Alauda leucoptera,Alauda leucoptera,NA,Alauda leucoptera,NA,NA
Alaudala rufescens,Alaudala rufescens,2,NA,Alaudala rufescens,Alaudala rufescens,NA,Alaudala rufescens,NA,NA
Alca torda,Alca torda,2,NA,Alca torda,Alca torda,Alca torda,Alca torda,Alca torda,Alca torda
Alcedo atthis,Alcedo atthis,2,NA,Alcedo atthis,Alcedo atthis,NA,Alcedo atthis,Alcedo atthis,Alcedo atthis
Alectoris barbara,Alectoris barbara,2,NA,Alectoris barbara,Alectoris barbara,NA,Alectoris barbara,Alectoris barbara,Alectoris barbara
Alectoris chukar,Alectoris chukar,2,NA,Alectoris chukar,Alectoris chukar,Alectoris chukar,Alectoris chukar,Alectoris chukar,Alectoris chukar
Alectoris graeca,Alectoris graeca,2,NA,Alectoris graeca,Alectoris graeca,NA,Alectoris graeca,Alectoris graeca,Alectoris graeca
Alectoris rufa,Alectoris rufa,2,NA,Alectoris rufa,Alectoris rufa,NA,Alectoris rufa,Alectoris rufa,Alectoris rufa
Alle alle,Alle alle,2,NA,Alle alle,Alle alle,Alle alle,Alle alle,Alle alle,Alle alle
Alopochen aegyptiaca,Alopochen aegyptiaca,2,NA,Alopochen aegyptiaca,Alopochen aegyptiaca,Alopochen aegyptiaca,Alopochen aegyptiaca,Alopochen aegyptiaca,Alopochen aegyptiaca
Amandava amandava,Amandava amandava,2,NA,Amandava amandava,Amandava amandava,Amandava amandava,Amandava amandava,Amandava amandava,Amandava amandava
Amazona aestiva,Amazona aestiva,2,NA,Amazona aestiva,Amazona aestiva,NA,Amazona aestiva,Amazona aestiva,Amazona aestiva
Amazona oratrix,Amazona oratrix,2,NA,Amazona oratrix,Amazona oratrix,Amazona oratrix,Amazona oratrix,Amazona oratrix,Amazona oratrix
Ammomanes deserti,Ammomanes deserti,2,NA,Ammomanes deserti,Ammomanes deserti,NA,Ammomanes deserti,Ammomanes deserti,Ammomanes deserti
Ammoperdix griseogularis,Ammoperdix griseogularis,2,NA,Ammoperdix griseogularis,Ammoperdix griseogularis,NA,Ammoperdix griseogularis,Ammoperdix griseogularis,Ammoperdix griseogularis
Anas acuta,Anas acuta,2,NA,Anas acuta,Anas acuta,Anas acuta,Anas acuta,Anas acuta,Anas acuta
Anas bahamensis,Anas bahamensis,2,NA,Anas bahamensis,Anas bahamensis,Anas bahamensis,Anas bahamensis,Anas bahamensis,Anas bahamensis
Anas crecca,Anas crecca,2,NA,Anas crecca,Anas crecca,Anas crecca,Anas crecca,Anas crecca,Anas crecca
Anas platyrhynchos,Anas platyrhynchos,2,NA,Anas platyrhynchos,Anas platyrhynchos,Anas platyrhynchos,Anas platyrhynchos,Anas platyrhynchos,Anas platyrhynchos
Anas rubripes,Anas rubripes,2,NA,Anas rubripes,Anas rubripes,Anas rubripes,Anas rubripes,Anas rubripes,Anas rubripes
Anser albifrons,Anser albifrons,2,NA,Anser albifrons,Anser albifrons,Anser albifrons,Anser albifrons,Anser albifrons,Anser albifrons
Anser anser,Anser anser,2,NA,Anser anser,Anser anser,Anser anser,Anser anser,Anser anser,Anser anser
Anser brachyrhynchus,Anser brachyrhynchus,2,NA,Anser brachyrhynchus,Anser brachyrhynchus,Anser brachyrhynchus,Anser brachyrhynchus,Anser brachyrhynchus,Anser brachyrhynchus
Anser caerulescens,Anser caerulescens,2,NA,Anser caerulescens,Anser caerulescens,Anser caerulescens,Anser caerulescens,NA,Anser caerulescens
Anser canagicus,Anser canagicus,2,NA,Anser canagicus,Anser canagicus,Anser canagicus,Anser canagicus,NA,Anser canagicus
Anser cygnoid,Anser cygnoid,2,NA,Anser cygnoid,NA,NA,Anser cygnoid,NA,Anser cygnoid
Anser erythropus,Anser erythropus,2,NA,Anser erythropus,Anser erythropus,Anser erythropus,Anser erythropus,Anser erythropus,Anser erythropus
Anser fabalis,Anser fabalis,2,NA,Anser fabalis,Anser fabalis,Anser fabalis,Anser fabalis,Anser fabalis,Anser fabalis
Anser indicus,Anser indicus,2,NA,Anser indicus,Anser indicus,NA,Anser indicus,Anser indicus,Anser indicus
Anthropoides virgo,Anthropoides virgo,2,NA,Anthropoides virgo,Anthropoides virgo,NA,Anthropoides virgo,NA,Anthropoides virgo
Anthus berthelotii,Anthus berthelotii,2,NA,Anthus berthelotii,Anthus berthelotii,NA,Anthus berthelotii,Anthus berthelotii,Anthus berthelotii
Anthus campestris,Anthus campestris,2,NA,Anthus campestris,Anthus campestris,NA,Anthus campestris,Anthus campestris,Anthus campestris
Anthus cervinus,Anthus cervinus,2,NA,Anthus cervinus,Anthus cervinus,Anthus cervinus,Anthus cervinus,Anthus cervinus,Anthus cervinus
Anthus hodgsoni,Anthus hodgsoni,2,NA,Anthus hodgsoni,Anthus hodgsoni,Anthus hodgsoni,Anthus hodgsoni,Anthus hodgsoni,Anthus hodgsoni
Anthus petrosus,Anthus petrosus,2,NA,Anthus petrosus,Anthus petrosus,NA,Anthus petrosus,Anthus petrosus,Anthus petrosus
Anthus pratensis,Anthus pratensis,2,NA,Anthus pratensis,Anthus pratensis,Anthus pratensis,Anthus pratensis,Anthus pratensis,Anthus pratensis
Anthus spinoletta,Anthus spinoletta,2,NA,Anthus spinoletta,Anthus spinoletta,NA,Anthus spinoletta,Anthus spinoletta,Anthus spinoletta
Anthus trivialis,Anthus trivialis,2,NA,Anthus trivialis,Anthus trivialis,Anthus trivialis,Anthus trivialis,Anthus trivialis,Anthus trivialis
Apus affinis,Apus affinis,2,NA,Apus affinis,Apus affinis,NA,Apus affinis,Apus affinis,Apus affinis
Apus apus,Apus apus,2,NA,Apus apus,Apus apus,Apus apus,Apus apus,Apus apus,Apus apus
Apus caffer,Apus caffer,2,NA,Apus caffer,Apus caffer,NA,Apus caffer,Apus caffer,Apus caffer
Apus pallidus,Apus pallidus,2,NA,Apus pallidus,Apus pallidus,NA,Apus pallidus,Apus pallidus,Apus pallidus
Apus unicolor,Apus unicolor,2,NA,Apus unicolor,Apus unicolor,NA,Apus unicolor,Apus unicolor,Apus unicolor
Aquila adalberti,Aquila adalberti,2,NA,Aquila adalberti,Aquila adalberti,NA,Aquila adalberti,Aquila adalberti,Aquila adalberti
Aquila chrysaetos,Aquila chrysaetos,2,NA,Aquila chrysaetos,Aquila chrysaetos,Aquila chrysaetos,Aquila chrysaetos,Aquila chrysaetos,Aquila chrysaetos
Aquila fasciata,Aquila fasciata,2,NA,Aquila fasciata,Aquila fasciata,NA,Aquila fasciata,Aquila fasciata,Aquila fasciata
Aquila heliaca,Aquila heliaca,2,NA,Aquila heliaca,Aquila heliaca,NA,Aquila heliaca,Aquila heliaca,Aquila heliaca
Aquila nipalensis,Aquila nipalensis,2,NA,Aquila nipalensis,Aquila nipalensis,NA,Aquila nipalensis,Aquila nipalensis,Aquila nipalensis
Aratinga nenday,Aratinga nenday,2,NA,Aratinga nenday,Aratinga nenday,Aratinga nenday,Aratinga nenday,NA,Aratinga nenday
Ardea alba,Ardea alba,2,NA,Ardea alba,Ardea alba,Ardea alba,Ardea alba,Ardea alba,Ardea alba
Ardea cinerea,Ardea cinerea,2,NA,Ardea cinerea,Ardea cinerea,Ardea cinerea,Ardea cinerea,Ardea cinerea,Ardea cinerea
Ardea purpurea,Ardea purpurea,2,NA,Ardea purpurea,Ardea purpurea,Ardea purpurea,Ardea purpurea,Ardea purpurea,Ardea purpurea
Ardeola ralloides,Ardeola ralloides,2,NA,Ardeola ralloides,Ardeola ralloides,NA,Ardeola ralloides,Ardeola ralloides,Ardeola ralloides
Arenaria interpres,Arenaria interpres,2,NA,Arenaria interpres,Arenaria interpres,Arenaria interpres,Arenaria interpres,Arenaria interpres,Arenaria interpres
Argya altirostris,Argya altirostris,2,NA,Argya altirostris,Argya altirostris,NA,Argya altirostris,NA,NA
Asio flammeus,Asio flammeus,2,NA,Asio flammeus,Asio flammeus,Asio flammeus,Asio flammeus,Asio flammeus,Asio flammeus
Asio otus,Asio otus,2,NA,Asio otus,Asio otus,Asio otus,Asio otus,Asio otus,Asio otus
Athene noctua,Athene noctua,2,NA,Athene noctua,Athene noctua,NA,Athene noctua,Athene noctua,Athene noctua
Aythya affinis,Aythya affinis,2,NA,Aythya affinis,Aythya affinis,Aythya affinis,Aythya affinis,Aythya affinis,Aythya affinis
Aythya collaris,Aythya collaris,2,NA,Aythya collaris,Aythya collaris,Aythya collaris,Aythya collaris,Aythya collaris,Aythya collaris
Aythya ferina,Aythya ferina,2,NA,Aythya ferina,Aythya ferina,Aythya ferina,Aythya ferina,Aythya ferina,Aythya ferina
Aythya fuligula,Aythya fuligula,2,NA,Aythya fuligula,Aythya fuligula,Aythya fuligula,Aythya fuligula,Aythya fuligula,Aythya fuligula
Aythya marila,Aythya marila,2,NA,Aythya marila,Aythya marila,Aythya marila,Aythya marila,Aythya marila,Aythya marila
Aythya nyroca,Aythya nyroca,2,NA,Aythya nyroca,Aythya nyroca,NA,Aythya nyroca,Aythya nyroca,Aythya nyroca
Bombycilla garrulus,Bombycilla garrulus,2,NA,Bombycilla garrulus,Bombycilla garrulus,Bombycilla garrulus,Bombycilla garrulus,Bombycilla garrulus,Bombycilla garrulus
Bonasa bonasia,Bonasa bonasia,2,NA,Bonasa bonasia,NA,NA,Bonasa bonasia,NA,Bonasa bonasia
Botaurus stellaris,Botaurus stellaris,2,NA,Botaurus stellaris,Botaurus stellaris,NA,Botaurus stellaris,Botaurus stellaris,Botaurus stellaris
Branta bernicla,Branta bernicla,2,NA,Branta bernicla,Branta bernicla,Branta bernicla,Branta bernicla,Branta bernicla,Branta bernicla
Branta canadensis,Branta canadensis,2,NA,Branta canadensis,Branta canadensis,Branta canadensis,Branta canadensis,Branta canadensis,Branta canadensis
Branta hutchinsii,Branta hutchinsii,2,NA,Branta hutchinsii,Branta hutchinsii,Branta hutchinsii,Branta hutchinsii,Branta hutchinsii,Branta hutchinsii
Branta leucopsis,Branta leucopsis,2,NA,Branta leucopsis,Branta leucopsis,Branta leucopsis,Branta leucopsis,Branta leucopsis,Branta leucopsis
Bubo bubo,Bubo bubo,2,NA,Bubo bubo,Bubo bubo,NA,Bubo bubo,Bubo bubo,Bubo bubo
Bubo scandiacus,Bubo scandiacus,2,NA,Bubo scandiacus,Bubo scandiacus,Bubo scandiacus,Bubo scandiacus,Bubo scandiacus,Bubo scandiacus
Bubulcus ibis,Bubulcus ibis,2,NA,Bubulcus ibis,Bubulcus ibis,Bubulcus ibis,Bubulcus ibis,Bubulcus ibis,Bubulcus ibis
Bucanetes githagineus,Bucanetes githagineus,2,NA,Bucanetes githagineus,Bucanetes githagineus,NA,Bucanetes githagineus,Bucanetes githagineus,Bucanetes githagineus
Bucanetes mongolicus,Bucanetes mongolicus,2,NA,Bucanetes mongolicus,Bucanetes mongolicus,NA,Bucanetes mongolicus,NA,Bucanetes mongolicus
Bucephala clangula,Bucephala clangula,2,NA,Bucephala clangula,Bucephala clangula,Bucephala clangula,Bucephala clangula,Bucephala clangula,Bucephala clangula
Bucephala islandica,Bucephala islandica,2,NA,Bucephala islandica,Bucephala islandica,Bucephala islandica,Bucephala islandica,Bucephala islandica,Bucephala islandica
Bulweria bulwerii,Bulweria bulwerii,2,NA,Bulweria bulwerii,Bulweria bulwerii,Bulweria bulwerii,Bulweria bulwerii,Bulweria bulwerii,Bulweria bulwerii
Burhinus oedicnemus,Burhinus oedicnemus,2,NA,Burhinus oedicnemus,Burhinus oedicnemus,NA,Burhinus oedicnemus,Burhinus oedicnemus,Burhinus oedicnemus
Buteo buteo,Buteo buteo,2,NA,Buteo buteo,Buteo buteo,NA,Buteo buteo,Buteo buteo,Buteo buteo
Buteo lagopus,Buteo lagopus,2,NA,Buteo lagopus,Buteo lagopus,Buteo lagopus,Buteo lagopus,Buteo lagopus,Buteo lagopus
Buteo rufinus,Buteo rufinus,2,NA,Buteo rufinus,Buteo rufinus,NA,Buteo rufinus,Buteo rufinus,Buteo rufinus
Cairina moschata,Cairina moschata,2,NA,Cairina moschata,Cairina moschata,Cairina moschata,Cairina moschata,Cairina moschata,Cairina moschata
Calandrella brachydactyla,Calandrella brachydactyla,2,NA,Calandrella brachydactyla,Calandrella brachydactyla,NA,Calandrella brachydactyla,Calandrella brachydactyla,Calandrella brachydactyla
Calcarius lapponicus,Calcarius lapponicus,2,NA,Calcarius lapponicus,Calcarius lapponicus,Calcarius lapponicus,Calcarius lapponicus,Calcarius lapponicus,Calcarius lapponicus
Calidris alba,Calidris alba,2,NA,Calidris alba,Calidris alba,Calidris alba,Calidris alba,Calidris alba,Calidris alba
Calidris alpina,Calidris alpina,2,NA,Calidris alpina,Calidris alpina,Calidris alpina,Calidris alpina,Calidris alpina,Calidris alpina
Calidris canutus,Calidris canutus,2,NA,Calidris canutus,Calidris canutus,Calidris canutus,Calidris canutus,Calidris canutus,Calidris canutus
Calidris falcinellus,Calidris falcinellus,2,NA,Calidris falcinellus,Calidris falcinellus,Calidris falcinellus,Calidris falcinellus,NA,Calidris falcinellus
Calidris maritima,Calidris maritima,2,NA,Calidris maritima,Calidris maritima,Calidris maritima,Calidris maritima,Calidris maritima,Calidris maritima
Calidris melanotos,Calidris melanotos,2,NA,Calidris melanotos,Calidris melanotos,Calidris melanotos,Calidris melanotos,Calidris melanotos,Calidris melanotos
Calidris minuta,Calidris minuta,2,NA,Calidris minuta,Calidris minuta,Calidris minuta,Calidris minuta,Calidris minuta,Calidris minuta
Calidris pugnax,Calidris pugnax,2,NA,Calidris pugnax,Calidris pugnax,Calidris pugnax,Calidris pugnax,NA,Calidris pugnax
Calidris temminckii,Calidris temminckii,2,NA,Calidris temminckii,Calidris temminckii,Calidris temminckii,Calidris temminckii,Calidris temminckii,Calidris temminckii
Calliope calliope,Calliope calliope,2,NA,Calliope calliope,Calliope calliope,Calliope calliope,Calliope calliope,NA,NA
Callipepla californica,Callipepla californica,2,NA,Callipepla californica,Callipepla californica,Callipepla californica,Callipepla californica,Callipepla californica,Callipepla californica
Callonetta leucophrys,Callonetta leucophrys,2,NA,Callonetta leucophrys,Callonetta leucophrys,NA,Callonetta leucophrys,Callonetta leucophrys,Callonetta leucophrys
Calonectris borealis,Calonectris borealis,2,NA,Calonectris borealis,NA,NA,Calonectris borealis,NA,Calonectris borealis
Calonectris diomedea,Calonectris diomedea,2,NA,Calonectris diomedea,Calonectris diomedea,Calonectris diomedea,Calonectris diomedea,Calonectris diomedea,Calonectris diomedea
Calonectris edwardsii,Calonectris edwardsii,2,NA,Calonectris edwardsii,Calonectris edwardsii,Calonectris edwardsii,Calonectris edwardsii,Calonectris edwardsii,Calonectris edwardsii
Caprimulgus europaeus,Caprimulgus europaeus,2,NA,Caprimulgus europaeus,Caprimulgus europaeus,NA,Caprimulgus europaeus,Caprimulgus europaeus,Caprimulgus europaeus
Caprimulgus ruficollis,Caprimulgus ruficollis,2,NA,Caprimulgus ruficollis,Caprimulgus ruficollis,NA,Caprimulgus ruficollis,Caprimulgus ruficollis,Caprimulgus ruficollis
Carduelis carduelis,Carduelis carduelis,2,NA,Carduelis carduelis,Carduelis carduelis,Carduelis carduelis,Carduelis carduelis,Carduelis carduelis,Carduelis carduelis
Carduelis citrinella,Carduelis citrinella,2,NA,Carduelis citrinella,Carduelis citrinella,NA,Carduelis citrinella,Carduelis citrinella,Carduelis citrinella
Carduelis corsicana,Carduelis corsicana,2,NA,Carduelis corsicana,Carduelis corsicana,NA,Carduelis corsicana,Carduelis corsicana,Carduelis corsicana
Carpodacus erythrinus,Carpodacus erythrinus,2,NA,Carpodacus erythrinus,Carpodacus erythrinus,Carpodacus erythrinus,Carpodacus erythrinus,Carpodacus erythrinus,Carpodacus erythrinus
Carpodacus rubicilla,Carpodacus rubicilla,2,NA,Carpodacus rubicilla,Carpodacus rubicilla,NA,Carpodacus rubicilla,Carpodacus rubicilla,Carpodacus rubicilla
Carpodacus sibiricus,Carpodacus sibiricus,2,NA,Carpodacus sibiricus,Carpodacus sibiricus,NA,Carpodacus sibiricus,NA,NA
Carpospiza brachydactyla,Carpospiza brachydactyla,2,NA,Carpospiza brachydactyla,Carpospiza brachydactyla,NA,Carpospiza brachydactyla,Carpospiza brachydactyla,Carpospiza brachydactyla
Catharacta skua,Catharacta skua,2,NA,Catharacta skua,NA,NA,Catharacta skua,NA,Catharacta skua
Cecropis daurica,Cecropis daurica,2,NA,Cecropis daurica,Cecropis daurica,NA,Cecropis daurica,Cecropis daurica,NA
Cepphus grylle,Cepphus grylle,2,NA,Cepphus grylle,Cepphus grylle,Cepphus grylle,Cepphus grylle,Cepphus grylle,Cepphus grylle
Cercotrichas galactotes,Cercotrichas galactotes,2,NA,Cercotrichas galactotes,Cercotrichas galactotes,NA,Cercotrichas galactotes,NA,Cercotrichas galactotes
Certhia brachydactyla,Certhia brachydactyla,2,NA,Certhia brachydactyla,Certhia brachydactyla,NA,Certhia brachydactyla,Certhia brachydactyla,Certhia brachydactyla
Certhia familiaris,Certhia familiaris,2,NA,Certhia familiaris,Certhia familiaris,NA,Certhia familiaris,Certhia familiaris,Certhia familiaris
Ceryle rudis,Ceryle rudis,2,NA,Ceryle rudis,Ceryle rudis,NA,Ceryle rudis,Ceryle rudis,Ceryle rudis
Cettia cetti,Cettia cetti,2,NA,Cettia cetti,Cettia cetti,NA,Cettia cetti,Cettia cetti,Cettia cetti
Charadrius alexandrinus,Charadrius alexandrinus,2,NA,Charadrius alexandrinus,Charadrius alexandrinus,NA,Charadrius alexandrinus,Charadrius alexandrinus,Charadrius alexandrinus
Charadrius asiaticus,Charadrius asiaticus,2,NA,Charadrius asiaticus,Charadrius asiaticus,NA,Charadrius asiaticus,Charadrius asiaticus,Charadrius asiaticus
Charadrius dubius,Charadrius dubius,2,NA,Charadrius dubius,Charadrius dubius,Charadrius dubius,Charadrius dubius,Charadrius dubius,Charadrius dubius
Charadrius hiaticula,Charadrius hiaticula,2,NA,Charadrius hiaticula,Charadrius hiaticula,Charadrius hiaticula,Charadrius hiaticula,Charadrius hiaticula,Charadrius hiaticula
Charadrius leschenaultii,Charadrius leschenaultii,2,NA,Charadrius leschenaultii,Charadrius leschenaultii,Charadrius leschenaultii,Charadrius leschenaultii,Charadrius leschenaultii,Charadrius leschenaultii
Chersophilus duponti,Chersophilus duponti,2,NA,Chersophilus duponti,Chersophilus duponti,NA,Chersophilus duponti,Chersophilus duponti,Chersophilus duponti
Chlamydotis undulata,Chlamydotis undulata,2,NA,Chlamydotis undulata,Chlamydotis undulata,NA,Chlamydotis undulata,Chlamydotis undulata,Chlamydotis undulata
Chlidonias hybrida,Chlidonias hybrida,2,NA,Chlidonias hybrida,Chlidonias hybrida,Chlidonias hybrida,Chlidonias hybrida,Chlidonias hybrida,Chlidonias hybrida
Chlidonias leucopterus,Chlidonias leucopterus,2,NA,Chlidonias leucopterus,Chlidonias leucopterus,Chlidonias leucopterus,Chlidonias leucopterus,Chlidonias leucopterus,Chlidonias leucopterus
Chlidonias niger,Chlidonias niger,2,NA,Chlidonias niger,Chlidonias niger,Chlidonias niger,Chlidonias niger,Chlidonias niger,Chlidonias niger
Chloephaga picta,Chloephaga picta,2,NA,Chloephaga picta,Chloephaga picta,NA,Chloephaga picta,Chloephaga picta,Chloephaga picta
Chloris chloris,Chloris chloris,2,NA,Chloris chloris,Chloris chloris,NA,Chloris chloris,Chloris chloris,Chloris chloris
Chrysolophus amherstiae,Chrysolophus amherstiae,2,NA,Chrysolophus amherstiae,Chrysolophus amherstiae,NA,Chrysolophus amherstiae,Chrysolophus amherstiae,Chrysolophus amherstiae
Chrysolophus pictus,Chrysolophus pictus,2,NA,Chrysolophus pictus,Chrysolophus pictus,NA,Chrysolophus pictus,Chrysolophus pictus,Chrysolophus pictus
Ciconia ciconia,Ciconia ciconia,2,NA,Ciconia ciconia,Ciconia ciconia,NA,Ciconia ciconia,Ciconia ciconia,Ciconia ciconia
Ciconia nigra,Ciconia nigra,2,NA,Ciconia nigra,Ciconia nigra,NA,Ciconia nigra,Ciconia nigra,Ciconia nigra
Cinclus cinclus,Cinclus cinclus,2,NA,Cinclus cinclus,Cinclus cinclus,NA,Cinclus cinclus,Cinclus cinclus,Cinclus cinclus
Circaetus gallicus,Circaetus gallicus,2,NA,Circaetus gallicus,Circaetus gallicus,NA,Circaetus gallicus,Circaetus gallicus,Circaetus gallicus
Circus aeruginosus,Circus aeruginosus,2,NA,Circus aeruginosus,Circus aeruginosus,Circus aeruginosus,Circus aeruginosus,Circus aeruginosus,Circus aeruginosus
Circus cyaneus,Circus cyaneus,2,NA,Circus cyaneus,Circus cyaneus,NA,Circus cyaneus,Circus cyaneus,Circus cyaneus
Circus macrourus,Circus macrourus,2,NA,Circus macrourus,Circus macrourus,NA,Circus macrourus,Circus macrourus,Circus macrourus
Circus pygargus,Circus pygargus,2,NA,Circus pygargus,Circus pygargus,NA,Circus pygargus,Circus pygargus,Circus pygargus
Cisticola juncidis,Cisticola juncidis,2,NA,Cisticola juncidis,Cisticola juncidis,NA,Cisticola juncidis,Cisticola juncidis,Cisticola juncidis
Clamator glandarius,Clamator glandarius,2,NA,Clamator glandarius,Clamator glandarius,NA,Clamator glandarius,Clamator glandarius,Clamator glandarius
Clanga clanga,Clanga clanga,2,NA,Clanga clanga,Clanga clanga,NA,Clanga clanga,NA,Clanga clanga
Clanga pomarina,Clanga pomarina,2,NA,Clanga pomarina,Clanga pomarina,NA,Clanga pomarina,NA,Clanga pomarina
Clangula hyemalis,Clangula hyemalis,2,NA,Clangula hyemalis,Clangula hyemalis,Clangula hyemalis,Clangula hyemalis,Clangula hyemalis,Clangula hyemalis
Coccothraustes coccothraustes,Coccothraustes coccothraustes,2,NA,Coccothraustes coccothraustes,Coccothraustes coccothraustes,Coccothraustes coccothraustes,Coccothraustes coccothraustes,Coccothraustes coccothraustes,Coccothraustes coccothraustes
Colinus virginianus,Colinus virginianus,2,NA,Colinus virginianus,Colinus virginianus,Colinus virginianus,Colinus virginianus,Colinus virginianus,Colinus virginianus
Columba bollii,Columba bollii,2,NA,Columba bollii,Columba bollii,NA,Columba bollii,Columba bollii,Columba bollii
Columba junoniae,Columba junoniae,2,NA,Columba junoniae,Columba junoniae,NA,Columba junoniae,Columba junoniae,Columba junoniae
Columba livia,Columba livia,2,NA,Columba livia,Columba livia,Columba livia,Columba livia,Columba livia,Columba livia
Columba oenas,Columba oenas,2,NA,Columba oenas,Columba oenas,NA,Columba oenas,Columba oenas,Columba oenas
Columba palumbus,Columba palumbus,2,NA,Columba palumbus,Columba palumbus,NA,Columba palumbus,Columba palumbus,Columba palumbus
Columba trocaz,Columba trocaz,2,NA,Columba trocaz,Columba trocaz,NA,Columba trocaz,Columba trocaz,Columba trocaz
Coracias garrulus,Coracias garrulus,2,NA,Coracias garrulus,Coracias garrulus,NA,Coracias garrulus,Coracias garrulus,Coracias garrulus
Corvus corax,Corvus corax,2,NA,Corvus corax,Corvus corax,Corvus corax,Corvus corax,Corvus corax,Corvus corax
Corvus corone,Corvus corone,2,NA,Corvus corone,Corvus corone,NA,Corvus corone,Corvus corone,Corvus corone
Corvus frugilegus,Corvus frugilegus,2,NA,Corvus frugilegus,Corvus frugilegus,Corvus frugilegus,Corvus frugilegus,Corvus frugilegus,Corvus frugilegus
Corvus monedula,Corvus monedula,2,NA,Corvus monedula,Corvus monedula,Corvus monedula,Corvus monedula,NA,Corvus monedula
Corvus splendens,Corvus splendens,2,NA,Corvus splendens,Corvus splendens,NA,Corvus splendens,Corvus splendens,Corvus splendens
Coturnix coturnix,Coturnix coturnix,2,NA,Coturnix coturnix,Coturnix coturnix,NA,Coturnix coturnix,Coturnix coturnix,Coturnix coturnix
Crex crex,Crex crex,2,NA,Crex crex,Crex crex,Crex crex,Crex crex,Crex crex,Crex crex
Cuculus canorus,Cuculus canorus,2,NA,Cuculus canorus,Cuculus canorus,Cuculus canorus,Cuculus canorus,Cuculus canorus,Cuculus canorus
Cuculus saturatus,Cuculus saturatus,2,NA,Cuculus saturatus,Cuculus saturatus,NA,Cuculus saturatus,Cuculus saturatus,Cuculus saturatus
Cursorius cursor,Cursorius cursor,2,NA,Cursorius cursor,Cursorius cursor,NA,Cursorius cursor,Cursorius cursor,Cursorius cursor
Cyanecula svecica,Cyanecula svecica,2,NA,Cyanecula svecica,NA,Cyanecula svecica,Cyanecula svecica,NA,NA
Cyanistes caeruleus,Cyanistes caeruleus,2,NA,Cyanistes caeruleus,Cyanistes caeruleus,NA,Cyanistes caeruleus,Cyanistes caeruleus,NA
Cyanistes cyanus,Cyanistes cyanus,2,NA,Cyanistes cyanus,Cyanistes cyanus,NA,Cyanistes cyanus,Cyanistes cyanus,NA
Cyanistes teneriffae,Cyanistes teneriffae,2,NA,Cyanistes teneriffae,Cyanistes teneriffae,NA,Cyanistes teneriffae,Cyanistes teneriffae,NA
Cyanopica cooki,Cyanopica cooki,2,NA,Cyanopica cooki,Cyanopica cooki,NA,Cyanopica cooki,Cyanopica cooki,Cyanopica cooki
Cygnus atratus,Cygnus atratus,2,NA,Cygnus atratus,Cygnus atratus,NA,Cygnus atratus,Cygnus atratus,Cygnus atratus
Cygnus columbianus,Cygnus columbianus,2,NA,Cygnus columbianus,Cygnus columbianus,Cygnus columbianus,Cygnus columbianus,Cygnus columbianus,Cygnus columbianus
Cygnus cygnus,Cygnus cygnus,2,NA,Cygnus cygnus,Cygnus cygnus,Cygnus cygnus,Cygnus cygnus,Cygnus cygnus,Cygnus cygnus
Cygnus olor,Cygnus olor,2,NA,Cygnus olor,Cygnus olor,Cygnus olor,Cygnus olor,Cygnus olor,Cygnus olor
Delichon urbicum,Delichon urbicum,2,NA,Delichon urbicum,Delichon urbicum,Delichon urbicum,Delichon urbicum,Delichon urbicum,Delichon urbicum
Dendrocopos leucotos,Dendrocopos leucotos,2,NA,Dendrocopos leucotos,Dendrocopos leucotos,NA,Dendrocopos leucotos,Dendrocopos leucotos,Dendrocopos leucotos
Dendrocopos major,Dendrocopos major,2,NA,Dendrocopos major,Dendrocopos major,Dendrocopos major,Dendrocopos major,Dendrocopos major,Dendrocopos major
Dendrocopos syriacus,Dendrocopos syriacus,2,NA,Dendrocopos syriacus,Dendrocopos syriacus,NA,Dendrocopos syriacus,Dendrocopos syriacus,Dendrocopos syriacus
Dryobates minor,Dryobates minor,2,NA,Dryobates minor,Dryobates minor,NA,Dryobates minor,NA,Dryobates minor
Dryocopus martius,Dryocopus martius,2,NA,Dryocopus martius,Dryocopus martius,NA,Dryocopus martius,Dryocopus martius,Dryocopus martius
Egretta garzetta,Egretta garzetta,2,NA,Egretta garzetta,Egretta garzetta,Egretta garzetta,Egretta garzetta,Egretta garzetta,Egretta garzetta
Egretta gularis,Egretta gularis,2,NA,Egretta gularis,Egretta gularis,Egretta gularis,Egretta gularis,Egretta gularis,Egretta gularis
Elanus caeruleus,Elanus caeruleus,2,NA,Elanus caeruleus,Elanus caeruleus,NA,Elanus caeruleus,Elanus caeruleus,Elanus caeruleus
Emberiza aureola,Emberiza aureola,2,NA,Emberiza aureola,Emberiza aureola,Emberiza aureola,Emberiza aureola,Emberiza aureola,Emberiza aureola
Emberiza bruniceps,Emberiza bruniceps,2,NA,Emberiza bruniceps,Emberiza bruniceps,NA,Emberiza bruniceps,Emberiza bruniceps,Emberiza bruniceps
Emberiza buchanani,Emberiza buchanani,2,NA,Emberiza buchanani,Emberiza buchanani,NA,Emberiza buchanani,Emberiza buchanani,Emberiza buchanani
Emberiza caesia,Emberiza caesia,2,NA,Emberiza caesia,Emberiza caesia,NA,Emberiza caesia,Emberiza caesia,Emberiza caesia
Emberiza calandra,Emberiza calandra,2,NA,Emberiza calandra,Emberiza calandra,NA,Emberiza calandra,Emberiza calandra,Emberiza calandra
Emberiza cia,Emberiza cia,2,NA,Emberiza cia,Emberiza cia,NA,Emberiza cia,Emberiza cia,Emberiza cia
Emberiza cineracea,Emberiza cineracea,2,NA,Emberiza cineracea,Emberiza cineracea,NA,Emberiza cineracea,Emberiza cineracea,Emberiza cineracea
Emberiza cirlus,Emberiza cirlus,2,NA,Emberiza cirlus,Emberiza cirlus,NA,Emberiza cirlus,Emberiza cirlus,Emberiza cirlus
Emberiza citrinella,Emberiza citrinella,2,NA,Emberiza citrinella,Emberiza citrinella,NA,Emberiza citrinella,Emberiza citrinella,Emberiza citrinella
Emberiza hortulana,Emberiza hortulana,2,NA,Emberiza hortulana,Emberiza hortulana,NA,Emberiza hortulana,Emberiza hortulana,Emberiza hortulana
Emberiza leucocephalos,Emberiza leucocephalos,2,NA,Emberiza leucocephalos,Emberiza leucocephalos,Emberiza leucocephalos,Emberiza leucocephalos,Emberiza leucocephalos,Emberiza leucocephalos
Emberiza melanocephala,Emberiza melanocephala,2,NA,Emberiza melanocephala,Emberiza melanocephala,NA,Emberiza melanocephala,Emberiza melanocephala,Emberiza melanocephala
Emberiza pallasi,Emberiza pallasi,2,NA,Emberiza pallasi,Emberiza pallasi,Emberiza pallasi,Emberiza pallasi,Emberiza pallasi,Emberiza pallasi
Emberiza pusilla,Emberiza pusilla,2,NA,Emberiza pusilla,Emberiza pusilla,Emberiza pusilla,Emberiza pusilla,Emberiza pusilla,Emberiza pusilla
Emberiza rustica,Emberiza rustica,2,NA,Emberiza rustica,Emberiza rustica,Emberiza rustica,Emberiza rustica,Emberiza rustica,Emberiza rustica
Emberiza schoeniclus,Emberiza schoeniclus,2,NA,Emberiza schoeniclus,Emberiza schoeniclus,Emberiza schoeniclus,Emberiza schoeniclus,Emberiza schoeniclus,Emberiza schoeniclus
Eremophila alpestris,Eremophila alpestris,2,NA,Eremophila alpestris,Eremophila alpestris,Eremophila alpestris,Eremophila alpestris,Eremophila alpestris,Eremophila alpestris
Erithacus rubecula,Erithacus rubecula,2,NA,Erithacus rubecula,Erithacus rubecula,Erithacus rubecula,Erithacus rubecula,Erithacus rubecula,Erithacus rubecula
Estrilda astrild,Estrilda astrild,2,NA,Estrilda astrild,Estrilda astrild,Estrilda astrild,Estrilda astrild,Estrilda astrild,Estrilda astrild
Estrilda melpoda,Estrilda melpoda,2,NA,Estrilda melpoda,Estrilda melpoda,Estrilda melpoda,Estrilda melpoda,Estrilda melpoda,Estrilda melpoda
Estrilda troglodytes,Estrilda troglodytes,2,NA,Estrilda troglodytes,Estrilda troglodytes,Estrilda troglodytes,Estrilda troglodytes,Estrilda troglodytes,Estrilda troglodytes
Eudromias morinellus,Eudromias morinellus,2,NA,Eudromias morinellus,NA,NA,Eudromias morinellus,NA,Eudromias morinellus
Euodice malabarica,Euodice malabarica,2,NA,Euodice malabarica,Euodice malabarica,Euodice malabarica,Euodice malabarica,Euodice malabarica,Euodice malabarica
Euplectes afer,Euplectes afer,2,NA,Euplectes afer,Euplectes afer,Euplectes afer,Euplectes afer,Euplectes afer,Euplectes afer
Falco biarmicus,Falco biarmicus,2,NA,Falco biarmicus,Falco biarmicus,NA,Falco biarmicus,Falco biarmicus,Falco biarmicus
Falco cherrug,Falco cherrug,2,NA,Falco cherrug,Falco cherrug,NA,Falco cherrug,Falco cherrug,Falco cherrug
Falco columbarius,Falco columbarius,2,NA,Falco columbarius,Falco columbarius,Falco columbarius,Falco columbarius,Falco columbarius,Falco columbarius
Falco eleonorae,Falco eleonorae,2,NA,Falco eleonorae,Falco eleonorae,NA,Falco eleonorae,Falco eleonorae,Falco eleonorae
Falco naumanni,Falco naumanni,2,NA,Falco naumanni,Falco naumanni,NA,Falco naumanni,Falco naumanni,Falco naumanni
Falco peregrinus,Falco peregrinus,2,NA,Falco peregrinus,Falco peregrinus,Falco peregrinus,Falco peregrinus,Falco peregrinus,Falco peregrinus
Falco rusticolus,Falco rusticolus,2,NA,Falco rusticolus,Falco rusticolus,Falco rusticolus,Falco rusticolus,Falco rusticolus,Falco rusticolus
Falco subbuteo,Falco subbuteo,2,NA,Falco subbuteo,Falco subbuteo,Falco subbuteo,Falco subbuteo,Falco subbuteo,Falco subbuteo
Falco tinnunculus,Falco tinnunculus,2,NA,Falco tinnunculus,Falco tinnunculus,Falco tinnunculus,Falco tinnunculus,Falco tinnunculus,Falco tinnunculus
Falco vespertinus,Falco vespertinus,2,NA,Falco vespertinus,Falco vespertinus,Falco vespertinus,Falco vespertinus,Falco vespertinus,Falco vespertinus
Ficedula albicollis,Ficedula albicollis,2,NA,Ficedula albicollis,Ficedula albicollis,NA,Ficedula albicollis,Ficedula albicollis,Ficedula albicollis
Ficedula hypoleuca,Ficedula hypoleuca,2,NA,Ficedula hypoleuca,Ficedula hypoleuca,NA,Ficedula hypoleuca,Ficedula hypoleuca,Ficedula hypoleuca
Ficedula parva,Ficedula parva,2,NA,Ficedula parva,Ficedula parva,NA,Ficedula parva,Ficedula parva,Ficedula parva
Ficedula semitorquata,Ficedula semitorquata,2,NA,Ficedula semitorquata,Ficedula semitorquata,NA,Ficedula semitorquata,Ficedula semitorquata,Ficedula semitorquata
Francolinus francolinus,Francolinus francolinus,2,NA,Francolinus francolinus,Francolinus francolinus,Francolinus francolinus,Francolinus francolinus,Francolinus francolinus,Francolinus francolinus
Fratercula arctica,Fratercula arctica,2,NA,Fratercula arctica,Fratercula arctica,Fratercula arctica,Fratercula arctica,Fratercula arctica,Fratercula arctica
Fringilla coelebs,Fringilla coelebs,2,NA,Fringilla coelebs,Fringilla coelebs,Fringilla coelebs,Fringilla coelebs,Fringilla coelebs,Fringilla coelebs
Fringilla montifringilla,Fringilla montifringilla,2,NA,Fringilla montifringilla,Fringilla montifringilla,Fringilla montifringilla,Fringilla montifringilla,Fringilla montifringilla,Fringilla montifringilla
Fringilla polatzeki,Fringilla polatzeki,2,NA,Fringilla polatzeki,Fringilla polatzeki,NA,Fringilla polatzeki,NA,NA
Fringilla teydea,Fringilla teydea,2,NA,Fringilla teydea,Fringilla teydea,NA,Fringilla teydea,Fringilla teydea,Fringilla teydea
Fulica atra,Fulica atra,2,NA,Fulica atra,Fulica atra,Fulica atra,Fulica atra,Fulica atra,Fulica atra
Fulica cristata,Fulica cristata,2,NA,Fulica cristata,Fulica cristata,NA,Fulica cristata,Fulica cristata,Fulica cristata
Fulmarus glacialis,Fulmarus glacialis,2,NA,Fulmarus glacialis,Fulmarus glacialis,Fulmarus glacialis,Fulmarus glacialis,Fulmarus glacialis,Fulmarus glacialis
Galerida cristata,Galerida cristata,2,NA,Galerida cristata,Galerida cristata,NA,Galerida cristata,Galerida cristata,Galerida cristata
Galerida theklae,Galerida theklae,2,NA,Galerida theklae,Galerida theklae,NA,Galerida theklae,Galerida theklae,Galerida theklae
Gallinago gallinago,Gallinago gallinago,2,NA,Gallinago gallinago,Gallinago gallinago,Gallinago gallinago,Gallinago gallinago,Gallinago gallinago,Gallinago gallinago
Gallinago media,Gallinago media,2,NA,Gallinago media,Gallinago media,NA,Gallinago media,Gallinago media,Gallinago media
Gallinago megala,Gallinago megala,2,NA,Gallinago megala,Gallinago megala,NA,Gallinago megala,Gallinago megala,Gallinago megala
Gallinago stenura,Gallinago stenura,2,NA,Gallinago stenura,Gallinago stenura,Gallinago stenura,Gallinago stenura,Gallinago stenura,Gallinago stenura
Gallinula chloropus,Gallinula chloropus,2,NA,Gallinula chloropus,Gallinula chloropus,Gallinula chloropus,Gallinula chloropus,Gallinula chloropus,Gallinula chloropus
Gallus gallus,Gallus gallus,2,NA,Gallus gallus,Gallus gallus,Gallus gallus,Gallus gallus,Gallus gallus,Gallus gallus
Garrulus glandarius,Garrulus glandarius,2,NA,Garrulus glandarius,Garrulus glandarius,NA,Garrulus glandarius,Garrulus glandarius,Garrulus glandarius
Gavia adamsii,Gavia adamsii,2,NA,Gavia adamsii,Gavia adamsii,Gavia adamsii,Gavia adamsii,Gavia adamsii,Gavia adamsii
Gavia arctica,Gavia arctica,2,NA,Gavia arctica,Gavia arctica,Gavia arctica,Gavia arctica,Gavia arctica,Gavia arctica
Gavia immer,Gavia immer,2,NA,Gavia immer,Gavia immer,Gavia immer,Gavia immer,Gavia immer,Gavia immer
Gavia stellata,Gavia stellata,2,NA,Gavia stellata,Gavia stellata,Gavia stellata,Gavia stellata,Gavia stellata,Gavia stellata
Gelochelidon nilotica,Gelochelidon nilotica,2,NA,Gelochelidon nilotica,Gelochelidon nilotica,Gelochelidon nilotica,Gelochelidon nilotica,Gelochelidon nilotica,Gelochelidon nilotica
Geronticus eremita,Geronticus eremita,2,NA,Geronticus eremita,Geronticus eremita,NA,Geronticus eremita,Geronticus eremita,Geronticus eremita
Glareola nordmanni,Glareola nordmanni,2,NA,Glareola nordmanni,Glareola nordmanni,NA,Glareola nordmanni,Glareola nordmanni,Glareola nordmanni
Glareola pratincola,Glareola pratincola,2,NA,Glareola pratincola,Glareola pratincola,Glareola pratincola,Glareola pratincola,Glareola pratincola,Glareola pratincola
Glaucidium passerinum,Glaucidium passerinum,2,NA,Glaucidium passerinum,Glaucidium passerinum,NA,Glaucidium passerinum,Glaucidium passerinum,Glaucidium passerinum
Grus grus,Grus grus,2,NA,Grus grus,Grus grus,Grus grus,Grus grus,Grus grus,Grus grus
Gulosus aristotelis,Gulosus aristotelis,2,NA,Gulosus aristotelis,Gulosus aristotelis,NA,Gulosus aristotelis,NA,NA
Gymnoris xanthocollis,Gymnoris xanthocollis,2,NA,Gymnoris xanthocollis,Gymnoris xanthocollis,NA,Gymnoris xanthocollis,Gymnoris xanthocollis,NA
Gypaetus barbatus,Gypaetus barbatus,2,NA,Gypaetus barbatus,Gypaetus barbatus,NA,Gypaetus barbatus,Gypaetus barbatus,Gypaetus barbatus
Gyps fulvus,Gyps fulvus,2,NA,Gyps fulvus,Gyps fulvus,NA,Gyps fulvus,Gyps fulvus,Gyps fulvus
Haematopus ostralegus,Haematopus ostralegus,2,NA,Haematopus ostralegus,Haematopus ostralegus,Haematopus ostralegus,Haematopus ostralegus,Haematopus ostralegus,Haematopus ostralegus
Halcyon smyrnensis,Halcyon smyrnensis,2,NA,Halcyon smyrnensis,Halcyon smyrnensis,NA,Halcyon smyrnensis,Halcyon smyrnensis,Halcyon smyrnensis
Haliaeetus albicilla,Haliaeetus albicilla,2,NA,Haliaeetus albicilla,Haliaeetus albicilla,Haliaeetus albicilla,Haliaeetus albicilla,Haliaeetus albicilla,Haliaeetus albicilla
Hieraaetus pennatus,Hieraaetus pennatus,2,NA,Hieraaetus pennatus,Hieraaetus pennatus,NA,Hieraaetus pennatus,Hieraaetus pennatus,Hieraaetus pennatus
Himantopus himantopus,Himantopus himantopus,2,NA,Himantopus himantopus,Himantopus himantopus,Himantopus himantopus,Himantopus himantopus,Himantopus himantopus,Himantopus himantopus
Hippolais icterina,Hippolais icterina,2,NA,Hippolais icterina,Hippolais icterina,NA,Hippolais icterina,Hippolais icterina,Hippolais icterina
Hippolais languida,Hippolais languida,2,NA,Hippolais languida,Hippolais languida,NA,Hippolais languida,Hippolais languida,Hippolais languida
Hippolais olivetorum,Hippolais olivetorum,2,NA,Hippolais olivetorum,Hippolais olivetorum,NA,Hippolais olivetorum,Hippolais olivetorum,Hippolais olivetorum
Hippolais polyglotta,Hippolais polyglotta,2,NA,Hippolais polyglotta,Hippolais polyglotta,NA,Hippolais polyglotta,Hippolais polyglotta,Hippolais polyglotta
Hirundo rustica,Hirundo rustica,2,NA,Hirundo rustica,Hirundo rustica,Hirundo rustica,Hirundo rustica,Hirundo rustica,Hirundo rustica
Histrionicus histrionicus,Histrionicus histrionicus,2,NA,Histrionicus histrionicus,Histrionicus histrionicus,Histrionicus histrionicus,Histrionicus histrionicus,Histrionicus histrionicus,Histrionicus histrionicus
Hydrobates castro,Hydrobates castro,2,NA,Hydrobates castro,Hydrobates castro,Hydrobates castro,Hydrobates castro,NA,Hydrobates castro
Hydrobates leucorhous,Hydrobates leucorhous,2,NA,Hydrobates leucorhous,Hydrobates leucorhous,Hydrobates leucorhous,Hydrobates leucorhous,NA,Hydrobates leucorhous
Hydrobates monorhis,Hydrobates monorhis,2,NA,Hydrobates monorhis,Hydrobates monorhis,Hydrobates monorhis,Hydrobates monorhis,NA,Hydrobates monorhis
Hydrobates monteiroi,Hydrobates monteiroi,2,NA,Hydrobates monteiroi,Hydrobates monteiroi,NA,Hydrobates monteiroi,NA,Hydrobates monteiroi
Hydrobates pelagicus,Hydrobates pelagicus,2,NA,Hydrobates pelagicus,Hydrobates pelagicus,Hydrobates pelagicus,Hydrobates pelagicus,Hydrobates pelagicus,Hydrobates pelagicus
Hydrocoloeus minutus,Hydrocoloeus minutus,2,NA,Hydrocoloeus minutus,Hydrocoloeus minutus,Hydrocoloeus minutus,Hydrocoloeus minutus,Hydrocoloeus minutus,Hydrocoloeus minutus
Hydroprogne caspia,Hydroprogne caspia,2,NA,Hydroprogne caspia,Hydroprogne caspia,Hydroprogne caspia,Hydroprogne caspia,Hydroprogne caspia,Hydroprogne caspia
Iduna caligata,Iduna caligata,2,NA,Iduna caligata,Iduna caligata,NA,Iduna caligata,Iduna caligata,NA
Iduna opaca,Iduna opaca,2,NA,Iduna opaca,Iduna opaca,NA,Iduna opaca,Iduna opaca,NA
Iduna pallida,Iduna pallida,2,NA,Iduna pallida,Iduna pallida,NA,Iduna pallida,Iduna pallida,NA
Iduna rama,Iduna rama,2,NA,Iduna rama,Iduna rama,NA,Iduna rama,Iduna rama,NA
Irania gutturalis,Irania gutturalis,2,NA,Irania gutturalis,Irania gutturalis,NA,Irania gutturalis,Irania gutturalis,Irania gutturalis
Ixobrychus minutus,Ixobrychus minutus,2,NA,Ixobrychus minutus,Ixobrychus minutus,Ixobrychus minutus,Ixobrychus minutus,Ixobrychus minutus,Ixobrychus minutus
Jynx torquilla,Jynx torquilla,2,NA,Jynx torquilla,Jynx torquilla,Jynx torquilla,Jynx torquilla,Jynx torquilla,Jynx torquilla
Ketupa zeylonensis,Ketupa zeylonensis,2,NA,Ketupa zeylonensis,Ketupa zeylonensis,NA,Ketupa zeylonensis,Ketupa zeylonensis,Ketupa zeylonensis
Lagopus lagopus,Lagopus lagopus,2,NA,Lagopus lagopus,Lagopus lagopus,Lagopus lagopus,Lagopus lagopus,Lagopus lagopus,Lagopus lagopus
Lagopus muta,Lagopus muta,2,NA,Lagopus muta,Lagopus muta,Lagopus muta,Lagopus muta,Lagopus muta,Lagopus muta
Lanius collurio,Lanius collurio,2,NA,Lanius collurio,Lanius collurio,NA,Lanius collurio,Lanius collurio,Lanius collurio
Lanius excubitor,Lanius excubitor,2,NA,Lanius excubitor,Lanius excubitor,NA,Lanius excubitor,Lanius excubitor,Lanius excubitor
Lanius meridionalis,Lanius meridionalis,2,NA,Lanius meridionalis,Lanius meridionalis,NA,Lanius meridionalis,Lanius meridionalis,Lanius meridionalis
Lanius minor,Lanius minor,2,NA,Lanius minor,Lanius minor,NA,Lanius minor,Lanius minor,Lanius minor
Lanius nubicus,Lanius nubicus,2,NA,Lanius nubicus,Lanius nubicus,NA,Lanius nubicus,Lanius nubicus,Lanius nubicus
Lanius phoenicuroides,Lanius phoenicuroides,2,NA,Lanius phoenicuroides,Lanius phoenicuroides,NA,Lanius phoenicuroides,Lanius phoenicuroides,NA
Lanius schach,Lanius schach,2,NA,Lanius schach,Lanius schach,NA,Lanius schach,Lanius schach,Lanius schach
Lanius senator,Lanius senator,2,NA,Lanius senator,Lanius senator,NA,Lanius senator,Lanius senator,Lanius senator
Larus argentatus,Larus argentatus,2,NA,Larus argentatus,Larus argentatus,Larus argentatus,Larus argentatus,Larus argentatus,Larus argentatus
Larus armenicus,Larus armenicus,2,NA,Larus armenicus,Larus armenicus,NA,Larus armenicus,Larus armenicus,Larus armenicus
Larus audouinii,Larus audouinii,2,NA,Larus audouinii,NA,NA,Larus audouinii,NA,Larus audouinii
Larus cachinnans,Larus cachinnans,2,NA,Larus cachinnans,Larus cachinnans,NA,Larus cachinnans,Larus cachinnans,Larus cachinnans
Larus canus,Larus canus,2,NA,Larus canus,Larus canus,Larus canus,Larus canus,Larus canus,Larus canus
Larus delawarensis,Larus delawarensis,2,NA,Larus delawarensis,Larus delawarensis,Larus delawarensis,Larus delawarensis,Larus delawarensis,Larus delawarensis
Larus fuscus,Larus fuscus,2,NA,Larus fuscus,Larus fuscus,Larus fuscus,Larus fuscus,Larus fuscus,Larus fuscus
Larus genei,Larus genei,2,NA,Larus genei,NA,NA,Larus genei,NA,Larus genei
Larus glaucoides,Larus glaucoides,2,NA,Larus glaucoides,Larus glaucoides,Larus glaucoides,Larus glaucoides,Larus glaucoides,Larus glaucoides
Larus hyperboreus,Larus hyperboreus,2,NA,Larus hyperboreus,Larus hyperboreus,Larus hyperboreus,Larus hyperboreus,Larus hyperboreus,Larus hyperboreus
Larus ichthyaetus,Larus ichthyaetus,2,NA,Larus ichthyaetus,NA,NA,Larus ichthyaetus,NA,Larus ichthyaetus
Larus marinus,Larus marinus,2,NA,Larus marinus,Larus marinus,Larus marinus,Larus marinus,Larus marinus,Larus marinus
Larus melanocephalus,Larus melanocephalus,2,NA,Larus melanocephalus,NA,NA,Larus melanocephalus,NA,Larus melanocephalus
Larus michahellis,Larus michahellis,2,NA,Larus michahellis,Larus michahellis,Larus michahellis,Larus michahellis,Larus michahellis,Larus michahellis
Larus philadelphia,Larus philadelphia,2,NA,Larus philadelphia,NA,NA,Larus philadelphia,NA,Larus philadelphia
Larus ridibundus,Larus ridibundus,2,NA,Larus ridibundus,NA,NA,Larus ridibundus,NA,Larus ridibundus
Leiopicus medius,Leiopicus medius,2,NA,Leiopicus medius,NA,NA,Leiopicus medius,NA,Leiopicus medius
Leiothrix lutea,Leiothrix lutea,2,NA,Leiothrix lutea,Leiothrix lutea,Leiothrix lutea,Leiothrix lutea,Leiothrix lutea,Leiothrix lutea
Limosa lapponica,Limosa lapponica,2,NA,Limosa lapponica,Limosa lapponica,Limosa lapponica,Limosa lapponica,Limosa lapponica,Limosa lapponica
Limosa limosa,Limosa limosa,2,NA,Limosa limosa,Limosa limosa,Limosa limosa,Limosa limosa,Limosa limosa,Limosa limosa
Linaria cannabina,Linaria cannabina,2,NA,Linaria cannabina,Linaria cannabina,NA,Linaria cannabina,NA,NA
Linaria flavirostris,Linaria flavirostris,2,NA,Linaria flavirostris,Linaria flavirostris,NA,Linaria flavirostris,NA,NA
Locustella fluviatilis,Locustella fluviatilis,2,NA,Locustella fluviatilis,Locustella fluviatilis,Locustella fluviatilis,Locustella fluviatilis,Locustella fluviatilis,Locustella fluviatilis
Locustella lanceolata,Locustella lanceolata,2,NA,Locustella lanceolata,Locustella lanceolata,Locustella lanceolata,Locustella lanceolata,Locustella lanceolata,Locustella lanceolata
Locustella luscinioides,Locustella luscinioides,2,NA,Locustella luscinioides,Locustella luscinioides,NA,Locustella luscinioides,Locustella luscinioides,Locustella luscinioides
Locustella naevia,Locustella naevia,2,NA,Locustella naevia,Locustella naevia,NA,Locustella naevia,Locustella naevia,Locustella naevia
Lonchura punctulata,Lonchura punctulata,2,NA,Lonchura punctulata,Lonchura punctulata,Lonchura punctulata,Lonchura punctulata,Lonchura punctulata,Lonchura punctulata
Lophophanes cristatus,Lophophanes cristatus,2,NA,Lophophanes cristatus,Lophophanes cristatus,NA,Lophophanes cristatus,Lophophanes cristatus,NA
Loxia curvirostra,Loxia curvirostra,2,NA,Loxia curvirostra,Loxia curvirostra,Loxia curvirostra,Loxia curvirostra,Loxia curvirostra,Loxia curvirostra
Loxia leucoptera,Loxia leucoptera,2,NA,Loxia leucoptera,Loxia leucoptera,Loxia leucoptera,Loxia leucoptera,Loxia leucoptera,Loxia leucoptera
Loxia pytyopsittacus,Loxia pytyopsittacus,2,NA,Loxia pytyopsittacus,Loxia pytyopsittacus,NA,Loxia pytyopsittacus,Loxia pytyopsittacus,Loxia pytyopsittacus
Loxia scotica,Loxia scotica,2,NA,Loxia scotica,Loxia scotica,NA,Loxia scotica,Loxia scotica,Loxia scotica
Lullula arborea,Lullula arborea,2,NA,Lullula arborea,Lullula arborea,NA,Lullula arborea,Lullula arborea,Lullula arborea
Luscinia luscinia,Luscinia luscinia,2,NA,Luscinia luscinia,Luscinia luscinia,NA,Luscinia luscinia,Luscinia luscinia,Luscinia luscinia
Luscinia megarhynchos,Luscinia megarhynchos,2,NA,Luscinia megarhynchos,Luscinia megarhynchos,NA,Luscinia megarhynchos,Luscinia megarhynchos,Luscinia megarhynchos
Lymnocryptes minimus,Lymnocryptes minimus,2,NA,Lymnocryptes minimus,Lymnocryptes minimus,Lymnocryptes minimus,Lymnocryptes minimus,Lymnocryptes minimus,Lymnocryptes minimus
Lyrurus mlokosiewiczi,Lyrurus mlokosiewiczi,2,NA,Lyrurus mlokosiewiczi,Lyrurus mlokosiewiczi,NA,Lyrurus mlokosiewiczi,Lyrurus mlokosiewiczi,Lyrurus mlokosiewiczi
Lyrurus tetrix,Lyrurus tetrix,2,NA,Lyrurus tetrix,Lyrurus tetrix,NA,Lyrurus tetrix,Lyrurus tetrix,Lyrurus tetrix
Mareca penelope,Mareca penelope,2,NA,Mareca penelope,Mareca penelope,Mareca penelope,Mareca penelope,NA,Mareca penelope
Mareca strepera,Mareca strepera,2,NA,Mareca strepera,Mareca strepera,Mareca strepera,Mareca strepera,NA,Mareca strepera
Marmaronetta angustirostris,Marmaronetta angustirostris,2,NA,Marmaronetta angustirostris,Marmaronetta angustirostris,NA,Marmaronetta angustirostris,Marmaronetta angustirostris,Marmaronetta angustirostris
Melanitta fusca,Melanitta fusca,2,NA,Melanitta fusca,Melanitta fusca,Melanitta fusca,Melanitta fusca,Melanitta fusca,Melanitta fusca
Melanitta nigra,Melanitta nigra,2,NA,Melanitta nigra,Melanitta nigra,Melanitta nigra,Melanitta nigra,Melanitta nigra,Melanitta nigra
Melanocorypha bimaculata,Melanocorypha bimaculata,2,NA,Melanocorypha bimaculata,Melanocorypha bimaculata,NA,Melanocorypha bimaculata,Melanocorypha bimaculata,Melanocorypha bimaculata
Melanocorypha calandra,Melanocorypha calandra,2,NA,Melanocorypha calandra,Melanocorypha calandra,NA,Melanocorypha calandra,Melanocorypha calandra,Melanocorypha calandra
Melanocorypha yeltoniensis,Melanocorypha yeltoniensis,2,NA,Melanocorypha yeltoniensis,Melanocorypha yeltoniensis,NA,Melanocorypha yeltoniensis,Melanocorypha yeltoniensis,Melanocorypha yeltoniensis
Meleagris gallopavo,Meleagris gallopavo,2,NA,Meleagris gallopavo,Meleagris gallopavo,Meleagris gallopavo,Meleagris gallopavo,Meleagris gallopavo,Meleagris gallopavo
Mergellus albellus,Mergellus albellus,2,NA,Mergellus albellus,Mergellus albellus,Mergellus albellus,Mergellus albellus,Mergellus albellus,Mergellus albellus
Mergus merganser,Mergus merganser,2,NA,Mergus merganser,Mergus merganser,Mergus merganser,Mergus merganser,Mergus merganser,Mergus merganser
Mergus serrator,Mergus serrator,2,NA,Mergus serrator,Mergus serrator,Mergus serrator,Mergus serrator,Mergus serrator,Mergus serrator
Merops apiaster,Merops apiaster,2,NA,Merops apiaster,Merops apiaster,NA,Merops apiaster,Merops apiaster,Merops apiaster
Merops persicus,Merops persicus,2,NA,Merops persicus,Merops persicus,NA,Merops persicus,Merops persicus,Merops persicus
Microcarbo pygmaeus,Microcarbo pygmaeus,2,NA,Microcarbo pygmaeus,Microcarbo pygmaeus,NA,Microcarbo pygmaeus,NA,Microcarbo pygmaeus
Milvus migrans,Milvus migrans,2,NA,Milvus migrans,Milvus migrans,Milvus migrans,Milvus migrans,Milvus migrans,Milvus migrans
Milvus milvus,Milvus milvus,2,NA,Milvus milvus,Milvus milvus,NA,Milvus milvus,Milvus milvus,Milvus milvus
Monticola saxatilis,Monticola saxatilis,2,NA,Monticola saxatilis,Monticola saxatilis,NA,Monticola saxatilis,Monticola saxatilis,Monticola saxatilis
Monticola solitarius,Monticola solitarius,2,NA,Monticola solitarius,Monticola solitarius,NA,Monticola solitarius,Monticola solitarius,Monticola solitarius
Montifringilla nivalis,Montifringilla nivalis,2,NA,Montifringilla nivalis,Montifringilla nivalis,NA,Montifringilla nivalis,Montifringilla nivalis,Montifringilla nivalis
Morus bassanus,Morus bassanus,2,NA,Morus bassanus,Morus bassanus,Morus bassanus,Morus bassanus,Morus bassanus,Morus bassanus
Motacilla alba,Motacilla alba,2,NA,Motacilla alba,Motacilla alba,Motacilla alba,Motacilla alba,Motacilla alba,Motacilla alba
Motacilla cinerea,Motacilla cinerea,2,NA,Motacilla cinerea,Motacilla cinerea,Motacilla cinerea,Motacilla cinerea,Motacilla cinerea,Motacilla cinerea
Motacilla citreola,Motacilla citreola,2,NA,Motacilla citreola,Motacilla citreola,Motacilla citreola,Motacilla citreola,Motacilla citreola,Motacilla citreola
Motacilla flava,Motacilla flava,2,NA,Motacilla flava,Motacilla flava,NA,Motacilla flava,Motacilla flava,Motacilla flava
Muscicapa striata,Muscicapa striata,2,NA,Muscicapa striata,Muscicapa striata,Muscicapa striata,Muscicapa striata,Muscicapa striata,Muscicapa striata
Myiopsitta monachus,Myiopsitta monachus,2,NA,Myiopsitta monachus,Myiopsitta monachus,Myiopsitta monachus,Myiopsitta monachus,Myiopsitta monachus,Myiopsitta monachus
Neophron percnopterus,Neophron percnopterus,2,NA,Neophron percnopterus,Neophron percnopterus,NA,Neophron percnopterus,Neophron percnopterus,Neophron percnopterus
Netta rufina,Netta rufina,2,NA,Netta rufina,Netta rufina,NA,Netta rufina,Netta rufina,Netta rufina
Nucifraga caryocatactes,Nucifraga caryocatactes,2,NA,Nucifraga caryocatactes,Nucifraga caryocatactes,NA,Nucifraga caryocatactes,Nucifraga caryocatactes,Nucifraga caryocatactes
Numenius arquata,Numenius arquata,2,NA,Numenius arquata,Numenius arquata,Numenius arquata,Numenius arquata,Numenius arquata,Numenius arquata
Numenius phaeopus,Numenius phaeopus,2,NA,Numenius phaeopus,Numenius phaeopus,Numenius phaeopus,Numenius phaeopus,Numenius phaeopus,Numenius phaeopus
Numida meleagris,Numida meleagris,2,NA,Numida meleagris,Numida meleagris,Numida meleagris,Numida meleagris,Numida meleagris,Numida meleagris
Nycticorax nycticorax,Nycticorax nycticorax,2,NA,Nycticorax nycticorax,Nycticorax nycticorax,Nycticorax nycticorax,Nycticorax nycticorax,Nycticorax nycticorax,Nycticorax nycticorax
Oenanthe chrysopygia,Oenanthe chrysopygia,2,NA,Oenanthe chrysopygia,Oenanthe chrysopygia,NA,Oenanthe chrysopygia,Oenanthe chrysopygia,Oenanthe chrysopygia
Oenanthe cypriaca,Oenanthe cypriaca,2,NA,Oenanthe cypriaca,Oenanthe cypriaca,NA,Oenanthe cypriaca,Oenanthe cypriaca,Oenanthe cypriaca
Oenanthe deserti,Oenanthe deserti,2,NA,Oenanthe deserti,Oenanthe deserti,NA,Oenanthe deserti,Oenanthe deserti,Oenanthe deserti
Oenanthe finschii,Oenanthe finschii,2,NA,Oenanthe finschii,Oenanthe finschii,NA,Oenanthe finschii,Oenanthe finschii,Oenanthe finschii
Oenanthe hispanica,Oenanthe hispanica,2,NA,Oenanthe hispanica,Oenanthe hispanica,NA,Oenanthe hispanica,Oenanthe hispanica,Oenanthe hispanica
Oenanthe isabellina,Oenanthe isabellina,2,NA,Oenanthe isabellina,Oenanthe isabellina,NA,Oenanthe isabellina,Oenanthe isabellina,Oenanthe isabellina
Oenanthe leucura,Oenanthe leucura,2,NA,Oenanthe leucura,Oenanthe leucura,NA,Oenanthe leucura,Oenanthe leucura,Oenanthe leucura
Oenanthe oenanthe,Oenanthe oenanthe,2,NA,Oenanthe oenanthe,Oenanthe oenanthe,Oenanthe oenanthe,Oenanthe oenanthe,Oenanthe oenanthe,Oenanthe oenanthe
Oenanthe pleschanka,Oenanthe pleschanka,2,NA,Oenanthe pleschanka,Oenanthe pleschanka,Oenanthe pleschanka,Oenanthe pleschanka,Oenanthe pleschanka,Oenanthe pleschanka
Oenanthe xanthoprymna,Oenanthe xanthoprymna,2,NA,Oenanthe xanthoprymna,Oenanthe xanthoprymna,NA,Oenanthe xanthoprymna,Oenanthe xanthoprymna,Oenanthe xanthoprymna
Onychoprion fuscatus,Onychoprion fuscatus,2,NA,Onychoprion fuscatus,Onychoprion fuscatus,Onychoprion fuscatus,Onychoprion fuscatus,Onychoprion fuscatus,Onychoprion fuscatus
Oriolus oriolus,Oriolus oriolus,2,NA,Oriolus oriolus,Oriolus oriolus,NA,Oriolus oriolus,Oriolus oriolus,Oriolus oriolus
Otis tarda,Otis tarda,2,NA,Otis tarda,Otis tarda,NA,Otis tarda,Otis tarda,Otis tarda
Otus brucei,Otus brucei,2,NA,Otus brucei,Otus brucei,NA,Otus brucei,Otus brucei,Otus brucei
Otus cyprius,Otus cyprius,2,NA,Otus cyprius,Otus cyprius,NA,Otus cyprius,NA,NA
Otus scops,Otus scops,2,NA,Otus scops,Otus scops,NA,Otus scops,Otus scops,Otus scops
Oxyura jamaicensis,Oxyura jamaicensis,2,NA,Oxyura jamaicensis,Oxyura jamaicensis,Oxyura jamaicensis,Oxyura jamaicensis,Oxyura jamaicensis,Oxyura jamaicensis
Oxyura leucocephala,Oxyura leucocephala,2,NA,Oxyura leucocephala,Oxyura leucocephala,NA,Oxyura leucocephala,Oxyura leucocephala,Oxyura leucocephala
Pagophila eburnea,Pagophila eburnea,2,NA,Pagophila eburnea,Pagophila eburnea,Pagophila eburnea,Pagophila eburnea,Pagophila eburnea,Pagophila eburnea
Pandion haliaetus,Pandion haliaetus,2,NA,Pandion haliaetus,Pandion haliaetus,Pandion haliaetus,Pandion haliaetus,Pandion haliaetus,Pandion haliaetus
Panurus biarmicus,Panurus biarmicus,2,NA,Panurus biarmicus,Panurus biarmicus,NA,Panurus biarmicus,Panurus biarmicus,Panurus biarmicus
Parabuteo unicinctus,Parabuteo unicinctus,2,NA,Parabuteo unicinctus,Parabuteo unicinctus,Parabuteo unicinctus,Parabuteo unicinctus,Parabuteo unicinctus,Parabuteo unicinctus
Parus major,Parus major,2,NA,Parus major,Parus major,NA,Parus major,Parus major,Parus major
Passer domesticus,Passer domesticus,2,NA,Passer domesticus,Passer domesticus,Passer domesticus,Passer domesticus,Passer domesticus,Passer domesticus
Passer hispaniolensis,Passer hispaniolensis,2,NA,Passer hispaniolensis,Passer hispaniolensis,NA,Passer hispaniolensis,Passer hispaniolensis,Passer hispaniolensis
Passer italiae,Passer italiae,2,NA,Passer italiae,Passer italiae,NA,Passer italiae,NA,NA
Passer moabiticus,Passer moabiticus,2,NA,Passer moabiticus,Passer moabiticus,NA,Passer moabiticus,Passer moabiticus,Passer moabiticus
Passer montanus,Passer montanus,2,NA,Passer montanus,Passer montanus,Passer montanus,Passer montanus,Passer montanus,Passer montanus
Pastor roseus,Pastor roseus,2,NA,Pastor roseus,Pastor roseus,NA,Pastor roseus,Pastor roseus,NA
Pavo cristatus,Pavo cristatus,2,NA,Pavo cristatus,Pavo cristatus,Pavo cristatus,Pavo cristatus,Pavo cristatus,Pavo cristatus
Pelagodroma marina,Pelagodroma marina,2,NA,Pelagodroma marina,Pelagodroma marina,Pelagodroma marina,Pelagodroma marina,Pelagodroma marina,Pelagodroma marina
Pelecanus crispus,Pelecanus crispus,2,NA,Pelecanus crispus,Pelecanus crispus,NA,Pelecanus crispus,Pelecanus crispus,Pelecanus crispus
Pelecanus onocrotalus,Pelecanus onocrotalus,2,NA,Pelecanus onocrotalus,Pelecanus onocrotalus,NA,Pelecanus onocrotalus,Pelecanus onocrotalus,Pelecanus onocrotalus
Perdix perdix,Perdix perdix,2,NA,Perdix perdix,Perdix perdix,Perdix perdix,Perdix perdix,Perdix perdix,Perdix perdix
Periparus ater,Periparus ater,2,NA,Periparus ater,Periparus ater,NA,Periparus ater,Periparus ater,NA
Perisoreus infaustus,Perisoreus infaustus,2,NA,Perisoreus infaustus,Perisoreus infaustus,NA,Perisoreus infaustus,Perisoreus infaustus,Perisoreus infaustus
Pernis apivorus,Pernis apivorus,2,NA,Pernis apivorus,Pernis apivorus,NA,Pernis apivorus,Pernis apivorus,Pernis apivorus
Petronia petronia,Petronia petronia,2,NA,Petronia petronia,Petronia petronia,NA,Petronia petronia,Petronia petronia,Petronia petronia
Phaethon aethereus,Phaethon aethereus,2,NA,Phaethon aethereus,Phaethon aethereus,Phaethon aethereus,Phaethon aethereus,Phaethon aethereus,Phaethon aethereus
Phalacrocorax carbo,Phalacrocorax carbo,2,NA,Phalacrocorax carbo,Phalacrocorax carbo,Phalacrocorax carbo,Phalacrocorax carbo,Phalacrocorax carbo,Phalacrocorax carbo
Phalaropus fulicarius,Phalaropus fulicarius,2,NA,Phalaropus fulicarius,Phalaropus fulicarius,Phalaropus fulicarius,Phalaropus fulicarius,Phalaropus fulicarius,Phalaropus fulicarius
Phalaropus lobatus,Phalaropus lobatus,2,NA,Phalaropus lobatus,Phalaropus lobatus,Phalaropus lobatus,Phalaropus lobatus,Phalaropus lobatus,Phalaropus lobatus
Phasianus colchicus,Phasianus colchicus,2,NA,Phasianus colchicus,Phasianus colchicus,Phasianus colchicus,Phasianus colchicus,Phasianus colchicus,Phasianus colchicus
Phoeniconaias minor,Phoeniconaias minor,2,NA,Phoeniconaias minor,Phoeniconaias minor,NA,Phoeniconaias minor,Phoeniconaias minor,Phoeniconaias minor
Phoenicopterus chilensis,Phoenicopterus chilensis,2,NA,Phoenicopterus chilensis,Phoenicopterus chilensis,NA,Phoenicopterus chilensis,Phoenicopterus chilensis,Phoenicopterus chilensis
Phoenicopterus roseus,Phoenicopterus roseus,2,NA,Phoenicopterus roseus,Phoenicopterus roseus,NA,Phoenicopterus roseus,Phoenicopterus roseus,Phoenicopterus roseus
Phoenicopterus ruber,Phoenicopterus ruber,2,NA,Phoenicopterus ruber,Phoenicopterus ruber,Phoenicopterus ruber,Phoenicopterus ruber,Phoenicopterus ruber,Phoenicopterus ruber
Phoenicurus erythrogastrus,Phoenicurus erythrogastrus,2,NA,Phoenicurus erythrogastrus,Phoenicurus erythrogastrus,NA,Phoenicurus erythrogastrus,Phoenicurus erythrogastrus,Phoenicurus erythrogastrus
Phoenicurus ochruros,Phoenicurus ochruros,2,NA,Phoenicurus ochruros,Phoenicurus ochruros,NA,Phoenicurus ochruros,Phoenicurus ochruros,Phoenicurus ochruros
Phoenicurus phoenicurus,Phoenicurus phoenicurus,2,NA,Phoenicurus phoenicurus,Phoenicurus phoenicurus,Phoenicurus phoenicurus,Phoenicurus phoenicurus,Phoenicurus phoenicurus,Phoenicurus phoenicurus
Phylloscopus bonelli,Phylloscopus bonelli,2,NA,Phylloscopus bonelli,Phylloscopus bonelli,NA,Phylloscopus bonelli,Phylloscopus bonelli,Phylloscopus bonelli
Phylloscopus borealis,Phylloscopus borealis,2,NA,Phylloscopus borealis,Phylloscopus borealis,Phylloscopus borealis,Phylloscopus borealis,Phylloscopus borealis,Phylloscopus borealis
Phylloscopus canariensis,Phylloscopus canariensis,2,NA,Phylloscopus canariensis,Phylloscopus canariensis,NA,Phylloscopus canariensis,Phylloscopus canariensis,Phylloscopus canariensis
Phylloscopus collybita,Phylloscopus collybita,2,NA,Phylloscopus collybita,Phylloscopus collybita,Phylloscopus collybita,Phylloscopus collybita,Phylloscopus collybita,Phylloscopus collybita
Phylloscopus ibericus,Phylloscopus ibericus,2,NA,Phylloscopus ibericus,Phylloscopus ibericus,NA,Phylloscopus ibericus,Phylloscopus ibericus,Phylloscopus ibericus
Phylloscopus inornatus,Phylloscopus inornatus,2,NA,Phylloscopus inornatus,Phylloscopus inornatus,Phylloscopus inornatus,Phylloscopus inornatus,Phylloscopus inornatus,Phylloscopus inornatus
Phylloscopus nitidus,Phylloscopus nitidus,2,NA,Phylloscopus nitidus,Phylloscopus nitidus,NA,Phylloscopus nitidus,Phylloscopus nitidus,Phylloscopus nitidus
Phylloscopus orientalis,Phylloscopus orientalis,2,NA,Phylloscopus orientalis,Phylloscopus orientalis,NA,Phylloscopus orientalis,Phylloscopus orientalis,Phylloscopus orientalis
Phylloscopus sibilatrix,Phylloscopus sibilatrix,2,NA,Phylloscopus sibilatrix,Phylloscopus sibilatrix,Phylloscopus sibilatrix,NA,Phylloscopus sibilatrix,Phylloscopus sibilatrix
Phylloscopus sindianus,Phylloscopus sindianus,2,NA,Phylloscopus sindianus,Phylloscopus sindianus,NA,Phylloscopus sindianus,Phylloscopus sindianus,Phylloscopus sindianus
Phylloscopus tristis,Phylloscopus tristis,2,NA,Phylloscopus tristis,NA,NA,Phylloscopus tristis,NA,NA
Phylloscopus trochiloides,Phylloscopus trochiloides,2,NA,Phylloscopus trochiloides,Phylloscopus trochiloides,NA,Phylloscopus trochiloides,Phylloscopus trochiloides,Phylloscopus trochiloides
Phylloscopus trochilus,Phylloscopus trochilus,2,NA,Phylloscopus trochilus,Phylloscopus trochilus,Phylloscopus trochilus,Phylloscopus trochilus,Phylloscopus trochilus,Phylloscopus trochilus
Pica pica,Pica pica,2,NA,Pica pica,Pica pica,NA,Pica pica,Pica pica,Pica pica
Picoides tridactylus,Picoides tridactylus,2,NA,Picoides tridactylus,Picoides tridactylus,NA,Picoides tridactylus,Picoides tridactylus,Picoides tridactylus
Picus canus,Picus canus,2,NA,Picus canus,Picus canus,NA,Picus canus,Picus canus,Picus canus
Picus sharpei,Picus sharpei,2,NA,Picus sharpei,Picus sharpei,NA,Picus sharpei,NA,Picus sharpei
Picus viridis,Picus viridis,2,NA,Picus viridis,Picus viridis,NA,Picus viridis,Picus viridis,Picus viridis
Pinicola enucleator,Pinicola enucleator,2,NA,Pinicola enucleator,Pinicola enucleator,Pinicola enucleator,Pinicola enucleator,Pinicola enucleator,Pinicola enucleator
Pionus maximiliani,Pionus maximiliani,2,NA,Pionus maximiliani,Pionus maximiliani,NA,Pionus maximiliani,Pionus maximiliani,Pionus maximiliani
Platalea leucorodia,Platalea leucorodia,2,NA,Platalea leucorodia,Platalea leucorodia,Platalea leucorodia,Platalea leucorodia,Platalea leucorodia,Platalea leucorodia
Plectrophenax nivalis,Plectrophenax nivalis,2,NA,Plectrophenax nivalis,Plectrophenax nivalis,Plectrophenax nivalis,Plectrophenax nivalis,Plectrophenax nivalis,Plectrophenax nivalis
Plegadis falcinellus,Plegadis falcinellus,2,NA,Plegadis falcinellus,Plegadis falcinellus,Plegadis falcinellus,Plegadis falcinellus,Plegadis falcinellus,Plegadis falcinellus
Ploceus melanocephalus,Ploceus melanocephalus,2,NA,Ploceus melanocephalus,Ploceus melanocephalus,NA,Ploceus melanocephalus,Ploceus melanocephalus,Ploceus melanocephalus
Pluvialis apricaria,Pluvialis apricaria,2,NA,Pluvialis apricaria,Pluvialis apricaria,Pluvialis apricaria,Pluvialis apricaria,Pluvialis apricaria,Pluvialis apricaria
Pluvialis fulva,Pluvialis fulva,2,NA,Pluvialis fulva,Pluvialis fulva,Pluvialis fulva,Pluvialis fulva,Pluvialis fulva,Pluvialis fulva
Pluvialis squatarola,Pluvialis squatarola,2,NA,Pluvialis squatarola,Pluvialis squatarola,Pluvialis squatarola,Pluvialis squatarola,Pluvialis squatarola,Pluvialis squatarola
Podiceps auritus,Podiceps auritus,2,NA,Podiceps auritus,Podiceps auritus,Podiceps auritus,Podiceps auritus,Podiceps auritus,Podiceps auritus
Podiceps cristatus,Podiceps cristatus,2,NA,Podiceps cristatus,Podiceps cristatus,NA,Podiceps cristatus,Podiceps cristatus,Podiceps cristatus
Podiceps grisegena,Podiceps grisegena,2,NA,Podiceps grisegena,Podiceps grisegena,Podiceps grisegena,Podiceps grisegena,Podiceps grisegena,Podiceps grisegena
Podiceps nigricollis,Podiceps nigricollis,2,NA,Podiceps nigricollis,Podiceps nigricollis,Podiceps nigricollis,Podiceps nigricollis,Podiceps nigricollis,Podiceps nigricollis
Podilymbus podiceps,Podilymbus podiceps,2,NA,Podilymbus podiceps,Podilymbus podiceps,Podilymbus podiceps,Podilymbus podiceps,Podilymbus podiceps,Podilymbus podiceps
Poecile cinctus,Poecile cinctus,2,NA,Poecile cinctus,Poecile cinctus,Poecile cinctus,Poecile cinctus,Poecile cinctus,NA
Poecile hyrcanus,Poecile hyrcanus,2,NA,Poecile hyrcanus,Poecile hyrcanus,NA,Poecile hyrcanus,NA,NA
Poecile lugubris,Poecile lugubris,2,NA,Poecile lugubris,Poecile lugubris,NA,Poecile lugubris,Poecile lugubris,NA
Poecile montanus,Poecile montanus,2,NA,Poecile montanus,Poecile montanus,NA,Poecile montanus,Poecile montanus,NA
Poecile palustris,Poecile palustris,2,NA,Poecile palustris,Poecile palustris,NA,Poecile palustris,Poecile palustris,NA
Poicephalus senegalus,Poicephalus senegalus,2,NA,Poicephalus senegalus,Poicephalus senegalus,NA,Poicephalus senegalus,Poicephalus senegalus,Poicephalus senegalus
Polysticta stelleri,Polysticta stelleri,2,NA,Polysticta stelleri,Polysticta stelleri,Polysticta stelleri,Polysticta stelleri,Polysticta stelleri,Polysticta stelleri
Porphyrio alleni,Porphyrio alleni,2,NA,Porphyrio alleni,Porphyrio alleni,NA,Porphyrio alleni,Porphyrio alleni,Porphyrio alleni
Porphyrio porphyrio,Porphyrio porphyrio,2,NA,Porphyrio porphyrio,Porphyrio porphyrio,Porphyrio porphyrio,Porphyrio porphyrio,Porphyrio porphyrio,Porphyrio porphyrio
Porzana porzana,Porzana porzana,2,NA,Porzana porzana,Porzana porzana,Porzana porzana,Porzana porzana,Porzana porzana,Porzana porzana
Prinia gracilis,Prinia gracilis,2,NA,Prinia gracilis,Prinia gracilis,NA,Prinia gracilis,Prinia gracilis,Prinia gracilis
Prunella atrogularis,Prunella atrogularis,2,NA,Prunella atrogularis,Prunella atrogularis,NA,Prunella atrogularis,Prunella atrogularis,Prunella atrogularis
Prunella collaris,Prunella collaris,2,NA,Prunella collaris,Prunella collaris,NA,Prunella collaris,Prunella collaris,Prunella collaris
Prunella modularis,Prunella modularis,2,NA,Prunella modularis,Prunella modularis,NA,Prunella modularis,Prunella modularis,Prunella modularis
Prunella montanella,Prunella montanella,2,NA,Prunella montanella,Prunella montanella,Prunella montanella,Prunella montanella,Prunella montanella,Prunella montanella
Prunella ocularis,Prunella ocularis,2,NA,Prunella ocularis,Prunella ocularis,NA,Prunella ocularis,Prunella ocularis,Prunella ocularis
Psittacara acuticaudatus,Psittacara acuticaudatus,2,NA,Psittacara acuticaudatus,NA,NA,Psittacara acuticaudatus,NA,Psittacara acuticaudatus
Psittacara erythrogenys,Psittacara erythrogenys,2,NA,Psittacara erythrogenys,Psittacara erythrogenys,NA,Psittacara erythrogenys,NA,Psittacara erythrogenys
Psittacara mitratus,Psittacara mitratus,2,NA,Psittacara mitratus,Psittacara mitratus,Psittacara mitratus,Psittacara mitratus,NA,Psittacara mitratus
Psittacula eupatria,Psittacula eupatria,2,NA,Psittacula eupatria,Psittacula eupatria,NA,Psittacula eupatria,Psittacula eupatria,Psittacula eupatria
Psittacula krameri,Psittacula krameri,2,NA,Psittacula krameri,Psittacula krameri,Psittacula krameri,Psittacula krameri,Psittacula krameri,Psittacula krameri
Pternistis erckelii,Pternistis erckelii,2,NA,Pternistis erckelii,Pternistis erckelii,Pternistis erckelii,Pternistis erckelii,Pternistis erckelii,Pternistis erckelii
Pterocles alchata,Pterocles alchata,2,NA,Pterocles alchata,Pterocles alchata,NA,Pterocles alchata,Pterocles alchata,Pterocles alchata
Pterocles orientalis,Pterocles orientalis,2,NA,Pterocles orientalis,Pterocles orientalis,NA,Pterocles orientalis,Pterocles orientalis,Pterocles orientalis
Pterodroma deserta,Pterodroma deserta,2,NA,Pterodroma deserta,NA,NA,Pterodroma deserta,Pterodroma deserta,Pterodroma deserta
Pterodroma madeira,Pterodroma madeira,2,NA,Pterodroma madeira,Pterodroma madeira,Pterodroma madeira,Pterodroma madeira,Pterodroma madeira,Pterodroma madeira
Ptyonoprogne rupestris,Ptyonoprogne rupestris,2,NA,Ptyonoprogne rupestris,Ptyonoprogne rupestris,NA,Ptyonoprogne rupestris,Ptyonoprogne rupestris,Ptyonoprogne rupestris
Puffinus lherminieri,Puffinus lherminieri,2,NA,Puffinus lherminieri,Puffinus lherminieri,Puffinus lherminieri,Puffinus lherminieri,Puffinus lherminieri,Puffinus lherminieri
Puffinus mauretanicus,Puffinus mauretanicus,2,NA,Puffinus mauretanicus,Puffinus mauretanicus,NA,Puffinus mauretanicus,Puffinus mauretanicus,Puffinus mauretanicus
Puffinus puffinus,Puffinus puffinus,2,NA,Puffinus puffinus,Puffinus puffinus,Puffinus puffinus,Puffinus puffinus,Puffinus puffinus,Puffinus puffinus
Puffinus yelkouan,Puffinus yelkouan,2,NA,Puffinus yelkouan,Puffinus yelkouan,NA,Puffinus yelkouan,Puffinus yelkouan,Puffinus yelkouan
Pycnonotus barbatus,Pycnonotus barbatus,2,NA,Pycnonotus barbatus,Pycnonotus barbatus,NA,Pycnonotus barbatus,Pycnonotus barbatus,Pycnonotus barbatus
Pycnonotus cafer,Pycnonotus cafer,2,NA,Pycnonotus cafer,Pycnonotus cafer,Pycnonotus cafer,Pycnonotus cafer,Pycnonotus cafer,Pycnonotus cafer
Pycnonotus jocosus,Pycnonotus jocosus,2,NA,Pycnonotus jocosus,Pycnonotus jocosus,Pycnonotus jocosus,Pycnonotus jocosus,Pycnonotus jocosus,Pycnonotus jocosus
Pycnonotus leucotis,Pycnonotus leucotis,2,NA,Pycnonotus leucotis,Pycnonotus leucotis,NA,Pycnonotus leucotis,Pycnonotus leucotis,Pycnonotus leucotis
Pycnonotus xanthopygos,Pycnonotus xanthopygos,2,NA,Pycnonotus xanthopygos,Pycnonotus xanthopygos,NA,Pycnonotus xanthopygos,Pycnonotus xanthopygos,Pycnonotus xanthopygos
Pyrrhocorax graculus,Pyrrhocorax graculus,2,NA,Pyrrhocorax graculus,Pyrrhocorax graculus,NA,Pyrrhocorax graculus,Pyrrhocorax graculus,Pyrrhocorax graculus
Pyrrhocorax pyrrhocorax,Pyrrhocorax pyrrhocorax,2,NA,Pyrrhocorax pyrrhocorax,Pyrrhocorax pyrrhocorax,NA,Pyrrhocorax pyrrhocorax,Pyrrhocorax pyrrhocorax,Pyrrhocorax pyrrhocorax
Pyrrhula murina,Pyrrhula murina,2,NA,Pyrrhula murina,Pyrrhula murina,NA,Pyrrhula murina,Pyrrhula murina,Pyrrhula murina
Pyrrhula pyrrhula,Pyrrhula pyrrhula,2,NA,Pyrrhula pyrrhula,Pyrrhula pyrrhula,Pyrrhula pyrrhula,Pyrrhula pyrrhula,Pyrrhula pyrrhula,Pyrrhula pyrrhula
Quelea quelea,Quelea quelea,2,NA,Quelea quelea,Quelea quelea,NA,Quelea quelea,Quelea quelea,Quelea quelea
Rallus aquaticus,Rallus aquaticus,2,NA,Rallus aquaticus,Rallus aquaticus,Rallus aquaticus,Rallus aquaticus,Rallus aquaticus,Rallus aquaticus
Recurvirostra avosetta,Recurvirostra avosetta,2,NA,Recurvirostra avosetta,Recurvirostra avosetta,NA,Recurvirostra avosetta,Recurvirostra avosetta,Recurvirostra avosetta
Regulus ignicapilla,Regulus ignicapilla,2,NA,Regulus ignicapilla,Regulus ignicapilla,NA,Regulus ignicapilla,Regulus ignicapilla,Regulus ignicapilla
Regulus madeirensis,Regulus madeirensis,2,NA,Regulus madeirensis,Regulus madeirensis,NA,Regulus madeirensis,Regulus madeirensis,Regulus madeirensis
Regulus regulus,Regulus regulus,2,NA,Regulus regulus,Regulus regulus,NA,Regulus regulus,Regulus regulus,Regulus regulus
Remiz pendulinus,Remiz pendulinus,2,NA,Remiz pendulinus,Remiz pendulinus,NA,Remiz pendulinus,Remiz pendulinus,Remiz pendulinus
Rhea americana,Rhea americana,2,NA,Rhea americana,Rhea americana,NA,Rhea americana,Rhea americana,Rhea americana
Rhodopechys sanguineus,Rhodopechys sanguineus,2,NA,Rhodopechys sanguineus,Rhodopechys sanguineus,NA,Rhodopechys sanguineus,Rhodopechys sanguineus,Rhodopechys sanguineus
Rhodospiza obsoleta,Rhodospiza obsoleta,2,NA,Rhodospiza obsoleta,Rhodospiza obsoleta,NA,Rhodospiza obsoleta,Rhodospiza obsoleta,Rhodospiza obsoleta
Riparia riparia,Riparia riparia,2,NA,Riparia riparia,Riparia riparia,Riparia riparia,Riparia riparia,Riparia riparia,Riparia riparia
Rissa tridactyla,Rissa tridactyla,2,NA,Rissa tridactyla,Rissa tridactyla,Rissa tridactyla,Rissa tridactyla,Rissa tridactyla,Rissa tridactyla
Saxicola dacotiae,Saxicola dacotiae,2,NA,Saxicola dacotiae,Saxicola dacotiae,NA,Saxicola dacotiae,Saxicola dacotiae,Saxicola dacotiae
Saxicola rubetra,Saxicola rubetra,2,NA,Saxicola rubetra,Saxicola rubetra,NA,Saxicola rubetra,Saxicola rubetra,Saxicola rubetra
Saxicola torquatus,Saxicola torquatus,2,NA,Saxicola torquatus,Saxicola torquatus,Saxicola torquatus,Saxicola torquatus,Saxicola torquatus,Saxicola torquatus
Scolopax rusticola,Scolopax rusticola,2,NA,Scolopax rusticola,Scolopax rusticola,Scolopax rusticola,Scolopax rusticola,Scolopax rusticola,Scolopax rusticola
Serinus canaria,Serinus canaria,2,NA,Serinus canaria,Serinus canaria,Serinus canaria,Serinus canaria,Serinus canaria,Serinus canaria
Serinus pusillus,Serinus pusillus,2,NA,Serinus pusillus,Serinus pusillus,NA,Serinus pusillus,Serinus pusillus,Serinus pusillus
Serinus serinus,Serinus serinus,2,NA,Serinus serinus,Serinus serinus,NA,Serinus serinus,Serinus serinus,Serinus serinus
Sinosuthora alphonsiana,Sinosuthora alphonsiana,2,NA,Sinosuthora alphonsiana,Sinosuthora alphonsiana,NA,Sinosuthora alphonsiana,Sinosuthora alphonsiana,NA
Sinosuthora webbiana,Sinosuthora webbiana,2,NA,Sinosuthora webbiana,Sinosuthora webbiana,NA,Sinosuthora webbiana,Sinosuthora webbiana,NA
Sitta europaea,Sitta europaea,2,NA,Sitta europaea,Sitta europaea,NA,Sitta europaea,Sitta europaea,Sitta europaea
Sitta krueperi,Sitta krueperi,2,NA,Sitta krueperi,Sitta krueperi,NA,Sitta krueperi,Sitta krueperi,Sitta krueperi
Sitta neumayer,Sitta neumayer,2,NA,Sitta neumayer,Sitta neumayer,NA,Sitta neumayer,Sitta neumayer,Sitta neumayer
Sitta tephronota,Sitta tephronota,2,NA,Sitta tephronota,Sitta tephronota,NA,Sitta tephronota,Sitta tephronota,Sitta tephronota
Sitta whiteheadi,Sitta whiteheadi,2,NA,Sitta whiteheadi,Sitta whiteheadi,NA,Sitta whiteheadi,Sitta whiteheadi,Sitta whiteheadi
Somateria mollissima,Somateria mollissima,2,NA,Somateria mollissima,Somateria mollissima,Somateria mollissima,Somateria mollissima,Somateria mollissima,Somateria mollissima
Somateria spectabilis,Somateria spectabilis,2,NA,Somateria spectabilis,Somateria spectabilis,Somateria spectabilis,Somateria spectabilis,Somateria spectabilis,Somateria spectabilis
Spatula clypeata,Spatula clypeata,2,NA,Spatula clypeata,Spatula clypeata,Spatula clypeata,Spatula clypeata,NA,Spatula clypeata
Spatula cyanoptera,Spatula cyanoptera,2,NA,Spatula cyanoptera,Spatula cyanoptera,Spatula cyanoptera,Spatula cyanoptera,NA,Spatula cyanoptera
Spatula discors,Spatula discors,2,NA,Spatula discors,Spatula discors,Spatula discors,Spatula discors,NA,Spatula discors
Spatula querquedula,Spatula querquedula,2,NA,Spatula querquedula,Spatula querquedula,Spatula querquedula,Spatula querquedula,NA,Spatula querquedula
Spilopelia senegalensis,Spilopelia senegalensis,2,NA,Spilopelia senegalensis,NA,NA,Spilopelia senegalensis,Spilopelia senegalensis,Spilopelia senegalensis
Spinus spinus,Spinus spinus,2,NA,Spinus spinus,Spinus spinus,Spinus spinus,Spinus spinus,NA,NA
Stercorarius longicaudus,Stercorarius longicaudus,2,NA,Stercorarius longicaudus,Stercorarius longicaudus,Stercorarius longicaudus,Stercorarius longicaudus,Stercorarius longicaudus,Stercorarius longicaudus
Stercorarius parasiticus,Stercorarius parasiticus,2,NA,Stercorarius parasiticus,Stercorarius parasiticus,Stercorarius parasiticus,Stercorarius parasiticus,Stercorarius parasiticus,Stercorarius parasiticus
Stercorarius pomarinus,Stercorarius pomarinus,2,NA,Stercorarius pomarinus,Stercorarius pomarinus,Stercorarius pomarinus,Stercorarius pomarinus,Stercorarius pomarinus,Stercorarius pomarinus
Sterna dougallii,Sterna dougallii,2,NA,Sterna dougallii,Sterna dougallii,Sterna dougallii,Sterna dougallii,Sterna dougallii,Sterna dougallii
Sterna hirundo,Sterna hirundo,2,NA,Sterna hirundo,Sterna hirundo,Sterna hirundo,Sterna hirundo,Sterna hirundo,Sterna hirundo
Sterna paradisaea,Sterna paradisaea,2,NA,Sterna paradisaea,Sterna paradisaea,Sterna paradisaea,Sterna paradisaea,Sterna paradisaea,Sterna paradisaea
Sternula albifrons,Sternula albifrons,2,NA,Sternula albifrons,Sternula albifrons,Sternula albifrons,Sternula albifrons,Sternula albifrons,Sternula albifrons
Streptopelia decaocto,Streptopelia decaocto,2,NA,Streptopelia decaocto,Streptopelia decaocto,Streptopelia decaocto,Streptopelia decaocto,Streptopelia decaocto,Streptopelia decaocto
Streptopelia orientalis,Streptopelia orientalis,2,NA,Streptopelia orientalis,Streptopelia orientalis,Streptopelia orientalis,Streptopelia orientalis,Streptopelia orientalis,Streptopelia orientalis
Streptopelia roseogrisea,Streptopelia roseogrisea,2,NA,Streptopelia roseogrisea,Streptopelia roseogrisea,Streptopelia roseogrisea,Streptopelia roseogrisea,NA,Streptopelia roseogrisea
Streptopelia turtur,Streptopelia turtur,2,NA,Streptopelia turtur,Streptopelia turtur,Streptopelia turtur,Streptopelia turtur,Streptopelia turtur,Streptopelia turtur
Strix aluco,Strix aluco,2,NA,Strix aluco,Strix aluco,NA,Strix aluco,Strix aluco,Strix aluco
Strix nebulosa,Strix nebulosa,2,NA,Strix nebulosa,Strix nebulosa,Strix nebulosa,Strix nebulosa,Strix nebulosa,Strix nebulosa
Strix uralensis,Strix uralensis,2,NA,Strix uralensis,Strix uralensis,NA,Strix uralensis,Strix uralensis,Strix uralensis
Sturnus unicolor,Sturnus unicolor,2,NA,Sturnus unicolor,Sturnus unicolor,NA,Sturnus unicolor,Sturnus unicolor,Sturnus unicolor
Sturnus vulgaris,Sturnus vulgaris,2,NA,Sturnus vulgaris,Sturnus vulgaris,Sturnus vulgaris,Sturnus vulgaris,Sturnus vulgaris,Sturnus vulgaris
Surnia ulula,Surnia ulula,2,NA,Surnia ulula,Surnia ulula,Surnia ulula,Surnia ulula,Surnia ulula,Surnia ulula
Sylvia atricapilla,Sylvia atricapilla,2,NA,Sylvia atricapilla,Sylvia atricapilla,Sylvia atricapilla,Sylvia atricapilla,Sylvia atricapilla,Sylvia atricapilla
Sylvia balearica,Sylvia balearica,2,NA,Sylvia balearica,NA,NA,Sylvia balearica,Sylvia balearica,Sylvia balearica
Sylvia borin,Sylvia borin,2,NA,Sylvia borin,Sylvia borin,NA,Sylvia borin,Sylvia borin,Sylvia borin
Sylvia cantillans,Sylvia cantillans,2,NA,Sylvia cantillans,NA,NA,Sylvia cantillans,Sylvia cantillans,Sylvia cantillans
Sylvia communis,Sylvia communis,2,NA,Sylvia communis,NA,NA,Sylvia communis,Sylvia communis,Sylvia communis
Sylvia conspicillata,Sylvia conspicillata,2,NA,Sylvia conspicillata,NA,NA,Sylvia conspicillata,Sylvia conspicillata,Sylvia conspicillata
Sylvia crassirostris,Sylvia crassirostris,2,NA,Sylvia crassirostris,NA,NA,Sylvia crassirostris,Sylvia crassirostris,Sylvia crassirostris
Sylvia curruca,Sylvia curruca,2,NA,Sylvia curruca,NA,Sylvia curruca,Sylvia curruca,Sylvia curruca,Sylvia curruca
Sylvia hortensis,Sylvia hortensis,2,NA,Sylvia hortensis,NA,NA,Sylvia hortensis,Sylvia hortensis,Sylvia hortensis
Sylvia melanocephala,Sylvia melanocephala,2,NA,Sylvia melanocephala,NA,NA,Sylvia melanocephala,Sylvia melanocephala,Sylvia melanocephala
Sylvia melanothorax,Sylvia melanothorax,2,NA,Sylvia melanothorax,NA,NA,Sylvia melanothorax,Sylvia melanothorax,Sylvia melanothorax
Sylvia mystacea,Sylvia mystacea,2,NA,Sylvia mystacea,NA,NA,Sylvia mystacea,Sylvia mystacea,Sylvia mystacea
Sylvia nana,Sylvia nana,2,NA,Sylvia nana,NA,NA,Sylvia nana,Sylvia nana,Sylvia nana
Sylvia nisoria,Sylvia nisoria,2,NA,Sylvia nisoria,NA,NA,Sylvia nisoria,Sylvia nisoria,Sylvia nisoria
Sylvia ruppeli,Sylvia ruppeli,2,NA,Sylvia ruppeli,NA,NA,Sylvia ruppeli,Sylvia ruppeli,NA
Sylvia sarda,Sylvia sarda,2,NA,Sylvia sarda,NA,NA,Sylvia sarda,Sylvia sarda,Sylvia sarda
Sylvia subalpina,Sylvia subalpina,2,NA,Sylvia subalpina,NA,NA,Sylvia subalpina,NA,NA
Sylvia undata,Sylvia undata,2,NA,Sylvia undata,NA,NA,Sylvia undata,Sylvia undata,Sylvia undata
Syrmaticus reevesii,Syrmaticus reevesii,2,NA,Syrmaticus reevesii,Syrmaticus reevesii,NA,Syrmaticus reevesii,Syrmaticus reevesii,Syrmaticus reevesii
Tachybaptus ruficollis,Tachybaptus ruficollis,2,NA,Tachybaptus ruficollis,Tachybaptus ruficollis,NA,Tachybaptus ruficollis,Tachybaptus ruficollis,Tachybaptus ruficollis
Tachymarptis melba,Tachymarptis melba,2,NA,Tachymarptis melba,NA,NA,Tachymarptis melba,Tachymarptis melba,Tachymarptis melba
Tadorna ferruginea,Tadorna ferruginea,2,NA,Tadorna ferruginea,Tadorna ferruginea,Tadorna ferruginea,Tadorna ferruginea,Tadorna ferruginea,Tadorna ferruginea
Tadorna tadorna,Tadorna tadorna,2,NA,Tadorna tadorna,Tadorna tadorna,Tadorna tadorna,Tadorna tadorna,Tadorna tadorna,Tadorna tadorna
Taeniopygia castanotis,Taeniopygia castanotis,2,NA,Taeniopygia castanotis,NA,NA,Taeniopygia castanotis,NA,NA
Tarsiger cyanurus,Tarsiger cyanurus,2,NA,Tarsiger cyanurus,Tarsiger cyanurus,Tarsiger cyanurus,Tarsiger cyanurus,Tarsiger cyanurus,Tarsiger cyanurus
Tetrao urogallus,Tetrao urogallus,2,NA,Tetrao urogallus,Tetrao urogallus,NA,Tetrao urogallus,Tetrao urogallus,Tetrao urogallus
Tetraogallus caspius,Tetraogallus caspius,2,NA,Tetraogallus caspius,Tetraogallus caspius,NA,Tetraogallus caspius,Tetraogallus caspius,Tetraogallus caspius
Tetraogallus caucasicus,Tetraogallus caucasicus,2,NA,Tetraogallus caucasicus,Tetraogallus caucasicus,NA,Tetraogallus caucasicus,Tetraogallus caucasicus,Tetraogallus caucasicus
Tetrax tetrax,Tetrax tetrax,2,NA,Tetrax tetrax,Tetrax tetrax,NA,Tetrax tetrax,Tetrax tetrax,Tetrax tetrax
Thalasseus bengalensis,Thalasseus bengalensis,2,NA,Thalasseus bengalensis,Thalasseus bengalensis,NA,Thalasseus bengalensis,Thalasseus bengalensis,Thalasseus bengalensis
Thalasseus elegans,Thalasseus elegans,2,NA,Thalasseus elegans,Thalasseus elegans,Thalasseus elegans,Thalasseus elegans,Thalasseus elegans,Thalasseus elegans
Thalasseus sandvicensis,Thalasseus sandvicensis,2,NA,Thalasseus sandvicensis,Thalasseus sandvicensis,Thalasseus sandvicensis,Thalasseus sandvicensis,Thalasseus sandvicensis,Thalasseus sandvicensis
Threskiornis aethiopicus,Threskiornis aethiopicus,2,NA,Threskiornis aethiopicus,Threskiornis aethiopicus,NA,Threskiornis aethiopicus,Threskiornis aethiopicus,Threskiornis aethiopicus
Tichodroma muraria,Tichodroma muraria,2,NA,Tichodroma muraria,Tichodroma muraria,NA,Tichodroma muraria,Tichodroma muraria,Tichodroma muraria
Tringa erythropus,Tringa erythropus,2,NA,Tringa erythropus,Tringa erythropus,Tringa erythropus,Tringa erythropus,Tringa erythropus,Tringa erythropus
Tringa glareola,Tringa glareola,2,NA,Tringa glareola,Tringa glareola,Tringa glareola,Tringa glareola,Tringa glareola,Tringa glareola
Tringa nebularia,Tringa nebularia,2,NA,Tringa nebularia,Tringa nebularia,Tringa nebularia,Tringa nebularia,Tringa nebularia,Tringa nebularia
Tringa ochropus,Tringa ochropus,2,NA,Tringa ochropus,Tringa ochropus,Tringa ochropus,Tringa ochropus,Tringa ochropus,Tringa ochropus
Tringa stagnatilis,Tringa stagnatilis,2,NA,Tringa stagnatilis,Tringa stagnatilis,Tringa stagnatilis,Tringa stagnatilis,Tringa stagnatilis,Tringa stagnatilis
Tringa totanus,Tringa totanus,2,NA,Tringa totanus,Tringa totanus,Tringa totanus,Tringa totanus,Tringa totanus,Tringa totanus
Troglodytes troglodytes,Troglodytes troglodytes,2,NA,Troglodytes troglodytes,Troglodytes troglodytes,NA,Troglodytes troglodytes,Troglodytes troglodytes,Troglodytes troglodytes
Turdus atrogularis,Turdus atrogularis,2,NA,Turdus atrogularis,Turdus atrogularis,NA,Turdus atrogularis,Turdus atrogularis,Turdus atrogularis
Turdus iliacus,Turdus iliacus,2,NA,Turdus iliacus,Turdus iliacus,Turdus iliacus,Turdus iliacus,Turdus iliacus,Turdus iliacus
Turdus merula,Turdus merula,2,NA,Turdus merula,Turdus merula,Turdus merula,Turdus merula,Turdus merula,Turdus merula
Turdus philomelos,Turdus philomelos,2,NA,Turdus philomelos,Turdus philomelos,Turdus philomelos,Turdus philomelos,Turdus philomelos,Turdus philomelos
Turdus pilaris,Turdus pilaris,2,NA,Turdus pilaris,Turdus pilaris,Turdus pilaris,Turdus pilaris,Turdus pilaris,Turdus pilaris
Turdus torquatus,Turdus torquatus,2,NA,Turdus torquatus,Turdus torquatus,NA,Turdus torquatus,Turdus torquatus,Turdus torquatus
Turdus viscivorus,Turdus viscivorus,2,NA,Turdus viscivorus,Turdus viscivorus,Turdus viscivorus,Turdus viscivorus,Turdus viscivorus,Turdus viscivorus
Turnix sylvaticus,Turnix sylvaticus,2,NA,Turnix sylvaticus,Turnix sylvaticus,NA,Turnix sylvaticus,Turnix sylvaticus,Turnix sylvaticus
Tyto alba,Tyto alba,2,NA,Tyto alba,Tyto alba,Tyto alba,Tyto alba,Tyto alba,Tyto alba
Upupa epops,Upupa epops,2,NA,Upupa epops,Upupa epops,Upupa epops,Upupa epops,Upupa epops,Upupa epops
Uria aalge,Uria aalge,2,NA,Uria aalge,Uria aalge,Uria aalge,Uria aalge,Uria aalge,Uria aalge
Uria lomvia,Uria lomvia,2,NA,Uria lomvia,Uria lomvia,Uria lomvia,Uria lomvia,Uria lomvia,Uria lomvia
Vanellus gregarius,Vanellus gregarius,2,NA,Vanellus gregarius,Vanellus gregarius,NA,Vanellus gregarius,Vanellus gregarius,Vanellus gregarius
Vanellus indicus,Vanellus indicus,2,NA,Vanellus indicus,Vanellus indicus,NA,Vanellus indicus,Vanellus indicus,Vanellus indicus
Vanellus leucurus,Vanellus leucurus,2,NA,Vanellus leucurus,Vanellus leucurus,NA,Vanellus leucurus,Vanellus leucurus,Vanellus leucurus
Vanellus spinosus,Vanellus spinosus,2,NA,Vanellus spinosus,Vanellus spinosus,NA,Vanellus spinosus,Vanellus spinosus,Vanellus spinosus
Vanellus vanellus,Vanellus vanellus,2,NA,Vanellus vanellus,Vanellus vanellus,Vanellus vanellus,Vanellus vanellus,Vanellus vanellus,Vanellus vanellus
Vidua macroura,Vidua macroura,2,NA,Vidua macroura,Vidua macroura,Vidua macroura,Vidua macroura,Vidua macroura,Vidua macroura
Xema sabini,Xema sabini,2,NA,Xema sabini,Xema sabini,Xema sabini,Xema sabini,Xema sabini,Xema sabini
Xenus cinereus,Xenus cinereus,2,NA,Xenus cinereus,Xenus cinereus,Xenus cinereus,Xenus cinereus,Xenus cinereus,Xenus cinereus
Zapornia parva,Zapornia parva,2,NA,Zapornia parva,Zapornia parva,NA,Zapornia parva,NA,Zapornia parva
Zapornia pusilla,Zapornia pusilla,2,NA,Zapornia pusilla,Zapornia pusilla,NA,Zapornia pusilla,NA,Zapornia pusilla
Zoothera aurea,Zoothera aurea,2,NA,Zoothera aurea,Zoothera aurea,Zoothera aurea,Zoothera aurea,Zoothera aurea,Zoothera aurea
