original_verbatim_name,name_in_data,wordCount,cellID,submitted_name,Birds of the World,eBird/Clements,American Ornithological Society,GBIF,BirdLife
Accipiter gentilis,Accipiter gentilis,2,NA,Accipiter gentilis,Accipiter gentilis,Accipiter gentilis,Accipiter gentilis,Accipiter gentilis,Accipiter gentilis
Accipiter nisus,Accipiter nisus,2,NA,Accipiter nisus,Accipiter nisus,Accipiter nisus,NA,Accipiter nisus,Accipiter nisus
Acrocephalus arundinaceus,Acrocephalus arundinaceus,2,NA,Acrocephalus arundinaceus,Acrocephalus arundinaceus,Acrocephalus arundinaceus,NA,Acrocephalus arundinaceus,Acrocephalus arundinaceus
Acrocephalus dumetorum,Acrocephalus dumetorum,2,NA,Acrocephalus dumetorum,Acrocephalus dumetorum,Acrocephalus dumetorum,Acrocephalus dumetorum,Acrocephalus dumetorum,Acrocephalus dumetorum
Acrocephalus melanopogon,Acrocephalus melanopogon,2,NA,Acrocephalus melanopogon,Acrocephalus melanopogon,Acrocephalus melanopogon,NA,Acrocephalus melanopogon,Acrocephalus melanopogon
Acrocephalus paludicola,Acrocephalus paludicola,2,NA,Acrocephalus paludicola,Acrocephalus paludicola,Acrocephalus paludicola,NA,Acrocephalus paludicola,Acrocephalus paludicola
Acrocephalus palustris,Acrocephalus palustris,2,NA,Acrocephalus palustris,Acrocephalus palustris,Acrocephalus palustris,NA,Acrocephalus palustris,Acrocephalus palustris
Acrocephalus schoenobaenus,Acrocephalus schoenobaenus,2,NA,Acrocephalus schoenobaenus,Acrocephalus schoenobaenus,Acrocephalus schoenobaenus,Acrocephalus schoenobaenus,Acrocephalus schoenobaenus,Acrocephalus schoenobaenus
Acrocephalus scirpaceus,Acrocephalus scirpaceus,2,NA,Acrocephalus scirpaceus,Acrocephalus scirpaceus,Acrocephalus scirpaceus,NA,Acrocephalus scirpaceus,Acrocephalus scirpaceus
Actitis hypoleucos,Actitis hypoleucos,2,NA,Actitis hypoleucos,Actitis hypoleucos,Actitis hypoleucos,Actitis hypoleucos,Actitis hypoleucos,Actitis hypoleucos
Aegithalos caudatus,Aegithalos caudatus,2,NA,Aegithalos caudatus,Aegithalos caudatus,Aegithalos caudatus,NA,Aegithalos caudatus,Aegithalos caudatus
Aegolius funereus,Aegolius funereus,2,NA,Aegolius funereus,Aegolius funereus,Aegolius funereus,Aegolius funereus,Aegolius funereus,Aegolius funereus
Aix galericulata,Aix galericulata,2,NA,Aix galericulata,Aix galericulata,Aix galericulata,NA,Aix galericulata,Aix galericulata
Aix sponsa,Aix sponsa,2,NA,Aix sponsa,Aix sponsa,Aix sponsa,Aix sponsa,Aix sponsa,Aix sponsa
Alauda arvensis,Alauda arvensis,2,NA,Alauda arvensis,Alauda arvensis,Alauda arvensis,Alauda arvensis,Alauda arvensis,Alauda arvensis
Alcedo atthis,Alcedo atthis,2,NA,Alcedo atthis,Alcedo atthis,Alcedo atthis,NA,Alcedo atthis,Alcedo atthis
Alopochen aegyptiaca,Alopochen aegyptiaca,2,NA,Alopochen aegyptiaca,Alopochen aegyptiaca,Alopochen aegyptiaca,Alopochen aegyptiaca,Alopochen aegyptiaca,Alopochen aegyptiaca
Anas acuta,Anas acuta,2,NA,Anas acuta,Anas acuta,Anas acuta,Anas acuta,Anas acuta,Anas acuta
Anas clypeata,Anas clypeata,2,NA,Anas clypeata,Anas clypeata,NA,NA,Anas clypeata,Anas clypeata
Anas crecca,Anas crecca,2,NA,Anas crecca,Anas crecca,Anas crecca,Anas crecca,Anas crecca,Anas crecca
Anas penelope,Anas penelope,2,NA,Anas penelope,Anas penelope,NA,NA,Anas penelope,Anas penelope
Anas platyrhynchos,Anas platyrhynchos,2,NA,Anas platyrhynchos,Anas platyrhynchos,Anas platyrhynchos,Anas platyrhynchos,Anas platyrhynchos,Anas platyrhynchos
Anas querquedula,Anas querquedula,2,NA,Anas querquedula,Anas querquedula,NA,NA,Anas querquedula,Anas querquedula
Anas strepera,Anas strepera,2,NA,Anas strepera,Anas strepera,NA,NA,Anas strepera,Anas strepera
Anser anser,Anser anser,2,NA,Anser anser,Anser anser,Anser anser,Anser anser,Anser anser,Anser anser
Anthus campestris,Anthus campestris,2,NA,Anthus campestris,Anthus campestris,Anthus campestris,NA,Anthus campestris,Anthus campestris
Anthus pratensis,Anthus pratensis,2,NA,Anthus pratensis,Anthus pratensis,Anthus pratensis,Anthus pratensis,Anthus pratensis,Anthus pratensis
Anthus spinoletta,Anthus spinoletta,2,NA,Anthus spinoletta,Anthus spinoletta,Anthus spinoletta,NA,Anthus spinoletta,Anthus spinoletta
Anthus trivialis,Anthus trivialis,2,NA,Anthus trivialis,Anthus trivialis,Anthus trivialis,Anthus trivialis,Anthus trivialis,Anthus trivialis
Apus apus,Apus apus,2,NA,Apus apus,Apus apus,Apus apus,Apus apus,Apus apus,Apus apus
Aquila chrysaetos,Aquila chrysaetos,2,NA,Aquila chrysaetos,Aquila chrysaetos,Aquila chrysaetos,Aquila chrysaetos,Aquila chrysaetos,Aquila chrysaetos
Aquila heliaca,Aquila heliaca,2,NA,Aquila heliaca,Aquila heliaca,Aquila heliaca,NA,Aquila heliaca,Aquila heliaca
Aquila pomarina,Aquila pomarina,2,NA,Aquila pomarina,Aquila pomarina,NA,NA,Aquila pomarina,Aquila pomarina
Ardea cinerea,Ardea cinerea,2,NA,Ardea cinerea,Ardea cinerea,Ardea cinerea,Ardea cinerea,Ardea cinerea,Ardea cinerea
Ardea purpurea,Ardea purpurea,2,NA,Ardea purpurea,Ardea purpurea,Ardea purpurea,Ardea purpurea,Ardea purpurea,Ardea purpurea
Asio flammeus,Asio flammeus,2,NA,Asio flammeus,Asio flammeus,Asio flammeus,Asio flammeus,Asio flammeus,Asio flammeus
Asio otus,Asio otus,2,NA,Asio otus,Asio otus,Asio otus,Asio otus,Asio otus,Asio otus
Athene noctua,Athene noctua,2,NA,Athene noctua,Athene noctua,Athene noctua,NA,Athene noctua,Athene noctua
Aythya ferina,Aythya ferina,2,NA,Aythya ferina,Aythya ferina,Aythya ferina,Aythya ferina,Aythya ferina,Aythya ferina
Aythya fuligula,Aythya fuligula,2,NA,Aythya fuligula,Aythya fuligula,Aythya fuligula,Aythya fuligula,Aythya fuligula,Aythya fuligula
Aythya nyroca,Aythya nyroca,2,NA,Aythya nyroca,Aythya nyroca,Aythya nyroca,NA,Aythya nyroca,Aythya nyroca
Bonasa bonasia,Bonasa bonasia,2,NA,Bonasa bonasia,NA,NA,NA,Bonasa bonasia,Bonasa bonasia
Botaurus stellaris,Botaurus stellaris,2,NA,Botaurus stellaris,Botaurus stellaris,Botaurus stellaris,NA,Botaurus stellaris,Botaurus stellaris
Branta leucopsis,Branta leucopsis,2,NA,Branta leucopsis,Branta leucopsis,Branta leucopsis,Branta leucopsis,Branta leucopsis,Branta leucopsis
Bubo bubo,Bubo bubo,2,NA,Bubo bubo,Bubo bubo,Bubo bubo,NA,Bubo bubo,Bubo bubo
Bubulcus ibis,Bubulcus ibis,2,NA,Bubulcus ibis,Bubulcus ibis,Bubulcus ibis,Bubulcus ibis,Bubulcus ibis,Bubulcus ibis
Bucephala clangula,Bucephala clangula,2,NA,Bucephala clangula,Bucephala clangula,Bucephala clangula,Bucephala clangula,Bucephala clangula,Bucephala clangula
Burhinus oedicnemus,Burhinus oedicnemus,2,NA,Burhinus oedicnemus,Burhinus oedicnemus,Burhinus oedicnemus,NA,Burhinus oedicnemus,Burhinus oedicnemus
Buteo buteo,Buteo buteo,2,NA,Buteo buteo,Buteo buteo,Buteo buteo,NA,Buteo buteo,Buteo buteo
Caprimulgus europaeus,Caprimulgus europaeus,2,NA,Caprimulgus europaeus,Caprimulgus europaeus,Caprimulgus europaeus,NA,Caprimulgus europaeus,Caprimulgus europaeus
Carduelis cannabina,Carduelis cannabina,2,NA,Carduelis cannabina,Carduelis cannabina,NA,NA,Carduelis cannabina,Carduelis cannabina
Carduelis carduelis,Carduelis carduelis,2,NA,Carduelis carduelis,Carduelis carduelis,Carduelis carduelis,Carduelis carduelis,Carduelis carduelis,Carduelis carduelis
Carduelis chloris,Carduelis chloris,2,NA,Carduelis chloris,NA,NA,NA,Carduelis chloris,Carduelis chloris
Carduelis flammea,Carduelis flammea,2,NA,Carduelis flammea,Carduelis flammea,NA,NA,Carduelis flammea,Carduelis flammea
Carduelis flammea cabaret,Carduelis flammea,3,"6067, 5742, 5841, 6350, 6349, 6449, 6557, 5257, 5968, 6070, 5348, 5347, 6444, 6542, 5844, 5360, 5259, 6947, 7148, 7149, 6043, 6163, 7049, 5546, 5155, 5157, 5848, 6461, 7052, 6950, 6948, 6042, 6242, 5644, 6749, 6064, 5459, 6655, 5745, 5845, 5543, 5542, 5359, 7249, 7048, 5560, 6243, 6765, 5744, 5446, 6953, 6958, 5741, 5260, 6167, 5258, 7253, 6264, 7151, 6359, 5158, 5250, 5150, 6164, 5149, 5969, 6559, 6260, 6360, 5743, 7251, 5746, 7351, 6946, 6847, 5842, 5447, 6956, 5840, 6472, 5453, 5357, 5868, 6241, 6854, 6755, 6152, 6162, 6775, 5961, 7168, 6348, 7254, 6657, 6849, 6249, 6442, 6370, 6758, 7155, 6271, 5248, 7057, 6353, 5954, 5940, 7047, 6555, 5445, 6459, 5966, 6554, 5456, 6754, 7054, 5249, 6952, 5764, 5562, 5463, 5664, 5965, 6465, 5970, 6252, 5869, 5866, 5867, 6462, 5860, 7250, 6364, 7350, 5857, 7055, 5947, 5739, 6361, 6466, 6263, 7252, 6562, 6073, 6246, 6342, 6565, 5256, 6645, 7150, 7255, 6265, 6363, 6659, 5765, 5865, 5458, 6351, 5544, 6467, 6468, 6262, 6050, 5769, 6949, 5346, 7046, 5643, 5641, 6255, 6254, 6058, 6156, 6850, 5461, 5952",Carduelis flammea cabaret,NA,NA,NA,Carduelis flammea cabaret,NA
Carduelis spinus,Carduelis spinus,2,NA,Carduelis spinus,Carduelis spinus,NA,NA,Carduelis spinus,Carduelis spinus
Carpodacus erythrinus,Carpodacus erythrinus,2,NA,Carpodacus erythrinus,Carpodacus erythrinus,Carpodacus erythrinus,Carpodacus erythrinus,Carpodacus erythrinus,Carpodacus erythrinus
Certhia brachydactyla,Certhia brachydactyla,2,NA,Certhia brachydactyla,Certhia brachydactyla,Certhia brachydactyla,NA,Certhia brachydactyla,Certhia brachydactyla
Certhia familiaris,Certhia familiaris,2,NA,Certhia familiaris,Certhia familiaris,Certhia familiaris,NA,Certhia familiaris,Certhia familiaris
Charadrius dubius,Charadrius dubius,2,NA,Charadrius dubius,Charadrius dubius,Charadrius dubius,Charadrius dubius,Charadrius dubius,Charadrius dubius
Charadrius morinellus,Charadrius morinellus,2,NA,Charadrius morinellus,Charadrius morinellus,Charadrius morinellus,Charadrius morinellus,Charadrius morinellus,Charadrius morinellus
Chlidonias hybrida,Chlidonias hybrida,2,NA,Chlidonias hybrida,Chlidonias hybrida,Chlidonias hybrida,Chlidonias hybrida,Chlidonias hybrida,Chlidonias hybrida
Chlidonias hybridus,Chlidonias hybridus,2,NA,Chlidonias hybridus,NA,NA,NA,NA,Chlidonias hybridus
Chlidonias niger,Chlidonias niger,2,NA,Chlidonias niger,Chlidonias niger,Chlidonias niger,Chlidonias niger,Chlidonias niger,Chlidonias niger
Ciconia ciconia,Ciconia ciconia,2,NA,Ciconia ciconia,Ciconia ciconia,Ciconia ciconia,NA,Ciconia ciconia,Ciconia ciconia
Ciconia nigra,Ciconia nigra,2,NA,Ciconia nigra,Ciconia nigra,Ciconia nigra,NA,Ciconia nigra,Ciconia nigra
Cinclus cinclus,Cinclus cinclus,2,NA,Cinclus cinclus,Cinclus cinclus,Cinclus cinclus,NA,Cinclus cinclus,Cinclus cinclus
Circus aeruginosus,Circus aeruginosus,2,NA,Circus aeruginosus,Circus aeruginosus,Circus aeruginosus,Circus aeruginosus,Circus aeruginosus,Circus aeruginosus
Circus cyaneus,Circus cyaneus,2,NA,Circus cyaneus,Circus cyaneus,Circus cyaneus,NA,Circus cyaneus,Circus cyaneus
Circus macrourus,Circus macrourus,2,NA,Circus macrourus,Circus macrourus,Circus macrourus,NA,Circus macrourus,Circus macrourus
Circus pygargus,Circus pygargus,2,NA,Circus pygargus,Circus pygargus,Circus pygargus,NA,Circus pygargus,Circus pygargus
Coccothraustes coccothraustes,Coccothraustes coccothraustes,2,NA,Coccothraustes coccothraustes,Coccothraustes coccothraustes,Coccothraustes coccothraustes,Coccothraustes coccothraustes,Coccothraustes coccothraustes,Coccothraustes coccothraustes
Columba livia f. domestica,Columba livia,4,"6865, 6469, 7165, 6765, 6067, 6570, 6449, 5852, 6645, 5952, 5560, 6543, 5555, 6544, 5668, 5669, 6141, 5348, 6349, 6864, 6472, 7152, 6770, 5655, 6073, 5742, 6261, 6052, 6246, 5972, 6568, 5662, 6350, 5354, 6378, 6175, 6143, 5358, 6671, 5953, 5853, 5856, 4952, 7151, 6566, 6254, 6458, 6153, 7049, 5955, 6558, 6954, 6062, 6662, 5255, 5546, 5652, 5644, 7061, 6348, 5461, 6474, 6360, 5760, 5156, 6168, 5771, 5256, 6446, 6951, 6447, 6461, 6160, 6445, 6547, 6448, 7367, 6967, 7052, 6562, 6251, 6468, 6866, 5846, 5350, 6557, 6858, 6277, 5959, 6164, 5553, 5351, 6048, 5949, 7263, 6370, 5842, 5845, 6963, 7162, 7053, 5547, 6667, 6643, 6070, 6064, 6853, 6347, 7164, 5746, 6342, 6666, 5463, 6264, 5359, 7166, 6266, 7265, 6341, 5257, 6471, 5849, 5964, 6072, 6451, 6049, 5859, 6364, 6870, 5945, 6453, 5944, 5841, 5554, 6958, 5858, 7051, 5556, 6852, 6376, 6359, 5851, 7252, 5948, 5646, 6265, 5567, 6450, 7148, 5860, 5950, 6250, 5659, 5251, 6268, 5946, 6263, 5053, 6960, 6657, 6071, 6545, 5052, 5464, 6051, 6851, 6043, 5761, 6752, 6355, 5558, 7060, 5741, 6260, 5450, 7161, 6554, 5651, 5660, 5747, 5847, 5648, 6745, 7267, 7167, 6766, 6358, 6758, 6672, 6670, 7163, 7266, 5748, 6953, 5965, 6774, 5347, 6578, 6066, 5447, 7155, 5453, 5550, 7069, 5840, 6749, 6650, 5357, 5762, 5562, 5363, 6772, 6465, 6371, 5855, 6574, 7169, 6952, 6764, 6059, 5552, 5960, 6651, 6652, 7261, 7168, 6659, 5951, 6665, 5750, 5551, 5753, 5456, 6661, 5650, 7067, 5756, 6046, 5653, 6767, 7058, 6255, 5752, 5451, 6658, 6053, 7254, 6555, 5758, 6470, 6372, 6559, 5757, 7264, 6357, 6148, 5957, 5563, 6444, 5459, 6560, 6258, 6369, 6060, 6573, 5543, 6457, 6346, 6760, 6759, 6550, 5749, 5649, 6571, 5672, 5561, 6272, 6863, 5460, 6256, 5940, 5258, 6356, 6174, 7262, 6460, 6771, 6750, 6456, 6459, 5954, 6154, 6462, 5661, 6664, 6161, 5548, 5871, 7072, 5848, 5557, 6271, 6173, 6367, 5743, 6862, 6857, 5559, 7062, 5452, 6172, 6656, 6556, 6869, 5966, 5864, 6045, 6044, 7160, 6152, 6244, 5658, 6165, 5759, 6854, 5869, 5769, 5458, 6959, 7059, 7065, 6167, 5850, 6961, 6768, 6563, 6159, 6655, 5867, 6860, 5861, 5947, 6762, 5647, 6871, 6653, 7073, 5355, 6054, 5941, 6170, 6970, 6042, 5751, 6366, 6751, 6065, 6050, 6867, 5740, 5839, 5739, 6368, 5857, 6754, 6276, 5958, 6365, 6971, 6147, 6974, 6074, 5974, 5157, 6564, 6565, 7250, 6464, 6354, 6061, 6660, 6151, 6467, 6275, 6957, 6146, 6149, 7255, 6463, 6478, 6567, 5462, 5457, 7068, 5865, 6351, 5963, 5362, 6576, 6856, 6546, 6669, 6245, 6757, 6163, 5349, 5657, 6069, 6267, 6374, 6763, 6968, 7071, 6075, 6177, 6176, 6746, 6654, 6646, 6055, 6155, 6156, 6249, 6352, 6353, 6442, 6443, 6452, 6948, 5356, 5248, 5446, 5755, 5843, 5854, 5943, 5448, 5455, 5549, 5642, 5643, 5645, 5863, 5250, 5249, 5252, 5152, 4951, 5151, 5654, 6969, 6057, 6058, 6056, 6158, 6157, 6551, 6553, 6850, 6273, 6548, 6549, 5956, 6262, 6455, 6647",Columba livia f. domestica,NA,NA,NA,Columba livia domestica,NA
Columba livia f.domestica,Columba livia,3,"4952, 5052, 5053, 5056, 5057, 5153, 5155, 5249, 5250, 5251, 5252, 5253, 5254, 5255, 5256, 5257, 5258, 5346, 5348, 5349, 5350, 5351, 5352, 5353, 5354, 5356, 5357, 5359, 5361, 5362, 5363, 5364, 5446, 5447, 5448, 5449, 5450, 5451, 5452, 5453, 5454, 5455, 5456, 5457, 5458, 5459, 5460, 5461, 5463, 5464, 5542, 5544, 5545, 5546, 5547, 5548, 5549, 5550, 5551, 5552, 5553, 5554, 5555, 5556, 5557, 5558, 5559, 5560, 5561, 5562, 5563, 5641, 5643, 5644, 5645, 5646, 5647, 5648, 5649, 5650, 5651, 5652, 5653, 5655, 5656, 5657, 5659, 5660, 5661, 5662, 5663, 5668, 5669, 5672, 5738, 5739, 5740, 5742, 5743, 5744, 5745, 5746, 5748, 5749, 5750, 5751, 5752, 5753, 5754, 5755, 5756, 5757, 5759, 5760, 5761, 5762, 5769, 5770, 5772, 5839, 5840, 5841, 5842, 5843, 5845, 5847, 5848, 5849, 5850, 5851, 5852, 5853, 5854, 5855, 5856, 5857, 5858, 5860, 5861, 5862, 5863, 5864, 5865, 5868, 5869, 5940, 5941, 5942, 5944, 5946, 5948, 5949, 5950, 5951, 5952, 5953, 5954, 5955, 5956, 5957, 5958, 5959, 5960, 5962, 5963, 5965, 5966, 5967, 5969, 5971, 5972, 6041, 6042, 6044, 6045, 6046, 6047, 6048, 6049, 6050, 6051, 6052, 6053, 6054, 6055, 6056, 6057, 6058, 6059, 6060, 6061, 6062, 6063, 6064, 6065, 6067, 6069, 6073, 6074, 6075, 6076, 6141, 6142, 6143, 6144, 6145, 6146, 6147, 6148, 6149, 6151, 6152, 6153, 6155, 6156, 6157, 6158, 6159, 6160, 6161, 6162, 6163, 6164, 6165, 6167, 6168, 6173, 6175, 6177, 6241, 6242, 6243, 6244, 6245, 6246, 6247, 6248, 6249, 6250, 6251, 6253, 6254, 6255, 6256, 6257, 6258, 6259, 6260, 6261, 6262, 6264, 6265, 6267, 6268, 6269, 6270, 6273, 6274, 6276, 6277, 6342, 6343, 6345, 6346, 6347, 6348, 6350, 6351, 6352, 6353, 6354, 6355, 6356, 6357, 6358, 6359, 6360, 6361, 6363, 6364, 6365, 6366, 6367, 6368, 6369, 6370, 6373, 6374, 6375, 6376, 6377, 6378, 6443, 6444, 6445, 6446, 6447, 6448, 6449, 6450, 6451, 6452, 6453, 6454, 6456, 6458, 6459, 6460, 6461, 6462, 6463, 6464, 6465, 6466, 6468, 6469, 6470, 6471, 6472, 6473, 6474, 6475, 6476, 6478, 6542, 6543, 6544, 6545, 6546, 6547, 6548, 6549, 6550, 6551, 6552, 6553, 6554, 6556, 6557, 6558, 6559, 6560, 6561, 6562, 6564, 6566, 6567, 6568, 6569, 6570, 6572, 6573, 6574, 6577, 6643, 6644, 6645, 6647, 6648, 6650, 6651, 6652, 6654, 6655, 6657, 6658, 6659, 6660, 6661, 6662, 6663, 6664, 6665, 6666, 6667, 6668, 6669, 6670, 6671, 6672, 6744, 6745, 6746, 6749, 6750, 6751, 6752, 6754, 6755, 6756, 6757, 6758, 6759, 6760, 6761, 6762, 6763, 6764, 6765, 6766, 6767, 6768, 6769, 6770, 6771, 6772, 6847, 6848, 6849, 6850, 6851, 6852, 6853, 6854, 6855, 6856, 6857, 6858, 6859, 6861, 6862, 6863, 6864, 6865, 6866, 6867, 6869, 6870, 6871, 6946, 6948, 6949, 6950, 6952, 6953, 6954, 6955, 6956, 6957, 6958, 6959, 6960, 6961, 6963, 6964, 6965, 6966, 6968, 6969, 6970, 6971, 7049, 7051, 7052, 7053, 7054, 7055, 7058, 7062, 7063, 7065, 7066, 7067, 7068, 7069, 7070, 7071, 7072, 7151, 7152, 7153, 7160, 7162, 7164, 7165, 7166, 7167, 7168, 7169, 7170, 7171, 7253, 7254, 7262, 7264, 7266, 7267, 7268, 7352, 7353, 5151, 5152, 5157, 5347, 5355, 5358, 5360, 5445, 5543, 5567, 5642, 5654, 5741, 5747, 5758, 5763, 5768, 5771, 5844, 5846, 5859, 5871, 5943, 5945, 5947, 5961, 5964, 5968, 5970, 5974, 6043, 6068, 6070, 6150, 6166, 6169, 6171, 6174, 6176, 6252, 6266, 6271, 6341, 6344, 6349, 6442, 6457, 6467, 6477, 6646, 6649, 6673, 6674, 6675, 6747, 6748, 6845, 6860, 6868, 6947, 6962, 6973, 7057, 7059, 7060, 7061, 7064, 7155, 7161, 7163, 7250, 7251, 7255, 7263",Columba livia f.domestica,NA,NA,NA,Columba livia domestica,NA
Columba oenas,Columba oenas,2,NA,Columba oenas,Columba oenas,Columba oenas,NA,Columba oenas,Columba oenas
Columba palumbus,Columba palumbus,2,NA,Columba palumbus,Columba palumbus,Columba palumbus,NA,Columba palumbus,Columba palumbus
Coracias garrulus,Coracias garrulus,2,NA,Coracias garrulus,Coracias garrulus,Coracias garrulus,NA,Coracias garrulus,Coracias garrulus
Coracius garrulus,Coracius garrulus,2,NA,Coracius garrulus,Coracias garrulus,Coracias garrulus,NA,Coracias garrulus,Coracias garrulus
Corvus corax,Corvus corax,2,NA,Corvus corax,Corvus corax,Corvus corax,Corvus corax,Corvus corax,Corvus corax
Corvus corone cornix,Corvus corone,3,"4952, 5052, 5053, 5056, 5057, 5152, 5153, 5154, 5155, 5158, 5248, 5250, 5251, 5252, 5253, 5254, 5256, 5257, 5258, 5259, 5260, 5350, 5351, 5352, 5353, 5354, 5356, 5357, 5358, 5359, 5360, 5361, 5363, 5449, 5450, 5452, 5453, 5454, 5455, 5456, 5457, 5458, 5459, 5460, 5461, 5462, 5463, 5548, 5549, 5550, 5551, 5552, 5554, 5555, 5556, 5557, 5558, 5559, 5560, 5561, 5562, 5563, 5567, 5643, 5645, 5647, 5648, 5649, 5650, 5651, 5652, 5653, 5654, 5655, 5656, 5657, 5658, 5659, 5660, 5661, 5662, 5663, 5664, 5667, 5668, 5669, 5672, 5744, 5745, 5748, 5749, 5750, 5751, 5752, 5753, 5754, 5755, 5756, 5757, 5759, 5760, 5761, 5762, 5763, 5764, 5768, 5769, 5770, 5772, 5841, 5844, 5845, 5846, 5847, 5848, 5849, 5850, 5852, 5853, 5854, 5855, 5856, 5857, 5858, 5859, 5860, 5861, 5862, 5863, 5864, 5865, 5866, 5867, 5868, 5869, 5870, 5871, 5943, 5946, 5947, 5948, 5949, 5950, 5952, 5953, 5954, 5955, 5956, 5957, 5958, 5959, 5960, 5961, 5962, 5963, 5964, 5965, 5966, 5967, 5968, 5969, 5970, 5972, 6044, 6047, 6048, 6049, 6051, 6052, 6053, 6054, 6055, 6056, 6057, 6058, 6059, 6060, 6061, 6062, 6063, 6064, 6065, 6066, 6067, 6068, 6069, 6070, 6071, 6072, 6073, 6074, 6075, 6076, 6141, 6142, 6143, 6144, 6145, 6146, 6147, 6148, 6149, 6151, 6152, 6153, 6154, 6155, 6156, 6158, 6159, 6160, 6161, 6162, 6163, 6164, 6165, 6166, 6167, 6168, 6169, 6170, 6171, 6172, 6173, 6174, 6175, 6176, 6177, 6241, 6243, 6244, 6245, 6246, 6247, 6248, 6250, 6251, 6252, 6253, 6254, 6255, 6256, 6257, 6259, 6260, 6261, 6262, 6263, 6264, 6265, 6266, 6267, 6268, 6269, 6270, 6271, 6272, 6273, 6274, 6275, 6276, 6277, 6343, 6345, 6346, 6347, 6348, 6350, 6351, 6352, 6353, 6354, 6355, 6356, 6357, 6358, 6359, 6360, 6361, 6362, 6363, 6364, 6365, 6366, 6367, 6368, 6369, 6370, 6371, 6372, 6373, 6374, 6375, 6377, 6378, 6444, 6445, 6446, 6447, 6449, 6450, 6451, 6452, 6453, 6454, 6455, 6456, 6457, 6458, 6459, 6460, 6461, 6462, 6463, 6464, 6465, 6466, 6467, 6468, 6469, 6470, 6471, 6472, 6473, 6474, 6475, 6476, 6477, 6478, 6542, 6543, 6544, 6545, 6546, 6547, 6548, 6549, 6550, 6551, 6552, 6553, 6554, 6555, 6556, 6557, 6558, 6559, 6560, 6561, 6562, 6564, 6566, 6567, 6568, 6569, 6570, 6571, 6572, 6573, 6574, 6575, 6577, 6644, 6646, 6647, 6648, 6649, 6650, 6651, 6652, 6653, 6654, 6655, 6656, 6657, 6658, 6659, 6660, 6661, 6662, 6664, 6665, 6666, 6667, 6668, 6669, 6670, 6671, 6672, 6673, 6674, 6675, 6676, 6744, 6745, 6746, 6748, 6750, 6751, 6752, 6753, 6754, 6755, 6756, 6757, 6758, 6759, 6760, 6761, 6762, 6764, 6765, 6768, 6769, 6770, 6771, 6772, 6773, 6774, 6775, 6845, 6848, 6850, 6851, 6852, 6853, 6854, 6855, 6856, 6857, 6858, 6859, 6860, 6861, 6863, 6864, 6865, 6867, 6868, 6869, 6870, 6871, 6873, 6874, 6946, 6948, 6949, 6950, 6951, 6952, 6953, 6954, 6955, 6956, 6957, 6958, 6959, 6961, 6962, 6963, 6964, 6965, 6966, 6967, 6968, 6969, 6970, 6971, 6972, 6974, 7049, 7051, 7052, 7053, 7054, 7055, 7057, 7058, 7059, 7060, 7061, 7062, 7063, 7064, 7065, 7067, 7068, 7069, 7070, 7071, 7072, 7073, 7149, 7151, 7152, 7153, 7155, 7160, 7162, 7163, 7164, 7165, 7166, 7167, 7168, 7169, 7170, 7171, 7172, 7252, 7253, 7254, 7262, 7263, 7264, 7266, 7267, 7268, 7352, 7367, 5156, 5157, 5249, 5349, 5355, 5362, 5364, 5464, 5546, 5547, 5553, 5642, 5646, 5746, 5747, 5758, 5771, 5843, 5851, 5951, 5971, 5974, 6050, 6150, 6157, 6249, 6258, 6342, 6349, 6448, 6563, 6565, 6576, 6645, 6663, 6747, 6763, 6766, 6767, 6862, 6866, 6960, 6973, 7048, 7050, 7148, 7154, 7161, 7249, 7255, 4953, 5255, 6479, 7353, 6376, 6578, 5151, 7265, 5445, 5451, 5447, 6947, 7250, 5150",Corvus corone cornix,NA,NA,NA,Corvus corone cornix,NA
Corvus corone corone,Corvus corone,3,"4952, 5052, 5053, 5151, 5152, 5153, 5156, 5248, 5249, 5250, 5251, 5252, 5254, 5257, 5258, 5346, 5347, 5348, 5349, 5351, 5445, 5446, 5447, 5449, 5452, 5458, 5463, 5542, 5543, 5544, 5546, 5548, 5549, 5551, 5554, 5556, 5558, 5559, 5641, 5642, 5643, 5644, 5645, 5646, 5647, 5648, 5649, 5651, 5655, 5662, 5738, 5739, 5740, 5741, 5742, 5743, 5744, 5745, 5746, 5747, 5748, 5749, 5750, 5752, 5754, 5761, 5839, 5840, 5841, 5842, 5844, 5845, 5846, 5847, 5848, 5850, 5851, 5852, 5854, 5940, 5941, 5942, 5943, 5944, 5945, 5946, 5947, 5948, 5949, 5953, 5960, 6041, 6042, 6043, 6044, 6045, 6046, 6047, 6048, 6049, 6050, 6052, 6058, 6063, 6141, 6142, 6143, 6144, 6145, 6146, 6147, 6148, 6149, 6151, 6153, 6156, 6160, 6164, 6177, 6241, 6242, 6243, 6244, 6245, 6246, 6247, 6250, 6254, 6257, 6258, 6262, 6272, 6275, 6342, 6343, 6344, 6345, 6346, 6347, 6351, 6352, 6357, 6363, 6366, 6367, 6369, 6442, 6443, 6444, 6445, 6446, 6447, 6448, 6449, 6450, 6451, 6452, 6453, 6463, 6478, 6542, 6543, 6544, 6545, 6546, 6547, 6548, 6549, 6550, 6557, 6559, 6560, 6561, 6643, 6644, 6645, 6646, 6647, 6648, 6649, 6650, 6651, 6653, 6654, 6658, 6659, 6668, 6744, 6745, 6746, 6747, 6748, 6749, 6750, 6751, 6753, 6755, 6758, 6759, 6761, 6845, 6846, 6847, 6848, 6849, 6850, 6851, 6852, 6853, 6854, 6856, 6857, 6858, 6860, 6870, 6946, 6947, 6948, 6949, 6950, 6951, 6952, 6953, 6954, 6955, 6956, 6957, 6958, 6960, 6961, 6963, 6970, 7047, 7048, 7049, 7050, 7052, 7054, 7055, 7057, 7058, 7059, 7060, 7061, 7062, 7063, 7065, 7148, 7149, 7150, 7151, 7152, 7154, 7155, 7160, 7166, 7169, 7249, 7250, 7251, 7252, 7253, 7254, 7255, 7350, 7351, 7352, 7353, 7354, 5056, 5154, 5155, 5255, 5256, 5350, 5352, 5353, 5354, 5359, 5360, 5448, 5450, 5545, 5547, 5552, 5560, 5562, 5650, 5652, 5656, 5657, 5661, 5753, 5843, 5849, 5853, 5857, 5950, 5951, 5954, 5963, 5964, 6051, 6053, 6057, 6064, 6065, 6070, 6150, 6152, 6159, 6163, 6170, 6176, 6248, 6249, 6253, 6255, 6259, 6267, 6274, 6276, 6341, 6349, 6353, 6355, 6358, 6359, 6364, 6374, 6377, 6378, 6457, 6459, 6461, 6476, 6552, 6554, 6558, 6576, 6657, 6660, 6661, 6665, 6669, 6674, 6752, 6756, 6757, 6762, 6855, 6859, 6861, 6862, 6863, 6959, 6964, 6965, 6966, 7051, 7053, 7068, 7071, 7153, 7161, 7162, 7163, 7165, 7263, 6268, 6360, 7070, 6673, 5758, 6765, 6251, 7367, 5959, 6866, 5859, 6441, 6161, 6675, 6350, 6140, 5856, 5455, 6062, 6252, 5356, 6551, 5639, 5247, 6264, 7454, 5855, 5357, 5557, 6348, 7266, 7072, 6754, 6158, 6553, 5858, 6256, 6766, 6376, 5561, 5358, 6555, 6764, 6865, 5751, 6469, 6061, 5957, 6564, 6067, 6760, 7167, 5860, 6662, 5555, 6240, 6074, 5550, 5453, 5638, 6962, 7064, 6361, 6562, 5355, 5454, 5150, 6157, 5444, 6972, 5955, 5653",Corvus corone corone,NA,Corvus corone corone,NA,Corvus corone corone,NA
Corvus frugilegus,Corvus frugilegus,2,NA,Corvus frugilegus,Corvus frugilegus,Corvus frugilegus,Corvus frugilegus,Corvus frugilegus,Corvus frugilegus
Corvus monedula,Corvus monedula,2,NA,Corvus monedula,NA,Corvus monedula,Corvus monedula,Corvus monedula,Corvus monedula
Coturnix coturnix,Coturnix coturnix,2,NA,Coturnix coturnix,Coturnix coturnix,Coturnix coturnix,NA,Coturnix coturnix,Coturnix coturnix
Crex crex,Crex crex,2,NA,Crex crex,Crex crex,Crex crex,Crex crex,Crex crex,Crex crex
Cuculus canorus,Cuculus canorus,2,NA,Cuculus canorus,Cuculus canorus,Cuculus canorus,Cuculus canorus,Cuculus canorus,Cuculus canorus
Cygnus cygnus,Cygnus cygnus,2,NA,Cygnus cygnus,Cygnus cygnus,Cygnus cygnus,Cygnus cygnus,Cygnus cygnus,Cygnus cygnus
Cygnus olor,Cygnus olor,2,NA,Cygnus olor,Cygnus olor,Cygnus olor,Cygnus olor,Cygnus olor,Cygnus olor
Delichon urbica,Delichon urbica,2,NA,Delichon urbica,NA,NA,NA,NA,Delichon urbica
Dendrocopos leucotos,Dendrocopos leucotos,2,NA,Dendrocopos leucotos,Dendrocopos leucotos,Dendrocopos leucotos,NA,Dendrocopos leucotos,Dendrocopos leucotos
Dendrocopos major,Dendrocopos major,2,NA,Dendrocopos major,Dendrocopos major,Dendrocopos major,Dendrocopos major,Dendrocopos major,Dendrocopos major
Dendrocopos medius,Dendrocopos medius,2,NA,Dendrocopos medius,Dendrocopos medius,NA,NA,Dendrocopos medius,Dendrocopos medius
Dendrocopos minor,Dendrocopos minor,2,NA,Dendrocopos minor,Dendrocopos minor,NA,NA,Dendrocopos minor,Dendrocopos minor
Dendrocopos syriacus,Dendrocopos syriacus,2,NA,Dendrocopos syriacus,Dendrocopos syriacus,Dendrocopos syriacus,NA,Dendrocopos syriacus,Dendrocopos syriacus
Dryocopus martius,Dryocopus martius,2,NA,Dryocopus martius,Dryocopus martius,Dryocopus martius,NA,Dryocopus martius,Dryocopus martius
Egretta alba,Egretta alba,2,NA,Egretta alba,NA,NA,NA,Egretta alba,Egretta alba
Egretta garzetta,Egretta garzetta,2,NA,Egretta garzetta,Egretta garzetta,Egretta garzetta,Egretta garzetta,Egretta garzetta,Egretta garzetta
Emberiza citrinella,Emberiza citrinella,2,NA,Emberiza citrinella,Emberiza citrinella,Emberiza citrinella,NA,Emberiza citrinella,Emberiza citrinella
Emberiza hortulana,Emberiza hortulana,2,NA,Emberiza hortulana,Emberiza hortulana,Emberiza hortulana,NA,Emberiza hortulana,Emberiza hortulana
Emberiza schoeniclus,Emberiza schoeniclus,2,NA,Emberiza schoeniclus,Emberiza schoeniclus,Emberiza schoeniclus,Emberiza schoeniclus,Emberiza schoeniclus,Emberiza schoeniclus
Erithacus rubecula,Erithacus rubecula,2,NA,Erithacus rubecula,Erithacus rubecula,Erithacus rubecula,Erithacus rubecula,Erithacus rubecula,Erithacus rubecula
Falco cherrug,Falco cherrug,2,NA,Falco cherrug,Falco cherrug,Falco cherrug,NA,Falco cherrug,Falco cherrug
Falco peregrinus,Falco peregrinus,2,NA,Falco peregrinus,Falco peregrinus,Falco peregrinus,Falco peregrinus,Falco peregrinus,Falco peregrinus
Falco subbuteo,Falco subbuteo,2,NA,Falco subbuteo,Falco subbuteo,Falco subbuteo,Falco subbuteo,Falco subbuteo,Falco subbuteo
Falco tinnunculus,Falco tinnunculus,2,NA,Falco tinnunculus,Falco tinnunculus,Falco tinnunculus,Falco tinnunculus,Falco tinnunculus,Falco tinnunculus
Falco vespertinus,Falco vespertinus,2,NA,Falco vespertinus,Falco vespertinus,Falco vespertinus,Falco vespertinus,Falco vespertinus,Falco vespertinus
Ficedula albicollis,Ficedula albicollis,2,NA,Ficedula albicollis,Ficedula albicollis,Ficedula albicollis,NA,Ficedula albicollis,Ficedula albicollis
Ficedula hypoleuca,Ficedula hypoleuca,2,NA,Ficedula hypoleuca,Ficedula hypoleuca,Ficedula hypoleuca,NA,Ficedula hypoleuca,Ficedula hypoleuca
Ficedula parva,Ficedula parva,2,NA,Ficedula parva,Ficedula parva,Ficedula parva,NA,Ficedula parva,Ficedula parva
Fringilla coelebs,Fringilla coelebs,2,NA,Fringilla coelebs,Fringilla coelebs,Fringilla coelebs,Fringilla coelebs,Fringilla coelebs,Fringilla coelebs
Fulica atra,Fulica atra,2,NA,Fulica atra,Fulica atra,Fulica atra,Fulica atra,Fulica atra,Fulica atra
Galerida cristata,Galerida cristata,2,NA,Galerida cristata,Galerida cristata,Galerida cristata,NA,Galerida cristata,Galerida cristata
Gallinago gallinago,Gallinago gallinago,2,NA,Gallinago gallinago,Gallinago gallinago,Gallinago gallinago,Gallinago gallinago,Gallinago gallinago,Gallinago gallinago
Gallinula chloropus,Gallinula chloropus,2,NA,Gallinula chloropus,Gallinula chloropus,Gallinula chloropus,Gallinula chloropus,Gallinula chloropus,Gallinula chloropus
Garrulus glandarius,Garrulus glandarius,2,NA,Garrulus glandarius,Garrulus glandarius,Garrulus glandarius,NA,Garrulus glandarius,Garrulus glandarius
Gavia arctica,Gavia arctica,2,NA,Gavia arctica,Gavia arctica,Gavia arctica,Gavia arctica,Gavia arctica,Gavia arctica
Glaucidium passerinum,Glaucidium passerinum,2,NA,Glaucidium passerinum,Glaucidium passerinum,Glaucidium passerinum,NA,Glaucidium passerinum,Glaucidium passerinum
Grus grus,Grus grus,2,NA,Grus grus,Grus grus,Grus grus,Grus grus,Grus grus,Grus grus
Haliaeetus albicilla,Haliaeetus albicilla,2,NA,Haliaeetus albicilla,Haliaeetus albicilla,Haliaeetus albicilla,Haliaeetus albicilla,Haliaeetus albicilla,Haliaeetus albicilla
Himantopus himantopus,Himantopus himantopus,2,NA,Himantopus himantopus,Himantopus himantopus,Himantopus himantopus,Himantopus himantopus,Himantopus himantopus,Himantopus himantopus
Hippolais icterina,Hippolais icterina,2,NA,Hippolais icterina,Hippolais icterina,Hippolais icterina,NA,Hippolais icterina,Hippolais icterina
Hirundo rustica,Hirundo rustica,2,NA,Hirundo rustica,Hirundo rustica,Hirundo rustica,Hirundo rustica,Hirundo rustica,Hirundo rustica
Ixobrychus minutus,Ixobrychus minutus,2,NA,Ixobrychus minutus,Ixobrychus minutus,Ixobrychus minutus,Ixobrychus minutus,Ixobrychus minutus,Ixobrychus minutus
Jynx torquilla,Jynx torquilla,2,NA,Jynx torquilla,Jynx torquilla,Jynx torquilla,Jynx torquilla,Jynx torquilla,Jynx torquilla
Lanius collurio,Lanius collurio,2,NA,Lanius collurio,Lanius collurio,Lanius collurio,NA,Lanius collurio,Lanius collurio
Lanius excubitor,Lanius excubitor,2,NA,Lanius excubitor,Lanius excubitor,Lanius excubitor,NA,Lanius excubitor,Lanius excubitor
Lanius minor,Lanius minor,2,NA,Lanius minor,Lanius minor,Lanius minor,NA,Lanius minor,Lanius minor
Lanius senator,Lanius senator,2,NA,Lanius senator,Lanius senator,Lanius senator,NA,Lanius senator,Lanius senator
Larus cachinnans,Larus cachinnans,2,NA,Larus cachinnans,Larus cachinnans,Larus cachinnans,NA,Larus cachinnans,Larus cachinnans
Larus canus,Larus canus,2,NA,Larus canus,Larus canus,Larus canus,Larus canus,Larus canus,Larus canus
Larus melanocephalus,Larus melanocephalus,2,NA,Larus melanocephalus,NA,NA,NA,Larus melanocephalus,Larus melanocephalus
Larus michahellis,Larus michahellis,2,NA,Larus michahellis,Larus michahellis,Larus michahellis,Larus michahellis,Larus michahellis,Larus michahellis
Larus ridibundus,Larus ridibundus,2,NA,Larus ridibundus,NA,NA,NA,Larus ridibundus,Larus ridibundus
Limosa limosa,Limosa limosa,2,NA,Limosa limosa,Limosa limosa,Limosa limosa,Limosa limosa,Limosa limosa,Limosa limosa
Locustella fluviatilis,Locustella fluviatilis,2,NA,Locustella fluviatilis,Locustella fluviatilis,Locustella fluviatilis,Locustella fluviatilis,Locustella fluviatilis,Locustella fluviatilis
Locustella luscinioides,Locustella luscinioides,2,NA,Locustella luscinioides,Locustella luscinioides,Locustella luscinioides,NA,Locustella luscinioides,Locustella luscinioides
Locustella naevia,Locustella naevia,2,NA,Locustella naevia,Locustella naevia,Locustella naevia,NA,Locustella naevia,Locustella naevia
Loxia curvirostra,Loxia curvirostra,2,NA,Loxia curvirostra,Loxia curvirostra,Loxia curvirostra,Loxia curvirostra,Loxia curvirostra,Loxia curvirostra
Lullula arborea,Lullula arborea,2,NA,Lullula arborea,Lullula arborea,Lullula arborea,NA,Lullula arborea,Lullula arborea
Luscinia luscinia,Luscinia luscinia,2,NA,Luscinia luscinia,Luscinia luscinia,Luscinia luscinia,NA,Luscinia luscinia,Luscinia luscinia
Luscinia megarhynchos,Luscinia megarhynchos,2,NA,Luscinia megarhynchos,Luscinia megarhynchos,Luscinia megarhynchos,NA,Luscinia megarhynchos,Luscinia megarhynchos
Luscinia svecica cyanecula,Luscinia svecica,3,"5358, 5361, 5556, 5744, 5761, 5868, 5960, 6076, 6175, 6176, 6244, 6246, 6269, 6345, 6445, 6446, 6542, 6548, 6650, 6750, 6755, 6770, 6851, 6852, 6853, 6854, 6855, 6856, 6951, 6952, 6954, 6955, 7054, 7149, 7150, 7153, 7155, 7165, 7249, 7251, 7351, 5352, 5353, 5447, 5448, 5453, 5545, 5546, 5557, 5561, 5645, 5646, 5648, 5652, 5653, 5655, 5657, 5742, 5743, 5745, 5753, 5839, 5840, 5854, 5861, 5940, 5959, 5962, 6048, 6062, 6143, 6164, 6166, 6168, 6177, 6242, 6342, 6348, 6350, 6352, 6442, 6447, 6459, 6460, 6544, 6545, 6546, 6547, 6549, 6553, 6643, 6644, 6645, 6646, 6648, 6649, 6654, 6658, 6744, 6746, 6747, 6754, 6757, 6761, 6762, 6847, 6850, 6857, 6858, 6863, 6956, 6957, 6958, 6960, 6963, 7051, 7052, 7053, 7055, 7064, 7065, 7067, 7068, 7069, 7151, 7154, 7166, 7167, 7168, 7250, 7254, 7266, 7352, 6063, 6647, 7160, 5348, 5449, 6450, 5562, 5056, 5857, 6461, 6058, 5841, 5859, 6448, 5858, 5958, 5547, 6953, 7268, 6758, 5755, 6261, 6657, 6751, 5457, 6965, 5953, 7265, 5741, 6967, 5649, 6358, 6264, 5548, 5662, 6142, 6867, 6452, 5957, 5752, 7152, 6449, 5651, 6259, 6745, 6165, 5754, 5750, 5454, 6163, 7267, 5749, 5746, 5659, 6966, 6458, 6651, 6469, 6253, 6451, 6551, 6353, 7264, 5955, 7367, 6659, 5456, 5650, 6859, 6075, 6276, 5349, 5354, 6359, 6759, 6560, 5544, 7164",Luscinia svecica cyanecula,NA,Luscinia svecica cyanecula,NA,Luscinia svecica cyanecula,NA
Luscinia svecica svecica,Luscinia svecica,3,"5259, 5260, 5969",Luscinia svecica svecica,NA,Luscinia svecica svecica,NA,Luscinia svecica svecica,NA
Lyrurus tetrix,Lyrurus tetrix,2,NA,Lyrurus tetrix,Lyrurus tetrix,Lyrurus tetrix,NA,Lyrurus tetrix,Lyrurus tetrix
Mergus albellus,Mergus albellus,2,NA,Mergus albellus,NA,NA,NA,Mergus albellus,Mergus albellus
Mergus merganser,Mergus merganser,2,NA,Mergus merganser,Mergus merganser,Mergus merganser,Mergus merganser,Mergus merganser,Mergus merganser
Merops apiaster,Merops apiaster,2,NA,Merops apiaster,Merops apiaster,Merops apiaster,NA,Merops apiaster,Merops apiaster
Miliaria calandra,Miliaria calandra,2,NA,Miliaria calandra,NA,NA,NA,Miliaria calandra,Miliaria calandra
Milvus migrans,Milvus migrans,2,NA,Milvus migrans,Milvus migrans,Milvus migrans,Milvus migrans,Milvus migrans,Milvus migrans
Milvus milvus,Milvus milvus,2,NA,Milvus milvus,Milvus milvus,Milvus milvus,NA,Milvus milvus,Milvus milvus
Motacilla alba,Motacilla alba,2,NA,Motacilla alba,Motacilla alba,Motacilla alba,Motacilla alba,Motacilla alba,Motacilla alba
Motacilla cinerea,Motacilla cinerea,2,NA,Motacilla cinerea,Motacilla cinerea,Motacilla cinerea,Motacilla cinerea,Motacilla cinerea,Motacilla cinerea
Motacilla citreola,Motacilla citreola,2,NA,Motacilla citreola,Motacilla citreola,Motacilla citreola,Motacilla citreola,Motacilla citreola,Motacilla citreola
Motacilla flava,Motacilla flava,2,NA,Motacilla flava,Motacilla flava,Motacilla flava,NA,Motacilla flava,Motacilla flava
Muscicapa striata,Muscicapa striata,2,NA,Muscicapa striata,Muscicapa striata,Muscicapa striata,Muscicapa striata,Muscicapa striata,Muscicapa striata
Myiopsitta monachus,Myiopsitta monachus,2,NA,Myiopsitta monachus,Myiopsitta monachus,Myiopsitta monachus,Myiopsitta monachus,Myiopsitta monachus,Myiopsitta monachus
Netta rufina,Netta rufina,2,NA,Netta rufina,Netta rufina,Netta rufina,NA,Netta rufina,Netta rufina
Nucifraga caryocatactes,Nucifraga caryocatactes,2,NA,Nucifraga caryocatactes,Nucifraga caryocatactes,Nucifraga caryocatactes,NA,Nucifraga caryocatactes,Nucifraga caryocatactes
Numenius arquata,Numenius arquata,2,NA,Numenius arquata,Numenius arquata,Numenius arquata,Numenius arquata,Numenius arquata,Numenius arquata
Nycticorax nycticorax,Nycticorax nycticorax,2,NA,Nycticorax nycticorax,Nycticorax nycticorax,Nycticorax nycticorax,Nycticorax nycticorax,Nycticorax nycticorax,Nycticorax nycticorax
Oenanthe oenanthe,Oenanthe oenanthe,2,NA,Oenanthe oenanthe,Oenanthe oenanthe,Oenanthe oenanthe,Oenanthe oenanthe,Oenanthe oenanthe,Oenanthe oenanthe
Oriolus oriolus,Oriolus oriolus,2,NA,Oriolus oriolus,Oriolus oriolus,Oriolus oriolus,NA,Oriolus oriolus,Oriolus oriolus
Otis tarda,Otis tarda,2,NA,Otis tarda,Otis tarda,Otis tarda,NA,Otis tarda,Otis tarda
Otus scops,Otus scops,2,NA,Otus scops,Otus scops,Otus scops,NA,Otus scops,Otus scops
Pandion haliaetus,Pandion haliaetus,2,NA,Pandion haliaetus,Pandion haliaetus,Pandion haliaetus,Pandion haliaetus,Pandion haliaetus,Pandion haliaetus
Panurus biarmicus,Panurus biarmicus,2,NA,Panurus biarmicus,Panurus biarmicus,Panurus biarmicus,NA,Panurus biarmicus,Panurus biarmicus
Parus ater,Parus ater,2,NA,Parus ater,NA,NA,NA,Parus ater,Parus ater
Parus caeruleus,Parus caeruleus,2,NA,Parus caeruleus,NA,NA,NA,Parus caeruleus,Parus caeruleus
Parus cristatus,Parus cristatus,2,NA,Parus cristatus,NA,NA,NA,Parus cristatus,Parus cristatus
Parus major,Parus major,2,NA,Parus major,Parus major,Parus major,NA,Parus major,Parus major
Parus montanus,Parus montanus,2,NA,Parus montanus,NA,NA,NA,Parus montanus,Parus montanus
Parus palustris,Parus palustris,2,NA,Parus palustris,NA,NA,NA,Parus palustris,Parus palustris
Passer domesticus,Passer domesticus,2,NA,Passer domesticus,Passer domesticus,Passer domesticus,Passer domesticus,Passer domesticus,Passer domesticus
Passer montanus,Passer montanus,2,NA,Passer montanus,Passer montanus,Passer montanus,Passer montanus,Passer montanus,Passer montanus
Perdix perdix,Perdix perdix,2,NA,Perdix perdix,Perdix perdix,Perdix perdix,Perdix perdix,Perdix perdix,Perdix perdix
Pernis apivorus,Pernis apivorus,2,NA,Pernis apivorus,Pernis apivorus,Pernis apivorus,NA,Pernis apivorus,Pernis apivorus
Phalacrocorax carbo,Phalacrocorax carbo,2,NA,Phalacrocorax carbo,Phalacrocorax carbo,Phalacrocorax carbo,Phalacrocorax carbo,Phalacrocorax carbo,Phalacrocorax carbo
Phasianus colchicus,Phasianus colchicus,2,NA,Phasianus colchicus,Phasianus colchicus,Phasianus colchicus,Phasianus colchicus,Phasianus colchicus,Phasianus colchicus
Phoenicurus ochruros,Phoenicurus ochruros,2,NA,Phoenicurus ochruros,Phoenicurus ochruros,Phoenicurus ochruros,NA,Phoenicurus ochruros,Phoenicurus ochruros
Phoenicurus phoenicurus,Phoenicurus phoenicurus,2,NA,Phoenicurus phoenicurus,Phoenicurus phoenicurus,Phoenicurus phoenicurus,Phoenicurus phoenicurus,Phoenicurus phoenicurus,Phoenicurus phoenicurus
Phylloscopus collybita,Phylloscopus collybita,2,NA,Phylloscopus collybita,Phylloscopus collybita,Phylloscopus collybita,Phylloscopus collybita,Phylloscopus collybita,Phylloscopus collybita
Phylloscopus sibilatrix,Phylloscopus sibilatrix,2,NA,Phylloscopus sibilatrix,Phylloscopus sibilatrix,Phylloscopus sibilatrix,Phylloscopus sibilatrix,NA,Phylloscopus sibilatrix
Phylloscopus trochiloides,Phylloscopus trochiloides,2,NA,Phylloscopus trochiloides,Phylloscopus trochiloides,Phylloscopus trochiloides,NA,Phylloscopus trochiloides,Phylloscopus trochiloides
Phylloscopus trochilus,Phylloscopus trochilus,2,NA,Phylloscopus trochilus,Phylloscopus trochilus,Phylloscopus trochilus,Phylloscopus trochilus,Phylloscopus trochilus,Phylloscopus trochilus
Pica pica,Pica pica,2,NA,Pica pica,Pica pica,Pica pica,NA,Pica pica,Pica pica
Picoides tridactylus,Picoides tridactylus,2,NA,Picoides tridactylus,Picoides tridactylus,Picoides tridactylus,NA,Picoides tridactylus,Picoides tridactylus
Picus canus,Picus canus,2,NA,Picus canus,Picus canus,Picus canus,NA,Picus canus,Picus canus
Picus viridis,Picus viridis,2,NA,Picus viridis,Picus viridis,Picus viridis,NA,Picus viridis,Picus viridis
Platalea leucorodia,Platalea leucorodia,2,NA,Platalea leucorodia,Platalea leucorodia,Platalea leucorodia,Platalea leucorodia,Platalea leucorodia,Platalea leucorodia
Podiceps cristatus,Podiceps cristatus,2,NA,Podiceps cristatus,Podiceps cristatus,Podiceps cristatus,NA,Podiceps cristatus,Podiceps cristatus
Podiceps grisegena,Podiceps grisegena,2,NA,Podiceps grisegena,Podiceps grisegena,Podiceps grisegena,Podiceps grisegena,Podiceps grisegena,Podiceps grisegena
Podiceps nigricollis,Podiceps nigricollis,2,NA,Podiceps nigricollis,Podiceps nigricollis,Podiceps nigricollis,Podiceps nigricollis,Podiceps nigricollis,Podiceps nigricollis
Porzana parva,Porzana parva,2,NA,Porzana parva,Porzana parva,NA,NA,Porzana parva,Porzana parva
Porzana porzana,Porzana porzana,2,NA,Porzana porzana,Porzana porzana,Porzana porzana,Porzana porzana,Porzana porzana,Porzana porzana
Porzana pusilla,Porzana pusilla,2,NA,Porzana pusilla,Porzana pusilla,NA,NA,Porzana pusilla,Porzana pusilla
Prunella collaris,Prunella collaris,2,NA,Prunella collaris,Prunella collaris,Prunella collaris,NA,Prunella collaris,Prunella collaris
Prunella modularis,Prunella modularis,2,NA,Prunella modularis,Prunella modularis,Prunella modularis,NA,Prunella modularis,Prunella modularis
Pyrrhula pyrrhula,Pyrrhula pyrrhula,2,NA,Pyrrhula pyrrhula,Pyrrhula pyrrhula,Pyrrhula pyrrhula,Pyrrhula pyrrhula,Pyrrhula pyrrhula,Pyrrhula pyrrhula
Rallus aquaticus,Rallus aquaticus,2,NA,Rallus aquaticus,Rallus aquaticus,Rallus aquaticus,Rallus aquaticus,Rallus aquaticus,Rallus aquaticus
Recurvirostra avosetta,Recurvirostra avosetta,2,NA,Recurvirostra avosetta,Recurvirostra avosetta,Recurvirostra avosetta,NA,Recurvirostra avosetta,Recurvirostra avosetta
Regulus ignicapillus,Regulus ignicapillus,2,NA,Regulus ignicapillus,NA,NA,NA,NA,Regulus ignicapillus
Regulus regulus,Regulus regulus,2,NA,Regulus regulus,Regulus regulus,Regulus regulus,NA,Regulus regulus,Regulus regulus
Remiz pendulinus,Remiz pendulinus,2,NA,Remiz pendulinus,Remiz pendulinus,Remiz pendulinus,NA,Remiz pendulinus,Remiz pendulinus
Riparia riparia,Riparia riparia,2,NA,Riparia riparia,Riparia riparia,Riparia riparia,Riparia riparia,Riparia riparia,Riparia riparia
Saxicola rubetra,Saxicola rubetra,2,NA,Saxicola rubetra,Saxicola rubetra,Saxicola rubetra,NA,Saxicola rubetra,Saxicola rubetra
Saxicola torquata,Saxicola torquata,2,NA,Saxicola torquata,NA,NA,NA,NA,Saxicola torquata
Scolopax rusticola,Scolopax rusticola,2,NA,Scolopax rusticola,Scolopax rusticola,Scolopax rusticola,Scolopax rusticola,Scolopax rusticola,Scolopax rusticola
Serinus serinus,Serinus serinus,2,NA,Serinus serinus,Serinus serinus,Serinus serinus,NA,Serinus serinus,Serinus serinus
Sitta europaea,Sitta europaea,2,NA,Sitta europaea,Sitta europaea,Sitta europaea,NA,Sitta europaea,Sitta europaea
Sterna albifrons,Sterna albifrons,2,NA,Sterna albifrons,NA,NA,NA,Sterna albifrons,Sterna albifrons
Sterna hirundo,Sterna hirundo,2,NA,Sterna hirundo,Sterna hirundo,Sterna hirundo,Sterna hirundo,Sterna hirundo,Sterna hirundo
Streptopelia decaocto,Streptopelia decaocto,2,NA,Streptopelia decaocto,Streptopelia decaocto,Streptopelia decaocto,Streptopelia decaocto,Streptopelia decaocto,Streptopelia decaocto
Streptopelia orientalis,Streptopelia orientalis,2,NA,Streptopelia orientalis,Streptopelia orientalis,Streptopelia orientalis,Streptopelia orientalis,Streptopelia orientalis,Streptopelia orientalis
Streptopelia turtur,Streptopelia turtur,2,NA,Streptopelia turtur,Streptopelia turtur,Streptopelia turtur,Streptopelia turtur,Streptopelia turtur,Streptopelia turtur
Strix aluco,Strix aluco,2,NA,Strix aluco,Strix aluco,Strix aluco,NA,Strix aluco,Strix aluco
Strix uralensis,Strix uralensis,2,NA,Strix uralensis,Strix uralensis,Strix uralensis,NA,Strix uralensis,Strix uralensis
Sturnus vulgaris,Sturnus vulgaris,2,NA,Sturnus vulgaris,Sturnus vulgaris,Sturnus vulgaris,Sturnus vulgaris,Sturnus vulgaris,Sturnus vulgaris
Sylvia atricapilla,Sylvia atricapilla,2,NA,Sylvia atricapilla,Sylvia atricapilla,Sylvia atricapilla,Sylvia atricapilla,Sylvia atricapilla,Sylvia atricapilla
Sylvia borin,Sylvia borin,2,NA,Sylvia borin,Sylvia borin,Sylvia borin,NA,Sylvia borin,Sylvia borin
Sylvia communis,Sylvia communis,2,NA,Sylvia communis,Sylvia communis,NA,NA,Sylvia communis,Sylvia communis
Sylvia curruca,Sylvia curruca,2,NA,Sylvia curruca,Sylvia curruca,NA,Sylvia curruca,Sylvia curruca,Sylvia curruca
Sylvia nisoria,Sylvia nisoria,2,NA,Sylvia nisoria,Sylvia nisoria,NA,NA,Sylvia nisoria,Sylvia nisoria
Syrmaticus reevesii,Syrmaticus reevesii,2,NA,Syrmaticus reevesii,Syrmaticus reevesii,Syrmaticus reevesii,NA,Syrmaticus reevesii,Syrmaticus reevesii
Tachybaptus ruficollis,Tachybaptus ruficollis,2,NA,Tachybaptus ruficollis,Tachybaptus ruficollis,Tachybaptus ruficollis,NA,Tachybaptus ruficollis,Tachybaptus ruficollis
Tadorna ferruginea,Tadorna ferruginea,2,NA,Tadorna ferruginea,Tadorna ferruginea,Tadorna ferruginea,Tadorna ferruginea,Tadorna ferruginea,Tadorna ferruginea
Tadorna tadorna,Tadorna tadorna,2,NA,Tadorna tadorna,Tadorna tadorna,Tadorna tadorna,Tadorna tadorna,Tadorna tadorna,Tadorna tadorna
Tetrao tetrix,Tetrao tetrix,2,NA,Tetrao tetrix,NA,NA,NA,Tetrao tetrix,Tetrao tetrix
Tetrao urogallus,Tetrao urogallus,2,NA,Tetrao urogallus,Tetrao urogallus,Tetrao urogallus,NA,Tetrao urogallus,Tetrao urogallus
Tetrastes bonasia,Tetrastes bonasia,2,NA,Tetrastes bonasia,Tetrastes bonasia,Tetrastes bonasia,NA,Tetrastes bonasia,NA
Tringa ochropus,Tringa ochropus,2,NA,Tringa ochropus,Tringa ochropus,Tringa ochropus,Tringa ochropus,Tringa ochropus,Tringa ochropus
Tringa totanus,Tringa totanus,2,NA,Tringa totanus,Tringa totanus,Tringa totanus,Tringa totanus,Tringa totanus,Tringa totanus
Troglodytes troglodytes,Troglodytes troglodytes,2,NA,Troglodytes troglodytes,Troglodytes troglodytes,Troglodytes troglodytes,NA,Troglodytes troglodytes,Troglodytes troglodytes
Turdus iliacus,Turdus iliacus,2,NA,Turdus iliacus,Turdus iliacus,Turdus iliacus,Turdus iliacus,Turdus iliacus,Turdus iliacus
Turdus merula,Turdus merula,2,NA,Turdus merula,Turdus merula,Turdus merula,Turdus merula,Turdus merula,Turdus merula
Turdus philomelos,Turdus philomelos,2,NA,Turdus philomelos,Turdus philomelos,Turdus philomelos,Turdus philomelos,Turdus philomelos,Turdus philomelos
Turdus pilaris,Turdus pilaris,2,NA,Turdus pilaris,Turdus pilaris,Turdus pilaris,Turdus pilaris,Turdus pilaris,Turdus pilaris
Turdus torquatus,Turdus torquatus,2,NA,Turdus torquatus,Turdus torquatus,Turdus torquatus,NA,Turdus torquatus,Turdus torquatus
Turdus viscivorus,Turdus viscivorus,2,NA,Turdus viscivorus,Turdus viscivorus,Turdus viscivorus,Turdus viscivorus,Turdus viscivorus,Turdus viscivorus
Tyto alba,Tyto alba,2,NA,Tyto alba,Tyto alba,Tyto alba,Tyto alba,Tyto alba,Tyto alba
Upupa epops,Upupa epops,2,NA,Upupa epops,Upupa epops,Upupa epops,Upupa epops,Upupa epops,Upupa epops
Vanellus vanellus,Vanellus vanellus,2,NA,Vanellus vanellus,Vanellus vanellus,Vanellus vanellus,Vanellus vanellus,Vanellus vanellus,Vanellus vanellus
NA,NA,NA,NA,NA,NA,NA,NA,NA,NA
