original_verbatim_name,name_in_data,wordCount,cellID,submitted_name,Birds of the World,eBird/Clements,American Ornithological Society,GBIF,BirdLife
Accipiter cooperii,Accipiter cooperii,2,NA,Accipiter cooperii,Accipiter cooperii,Accipiter cooperii,Accipiter cooperii,Accipiter cooperii,Accipiter cooperii
Accipiter gentilis,Accipiter gentilis,2,NA,Accipiter gentilis,Accipiter gentilis,Accipiter gentilis,Accipiter gentilis,Accipiter gentilis,Accipiter gentilis
Accipiter striatus,Accipiter striatus,2,NA,Accipiter striatus,Accipiter striatus,Accipiter striatus,Accipiter striatus,Accipiter striatus,Accipiter striatus
Actitis macularius,Actitis macularius,2,NA,Actitis macularius,Actitis macularius,Actitis macularius,Actitis macularius,Actitis macularius,Actitis macularius
Aegolius acadicus,Aegolius acadicus,2,NA,Aegolius acadicus,Aegolius acadicus,Aegolius acadicus,Aegolius acadicus,Aegolius acadicus,Aegolius acadicus
Agelaius phoeniceus,Agelaius phoeniceus,2,NA,Agelaius phoeniceus,Agelaius phoeniceus,Agelaius phoeniceus,Agelaius phoeniceus,Agelaius phoeniceus,Agelaius phoeniceus
Aix sponsa,Aix sponsa,2,NA,Aix sponsa,Aix sponsa,Aix sponsa,Aix sponsa,Aix sponsa,Aix sponsa
Ammodramus caudacutus,Ammodramus caudacutus,2,NA,Ammodramus caudacutus,Ammodramus caudacutus,NA,NA,Ammodramus caudacutus,Ammodramus caudacutus
Ammodramus henslowii,Ammodramus henslowii,2,NA,Ammodramus henslowii,Ammodramus henslowii,NA,NA,Ammodramus henslowii,Ammodramus henslowii
Ammodramus maritimus,Ammodramus maritimus,2,NA,Ammodramus maritimus,Ammodramus maritimus,NA,NA,Ammodramus maritimus,Ammodramus maritimus
Ammodramus nelsoni,Ammodramus nelsoni,2,NA,Ammodramus nelsoni,Ammodramus nelsoni,NA,NA,Ammodramus nelsoni,Ammodramus nelsoni
Ammodramus savannarum,Ammodramus savannarum,2,NA,Ammodramus savannarum,Ammodramus savannarum,Ammodramus savannarum,Ammodramus savannarum,Ammodramus savannarum,Ammodramus savannarum
Anas acuta,Anas acuta,2,NA,Anas acuta,Anas acuta,Anas acuta,Anas acuta,Anas acuta,Anas acuta
Anas americana,Anas americana,2,NA,Anas americana,Anas americana,NA,NA,Anas americana,Anas americana
Anas clypeata,Anas clypeata,2,NA,Anas clypeata,Anas clypeata,NA,NA,Anas clypeata,Anas clypeata
Anas crecca,Anas crecca,2,NA,Anas crecca,Anas crecca,Anas crecca,Anas crecca,Anas crecca,Anas crecca
Anas discors,Anas discors,2,NA,Anas discors,Anas discors,NA,NA,Anas discors,Anas discors
Anas platyrhynchos,Anas platyrhynchos,2,NA,Anas platyrhynchos,Anas platyrhynchos,Anas platyrhynchos,Anas platyrhynchos,Anas platyrhynchos,Anas platyrhynchos
Anas platyrhynchos x A. rubripes,Anas platyrhynchos,5,"5695C, 3576C, 5093C, 5874C, 3378A, 5068C, 4288A, 3675D, 4891B, 5378C, 4270D, 4967B, 4182B, 6058B, 4567D, 4965B, 5857C, 6051A, 5659C, 5066C, 4866A, 3278B, 6056C, 2879D, 6051B, 3774A, 5854A, 4993D, 5768A, 6183C, 6084D, 6451B, 4970B, 4971C, 5863B, 4267B, 5949A, 4166B, 5570A, 2877D, 5973C, 6553C, 5972C, 3875B, 5781A, 6072A, 5782C, 4997C, 3470D, 5754A, 6350B, 4870D, 5458D, 5870D, 6952D, 2773A, 5968D, 5872A, 6249B, 6751B, 5360D, 7457D, 1069C, 4388D, 5953D, 1971C, 6252B, 4265A, 6066C, 6296A, 2674C, 4078A, 4275A, 4378D, 5764D, 3467C, 6953D, 3076C, 2675D, 6352C, 6351C, 6088A, 4387C, 1775D, 6275C, 6951A, 4166A, 4372C, 5069C, 6192D, 6192C, 4078D, 6058D, 5855A, 5754B, 5954A, 5870A, 5852B, 4465C, 3574B, 1773D, 1773B, 5377B, 4085A, 4776C, 5573D, 3367A, 6952B, 7052A, 6080C, 5855B, 5973B, 6165B, 5368A, 6165D, 5380C, 5850C, 6153D, 3978D, 3470C, 6651A, 6751D, 7253B, 6452D, 6550B, 1875C, 6292C, 6290B, 5184D, 4378A, 4077A, 4282A, 4392A, 6552C, 6952C, 6550A, 5953C, 5954C, 4167B, 6197B, 2076B, 5489C, 5084C, 4874A, 4787C, 4279D, 4178C, 3880A, 6051C, 5951B, 7253A, 6175A, 6287A",Anas platyrhynchos x a. rubripes,Anas platyrhynchos,Anas platyrhynchos,Anas platyrhynchos,Anas platyrhynchos,Anas platyrhynchos
Anas rubripes,Anas rubripes,2,NA,Anas rubripes,Anas rubripes,Anas rubripes,Anas rubripes,Anas rubripes,Anas rubripes
Anas strepera,Anas strepera,2,NA,Anas strepera,Anas strepera,NA,NA,Anas strepera,Anas strepera
Aquila chrysaetos,Aquila chrysaetos,2,NA,Aquila chrysaetos,Aquila chrysaetos,Aquila chrysaetos,Aquila chrysaetos,Aquila chrysaetos,Aquila chrysaetos
Archilochus colubris,Archilochus colubris,2,NA,Archilochus colubris,Archilochus colubris,Archilochus colubris,Archilochus colubris,Archilochus colubris,Archilochus colubris
Ardea alba,Ardea alba,2,NA,Ardea alba,Ardea alba,Ardea alba,Ardea alba,Ardea alba,Ardea alba
Ardea herodias,Ardea herodias,2,NA,Ardea herodias,Ardea herodias,Ardea herodias,Ardea herodias,Ardea herodias,Ardea herodias
Asio flammeus,Asio flammeus,2,NA,Asio flammeus,Asio flammeus,Asio flammeus,Asio flammeus,Asio flammeus,Asio flammeus
Asio otus,Asio otus,2,NA,Asio otus,Asio otus,Asio otus,Asio otus,Asio otus,Asio otus
Aythya affinis,Aythya affinis,2,NA,Aythya affinis,Aythya affinis,Aythya affinis,Aythya affinis,Aythya affinis,Aythya affinis
Aythya americana,Aythya americana,2,NA,Aythya americana,Aythya americana,Aythya americana,Aythya americana,Aythya americana,Aythya americana
Aythya collaris,Aythya collaris,2,NA,Aythya collaris,Aythya collaris,Aythya collaris,Aythya collaris,Aythya collaris,Aythya collaris
Aythya marila,Aythya marila,2,NA,Aythya marila,Aythya marila,Aythya marila,Aythya marila,Aythya marila,Aythya marila
Aythya valisineria,Aythya valisineria,2,NA,Aythya valisineria,Aythya valisineria,Aythya valisineria,Aythya valisineria,Aythya valisineria,Aythya valisineria
Baeolophus bicolor,Baeolophus bicolor,2,NA,Baeolophus bicolor,Baeolophus bicolor,Baeolophus bicolor,Baeolophus bicolor,Baeolophus bicolor,Baeolophus bicolor
Bartramia longicauda,Bartramia longicauda,2,NA,Bartramia longicauda,Bartramia longicauda,Bartramia longicauda,Bartramia longicauda,Bartramia longicauda,Bartramia longicauda
Bombycilla cedrorum,Bombycilla cedrorum,2,NA,Bombycilla cedrorum,Bombycilla cedrorum,Bombycilla cedrorum,Bombycilla cedrorum,Bombycilla cedrorum,Bombycilla cedrorum
Bonasa umbellus,Bonasa umbellus,2,NA,Bonasa umbellus,Bonasa umbellus,Bonasa umbellus,Bonasa umbellus,Bonasa umbellus,Bonasa umbellus
Botaurus lentiginosus,Botaurus lentiginosus,2,NA,Botaurus lentiginosus,Botaurus lentiginosus,Botaurus lentiginosus,Botaurus lentiginosus,Botaurus lentiginosus,Botaurus lentiginosus
Branta canadensis,Branta canadensis,2,NA,Branta canadensis,Branta canadensis,Branta canadensis,Branta canadensis,Branta canadensis,Branta canadensis
Bubo virginianus,Bubo virginianus,2,NA,Bubo virginianus,Bubo virginianus,Bubo virginianus,Bubo virginianus,Bubo virginianus,Bubo virginianus
Bubulcus ibis,Bubulcus ibis,2,NA,Bubulcus ibis,Bubulcus ibis,Bubulcus ibis,Bubulcus ibis,Bubulcus ibis,Bubulcus ibis
Bucephala albeola,Bucephala albeola,2,NA,Bucephala albeola,Bucephala albeola,Bucephala albeola,Bucephala albeola,Bucephala albeola,Bucephala albeola
Bucephala clangula,Bucephala clangula,2,NA,Bucephala clangula,Bucephala clangula,Bucephala clangula,Bucephala clangula,Bucephala clangula,Bucephala clangula
Buteo jamaicensis,Buteo jamaicensis,2,NA,Buteo jamaicensis,Buteo jamaicensis,Buteo jamaicensis,Buteo jamaicensis,Buteo jamaicensis,Buteo jamaicensis
Buteo lineatus,Buteo lineatus,2,NA,Buteo lineatus,Buteo lineatus,Buteo lineatus,Buteo lineatus,Buteo lineatus,Buteo lineatus
Buteo platypterus,Buteo platypterus,2,NA,Buteo platypterus,Buteo platypterus,Buteo platypterus,Buteo platypterus,Buteo platypterus,Buteo platypterus
Butorides virescens,Butorides virescens,2,NA,Butorides virescens,Butorides virescens,Butorides virescens,Butorides virescens,Butorides virescens,Butorides virescens
Caprimulgus carolinensis,Caprimulgus carolinensis,2,NA,Caprimulgus carolinensis,NA,NA,NA,Caprimulgus carolinensis,Caprimulgus carolinensis
Caprimulgus vociferus,Caprimulgus vociferus,2,NA,Caprimulgus vociferus,NA,NA,NA,Caprimulgus vociferus,Caprimulgus vociferus
Cardinalis cardinalis,Cardinalis cardinalis,2,NA,Cardinalis cardinalis,Cardinalis cardinalis,Cardinalis cardinalis,Cardinalis cardinalis,Cardinalis cardinalis,Cardinalis cardinalis
Carpodacus mexicanus,Carpodacus mexicanus,2,NA,Carpodacus mexicanus,Carpodacus mexicanus,NA,NA,Carpodacus mexicanus,Carpodacus mexicanus
Carpodacus purpureus,Carpodacus purpureus,2,NA,Carpodacus purpureus,Carpodacus purpureus,NA,NA,Carpodacus purpureus,Carpodacus purpureus
Cathartes aura,Cathartes aura,2,NA,Cathartes aura,Cathartes aura,Cathartes aura,Cathartes aura,Cathartes aura,Cathartes aura
Catharus bicknelli,Catharus bicknelli,2,NA,Catharus bicknelli,Catharus bicknelli,Catharus bicknelli,Catharus bicknelli,Catharus bicknelli,Catharus bicknelli
Catharus fuscescens,Catharus fuscescens,2,NA,Catharus fuscescens,Catharus fuscescens,Catharus fuscescens,Catharus fuscescens,Catharus fuscescens,Catharus fuscescens
Catharus guttatus,Catharus guttatus,2,NA,Catharus guttatus,Catharus guttatus,Catharus guttatus,Catharus guttatus,Catharus guttatus,Catharus guttatus
Catharus ustulatus,Catharus ustulatus,2,NA,Catharus ustulatus,Catharus ustulatus,Catharus ustulatus,Catharus ustulatus,Catharus ustulatus,Catharus ustulatus
Certhia americana,Certhia americana,2,NA,Certhia americana,Certhia americana,Certhia americana,Certhia americana,Certhia americana,Certhia americana
Chaetura pelagica,Chaetura pelagica,2,NA,Chaetura pelagica,Chaetura pelagica,Chaetura pelagica,Chaetura pelagica,Chaetura pelagica,Chaetura pelagica
Charadrius melodus,Charadrius melodus,2,NA,Charadrius melodus,Charadrius melodus,Charadrius melodus,Charadrius melodus,Charadrius melodus,Charadrius melodus
Charadrius vociferus,Charadrius vociferus,2,NA,Charadrius vociferus,Charadrius vociferus,Charadrius vociferus,Charadrius vociferus,Charadrius vociferus,Charadrius vociferus
Chlidonias leucopterus,Chlidonias leucopterus,2,NA,Chlidonias leucopterus,Chlidonias leucopterus,Chlidonias leucopterus,Chlidonias leucopterus,Chlidonias leucopterus,Chlidonias leucopterus
Chlidonias niger,Chlidonias niger,2,NA,Chlidonias niger,Chlidonias niger,Chlidonias niger,Chlidonias niger,Chlidonias niger,Chlidonias niger
Chordeiles minor,Chordeiles minor,2,NA,Chordeiles minor,Chordeiles minor,Chordeiles minor,Chordeiles minor,Chordeiles minor,Chordeiles minor
Circus cyaneus,Circus cyaneus,2,NA,Circus cyaneus,Circus cyaneus,Circus cyaneus,NA,Circus cyaneus,Circus cyaneus
Cistothorus palustris,Cistothorus palustris,2,NA,Cistothorus palustris,Cistothorus palustris,Cistothorus palustris,Cistothorus palustris,Cistothorus palustris,Cistothorus palustris
Cistothorus platensis,Cistothorus platensis,2,NA,Cistothorus platensis,Cistothorus platensis,Cistothorus platensis,Cistothorus platensis,Cistothorus platensis,Cistothorus platensis
Coccothraustes vespertinus,Coccothraustes vespertinus,2,NA,Coccothraustes vespertinus,NA,Coccothraustes vespertinus,Coccothraustes vespertinus,Coccothraustes vespertinus,Coccothraustes vespertinus
Coccyzus americanus,Coccyzus americanus,2,NA,Coccyzus americanus,Coccyzus americanus,Coccyzus americanus,Coccyzus americanus,Coccyzus americanus,Coccyzus americanus
Coccyzus erythropthalmus,Coccyzus erythropthalmus,2,NA,Coccyzus erythropthalmus,Coccyzus erythropthalmus,Coccyzus erythropthalmus,Coccyzus erythropthalmus,Coccyzus erythropthalmus,Coccyzus erythropthalmus
Colaptes auratus,Colaptes auratus,2,NA,Colaptes auratus,Colaptes auratus,Colaptes auratus,Colaptes auratus,Colaptes auratus,Colaptes auratus
Colinus virginianus,Colinus virginianus,2,NA,Colinus virginianus,Colinus virginianus,Colinus virginianus,Colinus virginianus,Colinus virginianus,Colinus virginianus
Columba livia,Columba livia,2,NA,Columba livia,Columba livia,Columba livia,Columba livia,Columba livia,Columba livia
Contopus cooperi,Contopus cooperi,2,NA,Contopus cooperi,Contopus cooperi,Contopus cooperi,Contopus cooperi,Contopus cooperi,Contopus cooperi
Contopus virens,Contopus virens,2,NA,Contopus virens,Contopus virens,Contopus virens,Contopus virens,Contopus virens,Contopus virens
Coragyps atratus,Coragyps atratus,2,NA,Coragyps atratus,Coragyps atratus,Coragyps atratus,Coragyps atratus,Coragyps atratus,Coragyps atratus
Corvus brachyrhynchos,Corvus brachyrhynchos,2,NA,Corvus brachyrhynchos,Corvus brachyrhynchos,Corvus brachyrhynchos,Corvus brachyrhynchos,Corvus brachyrhynchos,Corvus brachyrhynchos
Corvus corax,Corvus corax,2,NA,Corvus corax,Corvus corax,Corvus corax,Corvus corax,Corvus corax,Corvus corax
Corvus ossifragus,Corvus ossifragus,2,NA,Corvus ossifragus,Corvus ossifragus,Corvus ossifragus,Corvus ossifragus,Corvus ossifragus,Corvus ossifragus
Cyanocitta cristata,Cyanocitta cristata,2,NA,Cyanocitta cristata,Cyanocitta cristata,Cyanocitta cristata,Cyanocitta cristata,Cyanocitta cristata,Cyanocitta cristata
Cygnus buccinator,Cygnus buccinator,2,NA,Cygnus buccinator,Cygnus buccinator,Cygnus buccinator,Cygnus buccinator,Cygnus buccinator,Cygnus buccinator
Cygnus olor,Cygnus olor,2,NA,Cygnus olor,Cygnus olor,Cygnus olor,Cygnus olor,Cygnus olor,Cygnus olor
Dendroica caerulescens,Dendroica caerulescens,2,NA,Dendroica caerulescens,Dendroica caerulescens,NA,NA,Dendroica caerulescens,Dendroica caerulescens
Dendroica castanea,Dendroica castanea,2,NA,Dendroica castanea,Dendroica castanea,NA,NA,Dendroica castanea,Dendroica castanea
Dendroica cerulea,Dendroica cerulea,2,NA,Dendroica cerulea,Dendroica cerulea,NA,NA,Dendroica cerulea,Dendroica cerulea
Dendroica coronata,Dendroica coronata,2,NA,Dendroica coronata,Dendroica coronata,NA,NA,Dendroica coronata,Dendroica coronata
Dendroica discolor,Dendroica discolor,2,NA,Dendroica discolor,Dendroica discolor,NA,NA,Dendroica discolor,Dendroica discolor
Dendroica dominica,Dendroica dominica,2,NA,Dendroica dominica,Dendroica dominica,NA,NA,Dendroica dominica,Dendroica dominica
Dendroica fusca,Dendroica fusca,2,NA,Dendroica fusca,Dendroica fusca,NA,NA,Dendroica fusca,Dendroica fusca
Dendroica magnolia,Dendroica magnolia,2,NA,Dendroica magnolia,Dendroica magnolia,NA,NA,Dendroica magnolia,Dendroica magnolia
Dendroica palmarum,Dendroica palmarum,2,NA,Dendroica palmarum,Dendroica palmarum,NA,NA,Dendroica palmarum,Dendroica palmarum
Dendroica pensylvanica,Dendroica pensylvanica,2,NA,Dendroica pensylvanica,Dendroica pensylvanica,NA,NA,Dendroica pensylvanica,Dendroica pensylvanica
Dendroica petechia,Dendroica petechia,2,NA,Dendroica petechia,Dendroica petechia,NA,NA,Dendroica petechia,Dendroica petechia
Dendroica pinus,Dendroica pinus,2,NA,Dendroica pinus,Dendroica pinus,NA,NA,Dendroica pinus,Dendroica pinus
Dendroica striata,Dendroica striata,2,NA,Dendroica striata,Dendroica striata,NA,NA,Dendroica striata,Dendroica striata
Dendroica tigrina,Dendroica tigrina,2,NA,Dendroica tigrina,Dendroica tigrina,NA,NA,Dendroica tigrina,Dendroica tigrina
Dendroica virens,Dendroica virens,2,NA,Dendroica virens,Dendroica virens,NA,NA,Dendroica virens,Dendroica virens
Dolichonyx oryzivorus,Dolichonyx oryzivorus,2,NA,Dolichonyx oryzivorus,Dolichonyx oryzivorus,Dolichonyx oryzivorus,Dolichonyx oryzivorus,Dolichonyx oryzivorus,Dolichonyx oryzivorus
Dryocopus pileatus,Dryocopus pileatus,2,NA,Dryocopus pileatus,Dryocopus pileatus,Dryocopus pileatus,Dryocopus pileatus,Dryocopus pileatus,Dryocopus pileatus
Dumetella carolinensis,Dumetella carolinensis,2,NA,Dumetella carolinensis,Dumetella carolinensis,Dumetella carolinensis,Dumetella carolinensis,Dumetella carolinensis,Dumetella carolinensis
Egretta caerulea,Egretta caerulea,2,NA,Egretta caerulea,Egretta caerulea,Egretta caerulea,Egretta caerulea,Egretta caerulea,Egretta caerulea
Egretta thula,Egretta thula,2,NA,Egretta thula,Egretta thula,Egretta thula,Egretta thula,Egretta thula,Egretta thula
Egretta tricolor,Egretta tricolor,2,NA,Egretta tricolor,Egretta tricolor,Egretta tricolor,Egretta tricolor,Egretta tricolor,Egretta tricolor
Empidonax alnorum,Empidonax alnorum,2,NA,Empidonax alnorum,Empidonax alnorum,Empidonax alnorum,Empidonax alnorum,Empidonax alnorum,Empidonax alnorum
Empidonax flaviventris,Empidonax flaviventris,2,NA,Empidonax flaviventris,Empidonax flaviventris,Empidonax flaviventris,Empidonax flaviventris,Empidonax flaviventris,Empidonax flaviventris
Empidonax minimus,Empidonax minimus,2,NA,Empidonax minimus,Empidonax minimus,Empidonax minimus,Empidonax minimus,Empidonax minimus,Empidonax minimus
Empidonax traillii,Empidonax traillii,2,NA,Empidonax traillii,Empidonax traillii,Empidonax traillii,Empidonax traillii,Empidonax traillii,Empidonax traillii
Empidonax virescens,Empidonax virescens,2,NA,Empidonax virescens,Empidonax virescens,Empidonax virescens,Empidonax virescens,Empidonax virescens,Empidonax virescens
Eremophila alpestris,Eremophila alpestris,2,NA,Eremophila alpestris,Eremophila alpestris,Eremophila alpestris,Eremophila alpestris,Eremophila alpestris,Eremophila alpestris
Euphagus carolinus,Euphagus carolinus,2,NA,Euphagus carolinus,Euphagus carolinus,Euphagus carolinus,Euphagus carolinus,Euphagus carolinus,Euphagus carolinus
Euphagus cyanocephalus,Euphagus cyanocephalus,2,NA,Euphagus cyanocephalus,Euphagus cyanocephalus,Euphagus cyanocephalus,Euphagus cyanocephalus,Euphagus cyanocephalus,Euphagus cyanocephalus
Falcipennis canadensis,Falcipennis canadensis,2,NA,Falcipennis canadensis,Falcipennis canadensis,NA,Falcipennis canadensis,Falcipennis canadensis,Falcipennis canadensis
Falco columbarius,Falco columbarius,2,NA,Falco columbarius,Falco columbarius,Falco columbarius,Falco columbarius,Falco columbarius,Falco columbarius
Falco peregrinus,Falco peregrinus,2,NA,Falco peregrinus,Falco peregrinus,Falco peregrinus,Falco peregrinus,Falco peregrinus,Falco peregrinus
Falco sparverius,Falco sparverius,2,NA,Falco sparverius,Falco sparverius,Falco sparverius,Falco sparverius,Falco sparverius,Falco sparverius
Fulica americana,Fulica americana,2,NA,Fulica americana,Fulica americana,Fulica americana,Fulica americana,Fulica americana,Fulica americana
Gallinago delicata,Gallinago delicata,2,NA,Gallinago delicata,Gallinago delicata,Gallinago delicata,Gallinago delicata,Gallinago delicata,Gallinago delicata
Gallinula chloropus,Gallinula chloropus,2,NA,Gallinula chloropus,Gallinula chloropus,Gallinula chloropus,Gallinula chloropus,Gallinula chloropus,Gallinula chloropus
Gavia immer,Gavia immer,2,NA,Gavia immer,Gavia immer,Gavia immer,Gavia immer,Gavia immer,Gavia immer
Gelochelidon nilotica,Gelochelidon nilotica,2,NA,Gelochelidon nilotica,Gelochelidon nilotica,Gelochelidon nilotica,Gelochelidon nilotica,Gelochelidon nilotica,Gelochelidon nilotica
Geothlypis trichas,Geothlypis trichas,2,NA,Geothlypis trichas,Geothlypis trichas,Geothlypis trichas,Geothlypis trichas,Geothlypis trichas,Geothlypis trichas
Grus canadensis,Grus canadensis,2,NA,Grus canadensis,Grus canadensis,NA,NA,Grus canadensis,Grus canadensis
Haematopus palliatus,Haematopus palliatus,2,NA,Haematopus palliatus,Haematopus palliatus,Haematopus palliatus,Haematopus palliatus,Haematopus palliatus,Haematopus palliatus
Haliaeetus leucocephalus,Haliaeetus leucocephalus,2,NA,Haliaeetus leucocephalus,Haliaeetus leucocephalus,Haliaeetus leucocephalus,Haliaeetus leucocephalus,Haliaeetus leucocephalus,Haliaeetus leucocephalus
Helmitheros vermivorum,Helmitheros vermivorum,2,NA,Helmitheros vermivorum,Helmitheros vermivorum,Helmitheros vermivorum,Helmitheros vermivorum,Helmitheros vermivorum,Helmitheros vermivorum
Hirundo rustica,Hirundo rustica,2,NA,Hirundo rustica,Hirundo rustica,Hirundo rustica,Hirundo rustica,Hirundo rustica,Hirundo rustica
Hydropogne caspia,Hydropogne caspia,2,NA,Hydropogne caspia,Hydroprogne caspia,Hydroprogne caspia,Hydroprogne caspia,Hydroprogne caspia,Hydroprogne caspia
Hylocichla mustelina,Hylocichla mustelina,2,NA,Hylocichla mustelina,Hylocichla mustelina,Hylocichla mustelina,Hylocichla mustelina,Hylocichla mustelina,Hylocichla mustelina
Icteria virens,Icteria virens,2,NA,Icteria virens,Icteria virens,Icteria virens,Icteria virens,Icteria virens,Icteria virens
Icterus galbula,Icterus galbula,2,NA,Icterus galbula,Icterus galbula,Icterus galbula,Icterus galbula,Icterus galbula,Icterus galbula
Icterus spurius,Icterus spurius,2,NA,Icterus spurius,Icterus spurius,Icterus spurius,Icterus spurius,Icterus spurius,Icterus spurius
Ixobrychus exilis,Ixobrychus exilis,2,NA,Ixobrychus exilis,Ixobrychus exilis,Ixobrychus exilis,Ixobrychus exilis,Ixobrychus exilis,Ixobrychus exilis
Junco hyemalis,Junco hyemalis,2,NA,Junco hyemalis,Junco hyemalis,Junco hyemalis,Junco hyemalis,Junco hyemalis,Junco hyemalis
Lanius ludovicianus,Lanius ludovicianus,2,NA,Lanius ludovicianus,Lanius ludovicianus,Lanius ludovicianus,Lanius ludovicianus,Lanius ludovicianus,Lanius ludovicianus
Larus argentatus,Larus argentatus,2,NA,Larus argentatus,Larus argentatus,Larus argentatus,Larus argentatus,Larus argentatus,Larus argentatus
Larus delawarensis,Larus delawarensis,2,NA,Larus delawarensis,Larus delawarensis,Larus delawarensis,Larus delawarensis,Larus delawarensis,Larus delawarensis
Larus marinus,Larus marinus,2,NA,Larus marinus,Larus marinus,Larus marinus,Larus marinus,Larus marinus,Larus marinus
Laterallus jamaicensis,Laterallus jamaicensis,2,NA,Laterallus jamaicensis,Laterallus jamaicensis,Laterallus jamaicensis,Laterallus jamaicensis,Laterallus jamaicensis,Laterallus jamaicensis
Leucophaeus atricilla,Leucophaeus atricilla,2,NA,Leucophaeus atricilla,Leucophaeus atricilla,Leucophaeus atricilla,Leucophaeus atricilla,Leucophaeus atricilla,Leucophaeus atricilla
Lophodytes cucullatus,Lophodytes cucullatus,2,NA,Lophodytes cucullatus,Lophodytes cucullatus,Lophodytes cucullatus,Lophodytes cucullatus,Lophodytes cucullatus,Lophodytes cucullatus
Loxia curvirostra,Loxia curvirostra,2,NA,Loxia curvirostra,Loxia curvirostra,Loxia curvirostra,Loxia curvirostra,Loxia curvirostra,Loxia curvirostra
Loxia leucoptera,Loxia leucoptera,2,NA,Loxia leucoptera,Loxia leucoptera,Loxia leucoptera,Loxia leucoptera,Loxia leucoptera,Loxia leucoptera
Megaceryle alcyon,Megaceryle alcyon,2,NA,Megaceryle alcyon,Megaceryle alcyon,Megaceryle alcyon,Megaceryle alcyon,Megaceryle alcyon,Megaceryle alcyon
Megascops asio,Megascops asio,2,NA,Megascops asio,Megascops asio,Megascops asio,Megascops asio,Megascops asio,Megascops asio
Melanerpes carolinus,Melanerpes carolinus,2,NA,Melanerpes carolinus,Melanerpes carolinus,Melanerpes carolinus,Melanerpes carolinus,Melanerpes carolinus,Melanerpes carolinus
Melanerpes erythrocephalus,Melanerpes erythrocephalus,2,NA,Melanerpes erythrocephalus,Melanerpes erythrocephalus,Melanerpes erythrocephalus,Melanerpes erythrocephalus,Melanerpes erythrocephalus,Melanerpes erythrocephalus
Meleagris gallopavo,Meleagris gallopavo,2,NA,Meleagris gallopavo,Meleagris gallopavo,Meleagris gallopavo,Meleagris gallopavo,Meleagris gallopavo,Meleagris gallopavo
Melospiza georgiana,Melospiza georgiana,2,NA,Melospiza georgiana,Melospiza georgiana,Melospiza georgiana,Melospiza georgiana,Melospiza georgiana,Melospiza georgiana
Melospiza lincolnii,Melospiza lincolnii,2,NA,Melospiza lincolnii,Melospiza lincolnii,Melospiza lincolnii,Melospiza lincolnii,Melospiza lincolnii,Melospiza lincolnii
Melospiza melodia,Melospiza melodia,2,NA,Melospiza melodia,Melospiza melodia,Melospiza melodia,Melospiza melodia,Melospiza melodia,Melospiza melodia
Mergus merganser,Mergus merganser,2,NA,Mergus merganser,Mergus merganser,Mergus merganser,Mergus merganser,Mergus merganser,Mergus merganser
Mergus serrator,Mergus serrator,2,NA,Mergus serrator,Mergus serrator,Mergus serrator,Mergus serrator,Mergus serrator,Mergus serrator
Mimus polyglottos,Mimus polyglottos,2,NA,Mimus polyglottos,Mimus polyglottos,Mimus polyglottos,Mimus polyglottos,Mimus polyglottos,Mimus polyglottos
Mniotilta varia,Mniotilta varia,2,NA,Mniotilta varia,Mniotilta varia,Mniotilta varia,Mniotilta varia,Mniotilta varia,Mniotilta varia
Molothrus ater,Molothrus ater,2,NA,Molothrus ater,Molothrus ater,Molothrus ater,Molothrus ater,Molothrus ater,Molothrus ater
Myiarchus crinitus,Myiarchus crinitus,2,NA,Myiarchus crinitus,Myiarchus crinitus,Myiarchus crinitus,Myiarchus crinitus,Myiarchus crinitus,Myiarchus crinitus
Myiopsitta monachus,Myiopsitta monachus,2,NA,Myiopsitta monachus,Myiopsitta monachus,Myiopsitta monachus,Myiopsitta monachus,Myiopsitta monachus,Myiopsitta monachus
Nandayus nenday,Nandayus nenday,2,NA,Nandayus nenday,Nandayus nenday,NA,NA,Nandayus nenday,Nandayus nenday
Nyctanassa violacea,Nyctanassa violacea,2,NA,Nyctanassa violacea,Nyctanassa violacea,Nyctanassa violacea,Nyctanassa violacea,Nyctanassa violacea,Nyctanassa violacea
Nycticorax nycticorax,Nycticorax nycticorax,2,NA,Nycticorax nycticorax,Nycticorax nycticorax,Nycticorax nycticorax,Nycticorax nycticorax,Nycticorax nycticorax,Nycticorax nycticorax
Oporornis formosus,Oporornis formosus,2,NA,Oporornis formosus,Oporornis formosus,NA,NA,Oporornis formosus,Oporornis formosus
Oporornis philadelphia,Oporornis philadelphia,2,NA,Oporornis philadelphia,Oporornis philadelphia,NA,NA,Oporornis philadelphia,Oporornis philadelphia
Oxyura jamaicensis,Oxyura jamaicensis,2,NA,Oxyura jamaicensis,Oxyura jamaicensis,Oxyura jamaicensis,Oxyura jamaicensis,Oxyura jamaicensis,Oxyura jamaicensis
Pandion haliaetus,Pandion haliaetus,2,NA,Pandion haliaetus,Pandion haliaetus,Pandion haliaetus,Pandion haliaetus,Pandion haliaetus,Pandion haliaetus
Parula americana,Parula americana,2,NA,Parula americana,Parula americana,NA,NA,Parula americana,Parula americana
Passer domesticus,Passer domesticus,2,NA,Passer domesticus,Passer domesticus,Passer domesticus,Passer domesticus,Passer domesticus,Passer domesticus
Passerculus sandwichensis,Passerculus sandwichensis,2,NA,Passerculus sandwichensis,Passerculus sandwichensis,Passerculus sandwichensis,Passerculus sandwichensis,Passerculus sandwichensis,Passerculus sandwichensis
Passerina caerulea,Passerina caerulea,2,NA,Passerina caerulea,Passerina caerulea,Passerina caerulea,Passerina caerulea,Passerina caerulea,Passerina caerulea
Passerina cyanea,Passerina cyanea,2,NA,Passerina cyanea,Passerina cyanea,Passerina cyanea,Passerina cyanea,Passerina cyanea,Passerina cyanea
Pelecanus erythrorhynchos,Pelecanus erythrorhynchos,2,NA,Pelecanus erythrorhynchos,Pelecanus erythrorhynchos,Pelecanus erythrorhynchos,Pelecanus erythrorhynchos,Pelecanus erythrorhynchos,Pelecanus erythrorhynchos
Perdix perdix,Perdix perdix,2,NA,Perdix perdix,Perdix perdix,Perdix perdix,Perdix perdix,Perdix perdix,Perdix perdix
Perisoreus canadensis,Perisoreus canadensis,2,NA,Perisoreus canadensis,Perisoreus canadensis,Perisoreus canadensis,Perisoreus canadensis,Perisoreus canadensis,Perisoreus canadensis
Petrochelidon pyrrhonota,Petrochelidon pyrrhonota,2,NA,Petrochelidon pyrrhonota,Petrochelidon pyrrhonota,Petrochelidon pyrrhonota,Petrochelidon pyrrhonota,Petrochelidon pyrrhonota,Petrochelidon pyrrhonota
Phalacrocorax auritus,Phalacrocorax auritus,2,NA,Phalacrocorax auritus,Phalacrocorax auritus,NA,Phalacrocorax auritus,Phalacrocorax auritus,Phalacrocorax auritus
Phalaropus tricolor,Phalaropus tricolor,2,NA,Phalaropus tricolor,Phalaropus tricolor,Phalaropus tricolor,Phalaropus tricolor,Phalaropus tricolor,Phalaropus tricolor
Phasianus colchicus,Phasianus colchicus,2,NA,Phasianus colchicus,Phasianus colchicus,Phasianus colchicus,Phasianus colchicus,Phasianus colchicus,Phasianus colchicus
Pheucticus ludovicianus,Pheucticus ludovicianus,2,NA,Pheucticus ludovicianus,Pheucticus ludovicianus,Pheucticus ludovicianus,Pheucticus ludovicianus,Pheucticus ludovicianus,Pheucticus ludovicianus
Picoides arcticus,Picoides arcticus,2,NA,Picoides arcticus,Picoides arcticus,Picoides arcticus,Picoides arcticus,Picoides arcticus,Picoides arcticus
Picoides dorsalis,Picoides dorsalis,2,NA,Picoides dorsalis,Picoides dorsalis,Picoides dorsalis,Picoides dorsalis,Picoides dorsalis,Picoides dorsalis
Picoides pubescens,Picoides pubescens,2,NA,Picoides pubescens,Picoides pubescens,NA,NA,Picoides pubescens,Picoides pubescens
Picoides villosus,Picoides villosus,2,NA,Picoides villosus,Picoides villosus,NA,NA,Picoides villosus,Picoides villosus
Pipilo erythrophthalmus,Pipilo erythrophthalmus,2,NA,Pipilo erythrophthalmus,Pipilo erythrophthalmus,Pipilo erythrophthalmus,Pipilo erythrophthalmus,Pipilo erythrophthalmus,Pipilo erythrophthalmus
Piranga olivacea,Piranga olivacea,2,NA,Piranga olivacea,Piranga olivacea,Piranga olivacea,Piranga olivacea,Piranga olivacea,Piranga olivacea
Piranga rubra,Piranga rubra,2,NA,Piranga rubra,Piranga rubra,Piranga rubra,Piranga rubra,Piranga rubra,Piranga rubra
Plegadis chihi,Plegadis chihi,2,NA,Plegadis chihi,Plegadis chihi,Plegadis chihi,Plegadis chihi,Plegadis chihi,Plegadis chihi
Plegadis falcinellus,Plegadis falcinellus,2,NA,Plegadis falcinellus,Plegadis falcinellus,Plegadis falcinellus,Plegadis falcinellus,Plegadis falcinellus,Plegadis falcinellus
Podilymbus podiceps,Podilymbus podiceps,2,NA,Podilymbus podiceps,Podilymbus podiceps,Podilymbus podiceps,Podilymbus podiceps,Podilymbus podiceps,Podilymbus podiceps
Poecile atricapillus,Poecile atricapillus,2,NA,Poecile atricapillus,Poecile atricapillus,Poecile atricapillus,Poecile atricapillus,Poecile atricapillus,Poecile atricapillus
Poecile hudsonicus,Poecile hudsonicus,2,NA,Poecile hudsonicus,Poecile hudsonicus,Poecile hudsonicus,Poecile hudsonicus,Poecile hudsonicus,NA
Polioptila caerulea,Polioptila caerulea,2,NA,Polioptila caerulea,Polioptila caerulea,Polioptila caerulea,Polioptila caerulea,Polioptila caerulea,Polioptila caerulea
Pooecetes gramineus,Pooecetes gramineus,2,NA,Pooecetes gramineus,Pooecetes gramineus,Pooecetes gramineus,Pooecetes gramineus,Pooecetes gramineus,Pooecetes gramineus
Porzana carolina,Porzana carolina,2,NA,Porzana carolina,Porzana carolina,Porzana carolina,Porzana carolina,Porzana carolina,Porzana carolina
Progne subis,Progne subis,2,NA,Progne subis,Progne subis,Progne subis,Progne subis,Progne subis,Progne subis
Protonotaria citrea,Protonotaria citrea,2,NA,Protonotaria citrea,Protonotaria citrea,Protonotaria citrea,Protonotaria citrea,Protonotaria citrea,Protonotaria citrea
Quiscalus major,Quiscalus major,2,NA,Quiscalus major,Quiscalus major,Quiscalus major,Quiscalus major,Quiscalus major,Quiscalus major
Quiscalus quiscula,Quiscalus quiscula,2,NA,Quiscalus quiscula,Quiscalus quiscula,Quiscalus quiscula,Quiscalus quiscula,Quiscalus quiscula,Quiscalus quiscula
Rallus elegans,Rallus elegans,2,NA,Rallus elegans,Rallus elegans,Rallus elegans,Rallus elegans,Rallus elegans,Rallus elegans
Rallus limicola,Rallus limicola,2,NA,Rallus limicola,Rallus limicola,Rallus limicola,Rallus limicola,Rallus limicola,Rallus limicola
Rallus longirostris,Rallus longirostris,2,NA,Rallus longirostris,Rallus longirostris,Rallus longirostris,Rallus longirostris,Rallus longirostris,Rallus longirostris
Regulus calendula,Regulus calendula,2,NA,Regulus calendula,Regulus calendula,NA,Regulus calendula,Regulus calendula,Regulus calendula
Regulus satrapa,Regulus satrapa,2,NA,Regulus satrapa,Regulus satrapa,Regulus satrapa,Regulus satrapa,Regulus satrapa,Regulus satrapa
Riparia riparia,Riparia riparia,2,NA,Riparia riparia,Riparia riparia,Riparia riparia,Riparia riparia,Riparia riparia,Riparia riparia
Rynchops niger,Rynchops niger,2,NA,Rynchops niger,Rynchops niger,Rynchops niger,Rynchops niger,Rynchops niger,Rynchops niger
Sayornis phoebe,Sayornis phoebe,2,NA,Sayornis phoebe,Sayornis phoebe,Sayornis phoebe,Sayornis phoebe,Sayornis phoebe,Sayornis phoebe
Scolopax minor,Scolopax minor,2,NA,Scolopax minor,Scolopax minor,Scolopax minor,Scolopax minor,Scolopax minor,Scolopax minor
Seiurus aurocapilla,Seiurus aurocapilla,2,NA,Seiurus aurocapilla,Seiurus aurocapilla,Seiurus aurocapilla,Seiurus aurocapilla,Seiurus aurocapilla,Seiurus aurocapilla
Seiurus motacilla,Seiurus motacilla,2,NA,Seiurus motacilla,NA,NA,NA,Seiurus motacilla,Seiurus motacilla
Seiurus noveboracensis,Seiurus noveboracensis,2,NA,Seiurus noveboracensis,NA,NA,NA,Seiurus noveboracensis,NA
Setophaga ruticilla,Setophaga ruticilla,2,NA,Setophaga ruticilla,Setophaga ruticilla,Setophaga ruticilla,Setophaga ruticilla,Setophaga ruticilla,Setophaga ruticilla
Sialia sialis,Sialia sialis,2,NA,Sialia sialis,Sialia sialis,Sialia sialis,Sialia sialis,Sialia sialis,Sialia sialis
Sitta canadensis,Sitta canadensis,2,NA,Sitta canadensis,Sitta canadensis,Sitta canadensis,Sitta canadensis,Sitta canadensis,Sitta canadensis
Sitta carolinensis,Sitta carolinensis,2,NA,Sitta carolinensis,Sitta carolinensis,Sitta carolinensis,Sitta carolinensis,Sitta carolinensis,Sitta carolinensis
Somateria mollissima,Somateria mollissima,2,NA,Somateria mollissima,Somateria mollissima,Somateria mollissima,Somateria mollissima,Somateria mollissima,Somateria mollissima
Sphyrapicus varius,Sphyrapicus varius,2,NA,Sphyrapicus varius,Sphyrapicus varius,Sphyrapicus varius,Sphyrapicus varius,Sphyrapicus varius,Sphyrapicus varius
Spinus pinus,Spinus pinus,2,NA,Spinus pinus,NA,Spinus pinus,Spinus pinus,Spinus pinus,NA
Spinus tristis,Spinus tristis,2,NA,Spinus tristis,NA,Spinus tristis,Spinus tristis,Spinus tristis,NA
Spiza americana,Spiza americana,2,NA,Spiza americana,Spiza americana,Spiza americana,Spiza americana,Spiza americana,Spiza americana
Spizella pallida,Spizella pallida,2,NA,Spizella pallida,Spizella pallida,Spizella pallida,Spizella pallida,Spizella pallida,Spizella pallida
Spizella passerina,Spizella passerina,2,NA,Spizella passerina,Spizella passerina,Spizella passerina,Spizella passerina,Spizella passerina,Spizella passerina
Spizella pusilla,Spizella pusilla,2,NA,Spizella pusilla,Spizella pusilla,Spizella pusilla,Spizella pusilla,Spizella pusilla,Spizella pusilla
Stelgidopteryx serripennis,Stelgidopteryx serripennis,2,NA,Stelgidopteryx serripennis,Stelgidopteryx serripennis,Stelgidopteryx serripennis,Stelgidopteryx serripennis,Stelgidopteryx serripennis,Stelgidopteryx serripennis
Sterna dougallii,Sterna dougallii,2,NA,Sterna dougallii,Sterna dougallii,Sterna dougallii,Sterna dougallii,Sterna dougallii,Sterna dougallii
Sterna forsteri,Sterna forsteri,2,NA,Sterna forsteri,Sterna forsteri,Sterna forsteri,Sterna forsteri,Sterna forsteri,Sterna forsteri
Sterna hirundo,Sterna hirundo,2,NA,Sterna hirundo,Sterna hirundo,Sterna hirundo,Sterna hirundo,Sterna hirundo,Sterna hirundo
Sternula antillarum,Sternula antillarum,2,NA,Sternula antillarum,Sternula antillarum,Sternula antillarum,Sternula antillarum,Sternula antillarum,Sternula antillarum
Streptopelia decaocto,Streptopelia decaocto,2,NA,Streptopelia decaocto,Streptopelia decaocto,Streptopelia decaocto,Streptopelia decaocto,Streptopelia decaocto,Streptopelia decaocto
Strix varia,Strix varia,2,NA,Strix varia,Strix varia,Strix varia,Strix varia,Strix varia,Strix varia
Sturnella magna,Sturnella magna,2,NA,Sturnella magna,Sturnella magna,Sturnella magna,Sturnella magna,Sturnella magna,Sturnella magna
Sturnella neglecta,Sturnella neglecta,2,NA,Sturnella neglecta,Sturnella neglecta,Sturnella neglecta,Sturnella neglecta,Sturnella neglecta,Sturnella neglecta
Sturnus vulgaris,Sturnus vulgaris,2,NA,Sturnus vulgaris,Sturnus vulgaris,Sturnus vulgaris,Sturnus vulgaris,Sturnus vulgaris,Sturnus vulgaris
Tachycineta bicolor,Tachycineta bicolor,2,NA,Tachycineta bicolor,Tachycineta bicolor,Tachycineta bicolor,Tachycineta bicolor,Tachycineta bicolor,Tachycineta bicolor
Thryothorus ludovicianus,Thryothorus ludovicianus,2,NA,Thryothorus ludovicianus,Thryothorus ludovicianus,Thryothorus ludovicianus,Thryothorus ludovicianus,Thryothorus ludovicianus,Thryothorus ludovicianus
Toxostoma rufum,Toxostoma rufum,2,NA,Toxostoma rufum,Toxostoma rufum,Toxostoma rufum,Toxostoma rufum,Toxostoma rufum,Toxostoma rufum
Tringa semipalmata,Tringa semipalmata,2,NA,Tringa semipalmata,Tringa semipalmata,Tringa semipalmata,Tringa semipalmata,Tringa semipalmata,Tringa semipalmata
Troglodytes aedon,Troglodytes aedon,2,NA,Troglodytes aedon,Troglodytes aedon,Troglodytes aedon,Troglodytes aedon,Troglodytes aedon,Troglodytes aedon
Troglodytes troglodytes,Troglodytes troglodytes,2,NA,Troglodytes troglodytes,Troglodytes troglodytes,Troglodytes troglodytes,NA,Troglodytes troglodytes,Troglodytes troglodytes
Turdus migratorius,Turdus migratorius,2,NA,Turdus migratorius,Turdus migratorius,Turdus migratorius,Turdus migratorius,Turdus migratorius,Turdus migratorius
Tyrannus tyrannus,Tyrannus tyrannus,2,NA,Tyrannus tyrannus,Tyrannus tyrannus,Tyrannus tyrannus,Tyrannus tyrannus,Tyrannus tyrannus,Tyrannus tyrannus
Tyrannus verticalis,Tyrannus verticalis,2,NA,Tyrannus verticalis,Tyrannus verticalis,Tyrannus verticalis,Tyrannus verticalis,Tyrannus verticalis,Tyrannus verticalis
Tyto alba,Tyto alba,2,NA,Tyto alba,Tyto alba,Tyto alba,Tyto alba,Tyto alba,Tyto alba
Vermivora chrysoptera,Vermivora chrysoptera,2,NA,Vermivora chrysoptera,Vermivora chrysoptera,Vermivora chrysoptera,Vermivora chrysoptera,Vermivora chrysoptera,Vermivora chrysoptera
Vermivora chrysoptera x V. pinus,Vermivora chrysoptera,5,"6075A, 2665A, 6381C, 5656D, 5457D, 2371A, 4791C, 3370D, 7554A, 5655B, 3966C, 2766D, 5960D, 2177A, 7555C, 2578C, 6152D, 6452A, 4771C, 2674A, 4283A, 6067A, 5772C, 2475C, 6252C, 5659D, 3876D, 5867C, 2180B, 4779C, 2770B, 6076D, 3965B, 3769D, 5397A, 3974D, 1968C, 2967A, 2471B, 3465A, 4573B, 5375A, 3980B, 3078B, 6156C, 5070D, 6063D, 5868C, 4381C, 5070A, 6071C, 6373A, 6156D, 3465D, 5859C, 3168B, 4565A, 5859B, 5986C, 5969A, 5757B, 4871A, 5170A, 6058D, 6552A, 6553C, 3768A, 5764B, 5866C, 6057C, 6156A, 5871B, 4570A, 2072A, 4175D, 5854A, 5755B, 3769A, 5562D, 3365B",Vermivora chrysoptera x v. pinus,Vermivora chrysoptera,Vermivora chrysoptera,Vermivora chrysoptera,Vermivora chrysoptera,Vermivora chrysoptera
Vermivora peregrina,Vermivora peregrina,2,NA,Vermivora peregrina,NA,NA,NA,Vermivora peregrina,Vermivora peregrina
Vermivora pinus,Vermivora pinus,2,NA,Vermivora pinus,NA,NA,NA,Vermivora pinus,Vermivora pinus
Vermivora pinus x V. chrysoptera,Vermivora pinus,5,"3881C, 5657B, 5865D, 1768C, 5858C, 3078C, 6283C, 2271B, 2777A, 1568C, 3167B, 3677C, 3679D, 4166B, 5556B, 2869A, 2174B, 1369C, 1672A, 4590D, 3178D, 2275D, 2274A, 5556D, 5555B, 4489D, 5861D, 3579A, 3578B, 5456B, 3578A, 1878B, 3867C, 5357A, 6051B, 4578D, 1778C, 2474C, 1870B, 5669D, 2278C, 5861B, 4590C, 6279D, 5774C, 5863B, 2276B, 5757D, 2274C, 5656A, 4271A, 2374B, 2279C, 6282D, 4974D, 2177A, 4066C, 4969B, 5573C, 2773A, 3079C, 2377B, 3478D, 5672B, 4587A, 4185D, 4184C, 3875A, 3680D, 4268C, 4084D, 3570B, 6169D, 6276D, 5069D, 2573B, 2573C, 2471A, 5967A, 3981D, 2180C, 5659C, 2180D, 5396A, 3978C, 5174D, 4488D, 3965A, 5073A, 2375B, 5871B, 4677A, 3780A, 5868C, 4284C, 4588A, 6066C, 3965B, 2471B, 2572A, 4388C, 3881A, 3876D, 3177D, 2479B, 1765A, 2180A, 3680B, 4285C, 1778B, 5172B, 1977A, 4676D, 1968C, 4088A, 2774A, 3977A, 4166C, 2069B, 1766A, 1566B, 3565B, 4867C, 4766C, 1771D, 4673D, 4573B, 4277A, 2979D, 4280B, 4175A, 5172D, 5072B, 6076D, 5674D, 3269D, 3767C, 5561C, 6156C, 3072B, 5670D, 1268C, 3565C, 4470B, 5966A, 5070D, 2072A, 2676D, 2676B, 5574C, 5475B, 2080D, 4381C, 3776B, 2873A, 3881B, 4081C, 4080C, 5073D, 5070A, 4872D, 5776B, 5775B, 5876C, 2968D, 4692A, 5062D, 3870A, 5565C, 5664D, 6376C, 3578C, 5956C, 5953A, 3172D, 5771C, 4465A, 4365A, 4465C, 1067B, 4570A, 6166A, 6166C, 6167B, 4170B, 4776A, 4578C, 4174C, 5359C, 5759C, 5656B, 5757B, 4082A, 4281C, 4182A, 5271B, 3168A, 3168B, 5359B, 3769B, 3870D, 3771B, 5955B, 3465C, 6060D, 5557B, 3980B, 5071A, 5170A, 5271A, 5173D, 4771A, 4960D, 5764B, 5664C, 6055C, 5856D, 5954B, 3172A, 5671B, 4167D, 4167B, 3465B, 6160D, 5961B, 4281B, 5272A, 5173A, 5272C, 5755B, 3768A, 3769A, 5562B, 6057A, 6163A, 6162A, 5957A",Vermivora pinus x v. chrysoptera,NA,NA,NA,Vermivora pinus,Vermivora pinus
Vermivora ruficapilla,Vermivora ruficapilla,2,NA,Vermivora ruficapilla,NA,NA,NA,Vermivora ruficapilla,Vermivora ruficapilla
Vireo flavifrons,Vireo flavifrons,2,NA,Vireo flavifrons,Vireo flavifrons,Vireo flavifrons,Vireo flavifrons,Vireo flavifrons,Vireo flavifrons
Vireo gilvus,Vireo gilvus,2,NA,Vireo gilvus,Vireo gilvus,Vireo gilvus,Vireo gilvus,Vireo gilvus,Vireo gilvus
Vireo griseus,Vireo griseus,2,NA,Vireo griseus,Vireo griseus,Vireo griseus,Vireo griseus,Vireo griseus,Vireo griseus
Vireo olivaceus,Vireo olivaceus,2,NA,Vireo olivaceus,Vireo olivaceus,Vireo olivaceus,Vireo olivaceus,Vireo olivaceus,Vireo olivaceus
Vireo philadelphicus,Vireo philadelphicus,2,NA,Vireo philadelphicus,Vireo philadelphicus,Vireo philadelphicus,Vireo philadelphicus,Vireo philadelphicus,Vireo philadelphicus
Vireo solitarius,Vireo solitarius,2,NA,Vireo solitarius,Vireo solitarius,Vireo solitarius,Vireo solitarius,Vireo solitarius,Vireo solitarius
Wilsonia canadensis,Wilsonia canadensis,2,NA,Wilsonia canadensis,Wilsonia canadensis,NA,NA,Wilsonia canadensis,Wilsonia canadensis
Wilsonia citrina,Wilsonia citrina,2,NA,Wilsonia citrina,Wilsonia citrina,NA,NA,Wilsonia citrina,Wilsonia citrina
Wilsonia pusilla,Wilsonia pusilla,2,NA,Wilsonia pusilla,Wilsonia pusilla,NA,NA,Wilsonia pusilla,Wilsonia pusilla
Zenaida macroura,Zenaida macroura,2,NA,Zenaida macroura,Zenaida macroura,Zenaida macroura,Zenaida macroura,Zenaida macroura,Zenaida macroura
Zonotrichia albicollis,Zonotrichia albicollis,2,NA,Zonotrichia albicollis,Zonotrichia albicollis,Zonotrichia albicollis,Zonotrichia albicollis,Zonotrichia albicollis,Zonotrichia albicollis
