original_verbatim_name,name_in_data,wordCount,cellID,submitted_name,Birds of the World,eBird/Clements,American Ornithological Society,GBIF,BirdLife
Accipiter gentilis,Accipiter gentilis,2,NA,Accipiter gentilis,Accipiter gentilis,Accipiter gentilis,Accipiter gentilis,Accipiter gentilis,Accipiter gentilis
Accipiter gularis,Accipiter gularis,2,NA,Accipiter gularis,Accipiter gularis,Accipiter gularis,NA,Accipiter gularis,Accipiter gularis
Accipiter nisus,Accipiter nisus,2,NA,Accipiter nisus,Accipiter nisus,Accipiter nisus,NA,Accipiter nisus,Accipiter nisus
Acridotheres cristatellus,Acridotheres cristatellus,2,NA,Acridotheres cristatellus,Acridotheres cristatellus,Acridotheres cristatellus,NA,Acridotheres cristatellus,Acridotheres cristatellus
Acridotheres tristis,Acridotheres tristis,2,NA,Acridotheres tristis,Acridotheres tristis,Acridotheres tristis,Acridotheres tristis,Acridotheres tristis,Acridotheres tristis
Acrocephalus bistrigiceps,Acrocephalus bistrigiceps,2,NA,Acrocephalus bistrigiceps,Acrocephalus bistrigiceps,Acrocephalus bistrigiceps,NA,Acrocephalus bistrigiceps,Acrocephalus bistrigiceps
Acrocephalus orientalis,Acrocephalus orientalis,2,NA,Acrocephalus orientalis,Acrocephalus orientalis,Acrocephalus orientalis,NA,Acrocephalus orientalis,Acrocephalus orientalis
Actitis hypoleucos,Actitis hypoleucos,2,NA,Actitis hypoleucos,Actitis hypoleucos,Actitis hypoleucos,Actitis hypoleucos,Actitis hypoleucos,Actitis hypoleucos
Aegithalos caudatus,Aegithalos caudatus,2,NA,Aegithalos caudatus,Aegithalos caudatus,Aegithalos caudatus,NA,Aegithalos caudatus,Aegithalos caudatus
Agropsar philippensis,Agropsar philippensis,2,NA,Agropsar philippensis,Agropsar philippensis,Agropsar philippensis,NA,Agropsar philippensis,NA
Aix galericulata,Aix galericulata,2,NA,Aix galericulata,Aix galericulata,Aix galericulata,NA,Aix galericulata,Aix galericulata
Alauda arvensis,Alauda arvensis,2,NA,Alauda arvensis,Alauda arvensis,Alauda arvensis,Alauda arvensis,Alauda arvensis,Alauda arvensis
Alcedo atthis,Alcedo atthis,2,NA,Alcedo atthis,Alcedo atthis,Alcedo atthis,NA,Alcedo atthis,Alcedo atthis
Amaurornis phoenicurus,Amaurornis phoenicurus,2,NA,Amaurornis phoenicurus,Amaurornis phoenicurus,Amaurornis phoenicurus,NA,Amaurornis phoenicurus,Amaurornis phoenicurus
Anas clypeata,Anas clypeata,2,NA,Anas clypeata,Anas clypeata,NA,NA,Anas clypeata,Anas clypeata
Anas crecca,Anas crecca,2,NA,Anas crecca,Anas crecca,Anas crecca,Anas crecca,Anas crecca,Anas crecca
Anas falcata,Anas falcata,2,NA,Anas falcata,Anas falcata,NA,NA,Anas falcata,Anas falcata
Anas platyrhynchos,Anas platyrhynchos,2,NA,Anas platyrhynchos,Anas platyrhynchos,Anas platyrhynchos,Anas platyrhynchos,Anas platyrhynchos,Anas platyrhynchos
Anas strepera,Anas strepera,2,NA,Anas strepera,Anas strepera,NA,NA,Anas strepera,Anas strepera
Anas zonorhyncha,Anas zonorhyncha,2,NA,Anas zonorhyncha,Anas zonorhyncha,Anas zonorhyncha,Anas zonorhyncha,Anas zonorhyncha,Anas zonorhyncha
Anous stolidus,Anous stolidus,2,NA,Anous stolidus,Anous stolidus,Anous stolidus,Anous stolidus,Anous stolidus,Anous stolidus
Anthus hodgsoni,Anthus hodgsoni,2,NA,Anthus hodgsoni,Anthus hodgsoni,Anthus hodgsoni,Anthus hodgsoni,Anthus hodgsoni,Anthus hodgsoni
Apalopteron familiare,Apalopteron familiare,2,NA,Apalopteron familiare,Apalopteron familiare,Apalopteron familiare,NA,Apalopteron familiare,Apalopteron familiare
Apus nipalensis,Apus nipalensis,2,NA,Apus nipalensis,Apus nipalensis,Apus nipalensis,NA,Apus nipalensis,Apus nipalensis
Apus pacificus,Apus pacificus,2,NA,Apus pacificus,Apus pacificus,Apus pacificus,Apus pacificus,Apus pacificus,Apus pacificus
Ardea alba,Ardea alba,2,NA,Ardea alba,Ardea alba,Ardea alba,Ardea alba,Ardea alba,Ardea alba
Ardea cinerea,Ardea cinerea,2,NA,Ardea cinerea,Ardea cinerea,Ardea cinerea,Ardea cinerea,Ardea cinerea,Ardea cinerea
Ardea purpurea,Ardea purpurea,2,NA,Ardea purpurea,Ardea purpurea,Ardea purpurea,Ardea purpurea,Ardea purpurea,Ardea purpurea
Ardeola bacchus,Ardeola bacchus,2,NA,Ardeola bacchus,Ardeola bacchus,Ardeola bacchus,Ardeola bacchus,Ardeola bacchus,Ardeola bacchus
Asio otus,Asio otus,2,NA,Asio otus,Asio otus,Asio otus,Asio otus,Asio otus,Asio otus
Aythya ferina,Aythya ferina,2,NA,Aythya ferina,Aythya ferina,Aythya ferina,Aythya ferina,Aythya ferina,Aythya ferina
Aythya fuligula,Aythya fuligula,2,NA,Aythya fuligula,Aythya fuligula,Aythya fuligula,Aythya fuligula,Aythya fuligula,Aythya fuligula
Bambusicola thoracicus,Bambusicola thoracicus,2,NA,Bambusicola thoracicus,Bambusicola thoracicus,Bambusicola thoracicus,NA,Bambusicola thoracicus,Bambusicola thoracicus
Botaurus stellaris,Botaurus stellaris,2,NA,Botaurus stellaris,Botaurus stellaris,Botaurus stellaris,NA,Botaurus stellaris,Botaurus stellaris
Bubulcus ibis,Bubulcus ibis,2,NA,Bubulcus ibis,Bubulcus ibis,Bubulcus ibis,Bubulcus ibis,Bubulcus ibis,Bubulcus ibis
Butastur indicus,Butastur indicus,2,NA,Butastur indicus,Butastur indicus,Butastur indicus,NA,Butastur indicus,Butastur indicus
Buteo buteo,Buteo buteo,2,NA,Buteo buteo,Buteo buteo,Buteo buteo,NA,Buteo buteo,Buteo buteo
Butorides striata,Butorides striata,2,NA,Butorides striata,Butorides striata,Butorides striata,Butorides striata,Butorides striata,Butorides striata
Calonectris leucomelas,Calonectris leucomelas,2,NA,Calonectris leucomelas,Calonectris leucomelas,Calonectris leucomelas,Calonectris leucomelas,Calonectris leucomelas,Calonectris leucomelas
Caprimulgus indicus,Caprimulgus indicus,2,NA,Caprimulgus indicus,Caprimulgus indicus,Caprimulgus indicus,NA,Caprimulgus indicus,Caprimulgus indicus
Carduelis spinus,Carduelis spinus,2,NA,Carduelis spinus,Carduelis spinus,NA,NA,Carduelis spinus,Carduelis spinus
Cepphus carbo,Cepphus carbo,2,NA,Cepphus carbo,Cepphus carbo,Cepphus carbo,NA,Cepphus carbo,Cepphus carbo
Cerorhinca monocerata,Cerorhinca monocerata,2,NA,Cerorhinca monocerata,Cerorhinca monocerata,Cerorhinca monocerata,Cerorhinca monocerata,Cerorhinca monocerata,Cerorhinca monocerata
Certhia familiaris,Certhia familiaris,2,NA,Certhia familiaris,Certhia familiaris,Certhia familiaris,NA,Certhia familiaris,Certhia familiaris
Cettia diphone,Cettia diphone,2,NA,Cettia diphone,Cettia diphone,NA,NA,Cettia diphone,Cettia diphone
Chalcophaps indica,Chalcophaps indica,2,NA,Chalcophaps indica,Chalcophaps indica,Chalcophaps indica,NA,Chalcophaps indica,Chalcophaps indica
Charadrius alexandrinus,Charadrius alexandrinus,2,NA,Charadrius alexandrinus,Charadrius alexandrinus,Charadrius alexandrinus,NA,Charadrius alexandrinus,Charadrius alexandrinus
Charadrius dubius,Charadrius dubius,2,NA,Charadrius dubius,Charadrius dubius,Charadrius dubius,Charadrius dubius,Charadrius dubius,Charadrius dubius
Charadrius placidus,Charadrius placidus,2,NA,Charadrius placidus,Charadrius placidus,Charadrius placidus,NA,Charadrius placidus,Charadrius placidus
Chloris sinica,Chloris sinica,2,NA,Chloris sinica,Chloris sinica,Chloris sinica,Chloris sinica,Chloris sinica,NA
Ciconia boyciana,Ciconia boyciana,2,NA,Ciconia boyciana,Ciconia boyciana,Ciconia boyciana,NA,Ciconia boyciana,Ciconia boyciana
Cinclus pallasii,Cinclus pallasii,2,NA,Cinclus pallasii,Cinclus pallasii,Cinclus pallasii,NA,Cinclus pallasii,Cinclus pallasii
Circus spilonotus,Circus spilonotus,2,NA,Circus spilonotus,Circus spilonotus,Circus spilonotus,NA,Circus spilonotus,Circus spilonotus
Cisticola juncidis,Cisticola juncidis,2,NA,Cisticola juncidis,Cisticola juncidis,Cisticola juncidis,NA,Cisticola juncidis,Cisticola juncidis
Coccothraustes coccothraustes,Coccothraustes coccothraustes,2,NA,Coccothraustes coccothraustes,Coccothraustes coccothraustes,Coccothraustes coccothraustes,Coccothraustes coccothraustes,Coccothraustes coccothraustes,Coccothraustes coccothraustes
Columba janthina,Columba janthina,2,NA,Columba janthina,Columba janthina,Columba janthina,NA,Columba janthina,Columba janthina
Columba livia,Columba livia,2,NA,Columba livia,Columba livia,Columba livia,Columba livia,Columba livia,Columba livia
Corvus corone,Corvus corone,2,NA,Corvus corone,Corvus corone,Corvus corone,NA,Corvus corone,Corvus corone
Corvus macrorhynchos,Corvus macrorhynchos,2,NA,Corvus macrorhynchos,Corvus macrorhynchos,Corvus macrorhynchos,NA,Corvus macrorhynchos,Corvus macrorhynchos
Cuculus canorus,Cuculus canorus,2,NA,Cuculus canorus,Cuculus canorus,Cuculus canorus,Cuculus canorus,Cuculus canorus,Cuculus canorus
Cuculus micropterus,Cuculus micropterus,2,NA,Cuculus micropterus,Cuculus micropterus,Cuculus micropterus,NA,Cuculus micropterus,Cuculus micropterus
Cuculus optatus,Cuculus optatus,2,NA,Cuculus optatus,Cuculus optatus,Cuculus optatus,Cuculus optatus,Cuculus optatus,Cuculus optatus
Cuculus poliocephalus,Cuculus poliocephalus,2,NA,Cuculus poliocephalus,Cuculus poliocephalus,Cuculus poliocephalus,NA,Cuculus poliocephalus,Cuculus poliocephalus
Cyanopica cyanus,Cyanopica cyanus,2,NA,Cyanopica cyanus,Cyanopica cyanus,Cyanopica cyanus,NA,Cyanopica cyanus,Cyanopica cyanus
Cyanoptila cyanomelana,Cyanoptila cyanomelana,2,NA,Cyanoptila cyanomelana,Cyanoptila cyanomelana,Cyanoptila cyanomelana,NA,Cyanoptila cyanomelana,Cyanoptila cyanomelana
Cygnus olor,Cygnus olor,2,NA,Cygnus olor,Cygnus olor,Cygnus olor,Cygnus olor,Cygnus olor,Cygnus olor
Delichon dasypus,Delichon dasypus,2,NA,Delichon dasypus,Delichon dasypus,Delichon dasypus,NA,Delichon dasypus,Delichon dasypus
Dendrocopos kizuki,Dendrocopos kizuki,2,NA,Dendrocopos kizuki,Dendrocopos kizuki,NA,NA,Dendrocopos kizuki,Dendrocopos kizuki
Dendrocopos leucotos,Dendrocopos leucotos,2,NA,Dendrocopos leucotos,Dendrocopos leucotos,Dendrocopos leucotos,NA,Dendrocopos leucotos,Dendrocopos leucotos
Dendrocopos major,Dendrocopos major,2,NA,Dendrocopos major,Dendrocopos major,Dendrocopos major,Dendrocopos major,Dendrocopos major,Dendrocopos major
Dendrocopos minor,Dendrocopos minor,2,NA,Dendrocopos minor,Dendrocopos minor,NA,NA,Dendrocopos minor,Dendrocopos minor
Dryocopus martius,Dryocopus martius,2,NA,Dryocopus martius,Dryocopus martius,Dryocopus martius,NA,Dryocopus martius,Dryocopus martius
Egretta garzetta,Egretta garzetta,2,NA,Egretta garzetta,Egretta garzetta,Egretta garzetta,Egretta garzetta,Egretta garzetta,Egretta garzetta
Egretta intermedia,Egretta intermedia,2,NA,Egretta intermedia,Egretta intermedia,NA,NA,Egretta intermedia,NA
Egretta sacra,Egretta sacra,2,NA,Egretta sacra,Egretta sacra,Egretta sacra,NA,Egretta sacra,Egretta sacra
Emberiza aureola,Emberiza aureola,2,NA,Emberiza aureola,Emberiza aureola,Emberiza aureola,Emberiza aureola,Emberiza aureola,Emberiza aureola
Emberiza cioides,Emberiza cioides,2,NA,Emberiza cioides,Emberiza cioides,Emberiza cioides,NA,Emberiza cioides,Emberiza cioides
Emberiza elegans,Emberiza elegans,2,NA,Emberiza elegans,Emberiza elegans,Emberiza elegans,Emberiza elegans,Emberiza elegans,Emberiza elegans
Emberiza fucata,Emberiza fucata,2,NA,Emberiza fucata,Emberiza fucata,Emberiza fucata,NA,Emberiza fucata,Emberiza fucata
Emberiza schoeniclus,Emberiza schoeniclus,2,NA,Emberiza schoeniclus,Emberiza schoeniclus,Emberiza schoeniclus,Emberiza schoeniclus,Emberiza schoeniclus,Emberiza schoeniclus
Emberiza spodocephala,Emberiza spodocephala,2,NA,Emberiza spodocephala,Emberiza spodocephala,Emberiza spodocephala,NA,Emberiza spodocephala,Emberiza spodocephala
Emberiza sulphurata,Emberiza sulphurata,2,NA,Emberiza sulphurata,Emberiza sulphurata,Emberiza sulphurata,NA,Emberiza sulphurata,Emberiza sulphurata
Emberiza variabilis,Emberiza variabilis,2,NA,Emberiza variabilis,Emberiza variabilis,Emberiza variabilis,Emberiza variabilis,Emberiza variabilis,Emberiza variabilis
Emberiza yessoensis,Emberiza yessoensis,2,NA,Emberiza yessoensis,Emberiza yessoensis,Emberiza yessoensis,NA,Emberiza yessoensis,Emberiza yessoensis
Eophona migratoria,Eophona migratoria,2,NA,Eophona migratoria,Eophona migratoria,Eophona migratoria,NA,Eophona migratoria,Eophona migratoria
Eophona personata,Eophona personata,2,NA,Eophona personata,Eophona personata,Eophona personata,NA,Eophona personata,Eophona personata
Eudynamys scolopaceus,Eudynamys scolopaceus,2,NA,Eudynamys scolopaceus,Eudynamys scolopaceus,Eudynamys scolopaceus,NA,Eudynamys scolopaceus,Eudynamys scolopaceus
Eurystomus orientalis,Eurystomus orientalis,2,NA,Eurystomus orientalis,Eurystomus orientalis,Eurystomus orientalis,NA,Eurystomus orientalis,Eurystomus orientalis
Falco peregrinus,Falco peregrinus,2,NA,Falco peregrinus,Falco peregrinus,Falco peregrinus,Falco peregrinus,Falco peregrinus,Falco peregrinus
Falco subbuteo,Falco subbuteo,2,NA,Falco subbuteo,Falco subbuteo,Falco subbuteo,Falco subbuteo,Falco subbuteo,Falco subbuteo
Falco tinnunculus,Falco tinnunculus,2,NA,Falco tinnunculus,Falco tinnunculus,Falco tinnunculus,Falco tinnunculus,Falco tinnunculus,Falco tinnunculus
Ficedula narcissina,Ficedula narcissina,2,NA,Ficedula narcissina,Ficedula narcissina,Ficedula narcissina,Ficedula narcissina,Ficedula narcissina,Ficedula narcissina
Fulica atra,Fulica atra,2,NA,Fulica atra,Fulica atra,Fulica atra,Fulica atra,Fulica atra,Fulica atra
Gallinago hardwickii,Gallinago hardwickii,2,NA,Gallinago hardwickii,Gallinago hardwickii,Gallinago hardwickii,NA,Gallinago hardwickii,Gallinago hardwickii
Gallinula chloropus,Gallinula chloropus,2,NA,Gallinula chloropus,Gallinula chloropus,Gallinula chloropus,Gallinula chloropus,Gallinula chloropus,Gallinula chloropus
Gallirallus okinawae,Gallirallus okinawae,2,NA,Gallirallus okinawae,Gallirallus okinawae,Gallirallus okinawae,NA,Gallirallus okinawae,Gallirallus okinawae
Garrulax canorus,Garrulax canorus,2,NA,Garrulax canorus,Garrulax canorus,Garrulax canorus,Garrulax canorus,Garrulax canorus,Garrulax canorus
Garrulax cineraceus,Garrulax cineraceus,2,NA,Garrulax cineraceus,Garrulax cineraceus,NA,NA,Garrulax cineraceus,Garrulax cineraceus
Garrulax sannio,Garrulax sannio,2,NA,Garrulax sannio,Garrulax sannio,NA,NA,Garrulax sannio,Garrulax sannio
Garrulus glandarius,Garrulus glandarius,2,NA,Garrulus glandarius,Garrulus glandarius,Garrulus glandarius,NA,Garrulus glandarius,Garrulus glandarius
Garrulus lidthi,Garrulus lidthi,2,NA,Garrulus lidthi,Garrulus lidthi,Garrulus lidthi,NA,Garrulus lidthi,Garrulus lidthi
Glareola maldivarum,Glareola maldivarum,2,NA,Glareola maldivarum,Glareola maldivarum,Glareola maldivarum,Glareola maldivarum,Glareola maldivarum,Glareola maldivarum
Gorsachius goisagi,Gorsachius goisagi,2,NA,Gorsachius goisagi,Gorsachius goisagi,Gorsachius goisagi,NA,Gorsachius goisagi,Gorsachius goisagi
Gorsachius melanolophus,Gorsachius melanolophus,2,NA,Gorsachius melanolophus,Gorsachius melanolophus,Gorsachius melanolophus,NA,Gorsachius melanolophus,Gorsachius melanolophus
Grus japonensis,Grus japonensis,2,NA,Grus japonensis,Grus japonensis,Grus japonensis,NA,Grus japonensis,Grus japonensis
Halcyon coromanda,Halcyon coromanda,2,NA,Halcyon coromanda,Halcyon coromanda,Halcyon coromanda,NA,Halcyon coromanda,Halcyon coromanda
Haliaeetus albicilla,Haliaeetus albicilla,2,NA,Haliaeetus albicilla,Haliaeetus albicilla,Haliaeetus albicilla,Haliaeetus albicilla,Haliaeetus albicilla,Haliaeetus albicilla
Hierococcyx hyperythrus,Hierococcyx hyperythrus,2,NA,Hierococcyx hyperythrus,Hierococcyx hyperythrus,Hierococcyx hyperythrus,NA,Hierococcyx hyperythrus,Hierococcyx hyperythrus
Himantopus himantopus,Himantopus himantopus,2,NA,Himantopus himantopus,Himantopus himantopus,Himantopus himantopus,Himantopus himantopus,Himantopus himantopus,Himantopus himantopus
Hirundapus caudacutus,Hirundapus caudacutus,2,NA,Hirundapus caudacutus,Hirundapus caudacutus,Hirundapus caudacutus,Hirundapus caudacutus,Hirundapus caudacutus,Hirundapus caudacutus
Hirundo daurica,Hirundo daurica,2,NA,Hirundo daurica,NA,NA,NA,Hirundo daurica,Hirundo daurica
Hirundo rustica,Hirundo rustica,2,NA,Hirundo rustica,Hirundo rustica,Hirundo rustica,Hirundo rustica,Hirundo rustica,Hirundo rustica
Hirundo tahitica,Hirundo tahitica,2,NA,Hirundo tahitica,Hirundo tahitica,Hirundo tahitica,NA,Hirundo tahitica,Hirundo tahitica
Histrionicus histrionicus,Histrionicus histrionicus,2,NA,Histrionicus histrionicus,Histrionicus histrionicus,Histrionicus histrionicus,Histrionicus histrionicus,Histrionicus histrionicus,Histrionicus histrionicus
Hypsipetes amaurotis,Hypsipetes amaurotis,2,NA,Hypsipetes amaurotis,Hypsipetes amaurotis,Hypsipetes amaurotis,NA,Hypsipetes amaurotis,NA
Ixobrychus cinnamomeus,Ixobrychus cinnamomeus,2,NA,Ixobrychus cinnamomeus,Ixobrychus cinnamomeus,Ixobrychus cinnamomeus,NA,Ixobrychus cinnamomeus,Ixobrychus cinnamomeus
Ixobrychus sinensis,Ixobrychus sinensis,2,NA,Ixobrychus sinensis,Ixobrychus sinensis,Ixobrychus sinensis,Ixobrychus sinensis,Ixobrychus sinensis,Ixobrychus sinensis
Jynx torquilla,Jynx torquilla,2,NA,Jynx torquilla,Jynx torquilla,Jynx torquilla,Jynx torquilla,Jynx torquilla,Jynx torquilla
Lagopus muta,Lagopus muta,2,NA,Lagopus muta,Lagopus muta,Lagopus muta,Lagopus muta,Lagopus muta,Lagopus muta
Lanius bucephalus,Lanius bucephalus,2,NA,Lanius bucephalus,Lanius bucephalus,Lanius bucephalus,NA,Lanius bucephalus,Lanius bucephalus
Lanius cristatus,Lanius cristatus,2,NA,Lanius cristatus,Lanius cristatus,Lanius cristatus,Lanius cristatus,Lanius cristatus,Lanius cristatus
Lanius tigrinus,Lanius tigrinus,2,NA,Lanius tigrinus,Lanius tigrinus,Lanius tigrinus,NA,Lanius tigrinus,Lanius tigrinus
Larus crassirostris,Larus crassirostris,2,NA,Larus crassirostris,Larus crassirostris,Larus crassirostris,Larus crassirostris,Larus crassirostris,Larus crassirostris
Larus schistisagus,Larus schistisagus,2,NA,Larus schistisagus,Larus schistisagus,Larus schistisagus,Larus schistisagus,Larus schistisagus,Larus schistisagus
Leiothrix lutea,Leiothrix lutea,2,NA,Leiothrix lutea,Leiothrix lutea,Leiothrix lutea,Leiothrix lutea,Leiothrix lutea,Leiothrix lutea
Locustella fasciolata,Locustella fasciolata,2,NA,Locustella fasciolata,Locustella fasciolata,NA,NA,Locustella fasciolata,Locustella fasciolata
Locustella lanceolata,Locustella lanceolata,2,NA,Locustella lanceolata,Locustella lanceolata,Locustella lanceolata,Locustella lanceolata,Locustella lanceolata,Locustella lanceolata
Locustella ochotensis,Locustella ochotensis,2,NA,Locustella ochotensis,Locustella ochotensis,NA,Locustella ochotensis,Locustella ochotensis,Locustella ochotensis
Locustella pleskei,Locustella pleskei,2,NA,Locustella pleskei,Locustella pleskei,NA,NA,Locustella pleskei,Locustella pleskei
Locustella pryeri,Locustella pryeri,2,NA,Locustella pryeri,Locustella pryeri,NA,NA,Locustella pryeri,Locustella pryeri
Lonchura atricapilla,Lonchura atricapilla,2,NA,Lonchura atricapilla,Lonchura atricapilla,Lonchura atricapilla,Lonchura atricapilla,Lonchura atricapilla,Lonchura atricapilla
Lonchura malacca,Lonchura malacca,2,NA,Lonchura malacca,Lonchura malacca,Lonchura malacca,Lonchura malacca,Lonchura malacca,Lonchura malacca
Lonchura punctulata,Lonchura punctulata,2,NA,Lonchura punctulata,Lonchura punctulata,Lonchura punctulata,Lonchura punctulata,Lonchura punctulata,Lonchura punctulata
Lonchura striata,Lonchura striata,2,NA,Lonchura striata,Lonchura striata,Lonchura striata,NA,Lonchura striata,Lonchura striata
Loxia curvirostra,Loxia curvirostra,2,NA,Loxia curvirostra,Loxia curvirostra,Loxia curvirostra,Loxia curvirostra,Loxia curvirostra,Loxia curvirostra
Luscinia akahige,Luscinia akahige,2,NA,Luscinia akahige,NA,NA,NA,Luscinia akahige,NA
Luscinia calliope,Luscinia calliope,2,NA,Luscinia calliope,Luscinia calliope,NA,NA,Luscinia calliope,Luscinia calliope
Luscinia cyane,Luscinia cyane,2,NA,Luscinia cyane,Luscinia cyane,NA,NA,Luscinia cyane,Luscinia cyane
Luscinia komadori,Luscinia komadori,2,NA,Luscinia komadori,NA,NA,NA,Luscinia komadori,NA
Megaceryle lugubris,Megaceryle lugubris,2,NA,Megaceryle lugubris,Megaceryle lugubris,Megaceryle lugubris,NA,Megaceryle lugubris,Megaceryle lugubris
Melopsittacus undulatus,Melopsittacus undulatus,2,NA,Melopsittacus undulatus,Melopsittacus undulatus,Melopsittacus undulatus,NA,Melopsittacus undulatus,Melopsittacus undulatus
Mergus merganser,Mergus merganser,2,NA,Mergus merganser,Mergus merganser,Mergus merganser,Mergus merganser,Mergus merganser,Mergus merganser
Milvus migrans,Milvus migrans,2,NA,Milvus migrans,Milvus migrans,Milvus migrans,Milvus migrans,Milvus migrans,Milvus migrans
Monticola solitarius,Monticola solitarius,2,NA,Monticola solitarius,Monticola solitarius,Monticola solitarius,NA,Monticola solitarius,Monticola solitarius
Motacilla alba,Motacilla alba,2,NA,Motacilla alba,Motacilla alba,Motacilla alba,Motacilla alba,Motacilla alba,Motacilla alba
Motacilla cinerea,Motacilla cinerea,2,NA,Motacilla cinerea,Motacilla cinerea,Motacilla cinerea,Motacilla cinerea,Motacilla cinerea,Motacilla cinerea
Motacilla flava,Motacilla flava,2,NA,Motacilla flava,Motacilla flava,Motacilla flava,NA,Motacilla flava,Motacilla flava
Motacilla grandis,Motacilla grandis,2,NA,Motacilla grandis,Motacilla grandis,Motacilla grandis,NA,Motacilla grandis,Motacilla grandis
Muscicapa dauurica,Muscicapa dauurica,2,NA,Muscicapa dauurica,Muscicapa dauurica,Muscicapa dauurica,Muscicapa dauurica,Muscicapa dauurica,Muscicapa dauurica
Muscicapa sibirica,Muscicapa sibirica,2,NA,Muscicapa sibirica,Muscicapa sibirica,Muscicapa sibirica,Muscicapa sibirica,Muscicapa sibirica,Muscicapa sibirica
Ninox scutulata,Ninox scutulata,2,NA,Ninox scutulata,Ninox scutulata,Ninox scutulata,NA,Ninox scutulata,Ninox scutulata
Nipponia nippon,Nipponia nippon,2,NA,Nipponia nippon,Nipponia nippon,Nipponia nippon,NA,Nipponia nippon,Nipponia nippon
Nisaetus nipalensis,Nisaetus nipalensis,2,NA,Nisaetus nipalensis,Nisaetus nipalensis,Nisaetus nipalensis,NA,Nisaetus nipalensis,Nisaetus nipalensis
Nucifraga caryocatactes,Nucifraga caryocatactes,2,NA,Nucifraga caryocatactes,Nucifraga caryocatactes,Nucifraga caryocatactes,NA,Nucifraga caryocatactes,Nucifraga caryocatactes
Nycticorax nycticorax,Nycticorax nycticorax,2,NA,Nycticorax nycticorax,Nycticorax nycticorax,Nycticorax nycticorax,Nycticorax nycticorax,Nycticorax nycticorax,Nycticorax nycticorax
Oceanodroma leucorhoa,Oceanodroma leucorhoa,2,NA,Oceanodroma leucorhoa,Oceanodroma leucorhoa,NA,NA,Oceanodroma leucorhoa,Oceanodroma leucorhoa
Otus elegans,Otus elegans,2,NA,Otus elegans,Otus elegans,Otus elegans,NA,Otus elegans,Otus elegans
Otus lempiji,Otus lempiji,2,NA,Otus lempiji,Otus lempiji,Otus lempiji,NA,Otus lempiji,Otus lempiji
Otus sunia,Otus sunia,2,NA,Otus sunia,Otus sunia,Otus sunia,Otus sunia,Otus sunia,Otus sunia
Pandion haliaetus,Pandion haliaetus,2,NA,Pandion haliaetus,Pandion haliaetus,Pandion haliaetus,Pandion haliaetus,Pandion haliaetus,Pandion haliaetus
Parus minor,Parus minor,2,NA,Parus minor,Parus minor,Parus minor,NA,Parus minor,Parus minor
Passer montanus,Passer montanus,2,NA,Passer montanus,Passer montanus,Passer montanus,Passer montanus,Passer montanus,Passer montanus
Passer rutilans,Passer rutilans,2,NA,Passer rutilans,Passer rutilans,NA,NA,Passer rutilans,Passer rutilans
Pavo cristatus,Pavo cristatus,2,NA,Pavo cristatus,Pavo cristatus,Pavo cristatus,Pavo cristatus,Pavo cristatus,Pavo cristatus
Pericrocotus divaricatus,Pericrocotus divaricatus,2,NA,Pericrocotus divaricatus,Pericrocotus divaricatus,Pericrocotus divaricatus,NA,Pericrocotus divaricatus,Pericrocotus divaricatus
Periparus ater,Periparus ater,2,NA,Periparus ater,Periparus ater,Periparus ater,NA,Periparus ater,NA
Pernis ptilorhynchus,Pernis ptilorhynchus,2,NA,Pernis ptilorhynchus,Pernis ptilorhynchus,Pernis ptilorhynchus,NA,Pernis ptilorhynchus,Pernis ptilorhynchus
Phalacrocorax capillatus,Phalacrocorax capillatus,2,NA,Phalacrocorax capillatus,Phalacrocorax capillatus,Phalacrocorax capillatus,NA,Phalacrocorax capillatus,Phalacrocorax capillatus
Phalacrocorax carbo,Phalacrocorax carbo,2,NA,Phalacrocorax carbo,Phalacrocorax carbo,Phalacrocorax carbo,Phalacrocorax carbo,Phalacrocorax carbo,Phalacrocorax carbo
Phalacrocorax pelagicus,Phalacrocorax pelagicus,2,NA,Phalacrocorax pelagicus,Phalacrocorax pelagicus,NA,Phalacrocorax pelagicus,Phalacrocorax pelagicus,Phalacrocorax pelagicus
Phalacrocorax urile,Phalacrocorax urile,2,NA,Phalacrocorax urile,Phalacrocorax urile,NA,Phalacrocorax urile,Phalacrocorax urile,Phalacrocorax urile
Phasianus colchicus,Phasianus colchicus,2,NA,Phasianus colchicus,Phasianus colchicus,Phasianus colchicus,Phasianus colchicus,Phasianus colchicus,Phasianus colchicus
Phoenicurus auroreus,Phoenicurus auroreus,2,NA,Phoenicurus auroreus,Phoenicurus auroreus,Phoenicurus auroreus,NA,Phoenicurus auroreus,Phoenicurus auroreus
Phylloscopus borealoides,Phylloscopus borealoides,2,NA,Phylloscopus borealoides,Phylloscopus borealoides,Phylloscopus borealoides,NA,Phylloscopus borealoides,Phylloscopus borealoides
Phylloscopus coronatus,Phylloscopus coronatus,2,NA,Phylloscopus coronatus,Phylloscopus coronatus,Phylloscopus coronatus,NA,Phylloscopus coronatus,Phylloscopus coronatus
Phylloscopus examinandus,Phylloscopus examinandus,2,NA,Phylloscopus examinandus,Phylloscopus examinandus,Phylloscopus examinandus,Phylloscopus examinandus,Phylloscopus examinandus,NA
Phylloscopus ijimae,Phylloscopus ijimae,2,NA,Phylloscopus ijimae,Phylloscopus ijimae,Phylloscopus ijimae,NA,Phylloscopus ijimae,Phylloscopus ijimae
Phylloscopus xanthodryas,Phylloscopus xanthodryas,2,NA,Phylloscopus xanthodryas,Phylloscopus xanthodryas,Phylloscopus xanthodryas,NA,Phylloscopus xanthodryas,Phylloscopus xanthodryas
Pica pica,Pica pica,2,NA,Pica pica,Pica pica,Pica pica,NA,Pica pica,Pica pica
Picus awokera,Picus awokera,2,NA,Picus awokera,Picus awokera,Picus awokera,NA,Picus awokera,Picus awokera
Picus canus,Picus canus,2,NA,Picus canus,Picus canus,Picus canus,NA,Picus canus,Picus canus
Pinicola enucleator,Pinicola enucleator,2,NA,Pinicola enucleator,Pinicola enucleator,Pinicola enucleator,Pinicola enucleator,Pinicola enucleator,Pinicola enucleator
Pitta nympha,Pitta nympha,2,NA,Pitta nympha,Pitta nympha,Pitta nympha,NA,Pitta nympha,Pitta nympha
Podiceps cristatus,Podiceps cristatus,2,NA,Podiceps cristatus,Podiceps cristatus,Podiceps cristatus,NA,Podiceps cristatus,Podiceps cristatus
Podiceps grisegena,Podiceps grisegena,2,NA,Podiceps grisegena,Podiceps grisegena,Podiceps grisegena,Podiceps grisegena,Podiceps grisegena,Podiceps grisegena
Poecile montanus,Poecile montanus,2,NA,Poecile montanus,Poecile montanus,Poecile montanus,NA,Poecile montanus,NA
Poecile palustris,Poecile palustris,2,NA,Poecile palustris,Poecile palustris,Poecile palustris,NA,Poecile palustris,NA
Poecile varius,Poecile varius,2,NA,Poecile varius,Poecile varius,NA,NA,Poecile varius,NA
Porzana fusca,Porzana fusca,2,NA,Porzana fusca,Porzana fusca,NA,NA,Porzana fusca,Porzana fusca
Prunella collaris,Prunella collaris,2,NA,Prunella collaris,Prunella collaris,Prunella collaris,NA,Prunella collaris,Prunella collaris
Prunella rubida,Prunella rubida,2,NA,Prunella rubida,Prunella rubida,Prunella rubida,NA,Prunella rubida,Prunella rubida
Psittacula krameri,Psittacula krameri,2,NA,Psittacula krameri,Psittacula krameri,Psittacula krameri,Psittacula krameri,Psittacula krameri,Psittacula krameri
Pycnonotus sinensis,Pycnonotus sinensis,2,NA,Pycnonotus sinensis,Pycnonotus sinensis,Pycnonotus sinensis,NA,Pycnonotus sinensis,Pycnonotus sinensis
Pyrrhula pyrrhula,Pyrrhula pyrrhula,2,NA,Pyrrhula pyrrhula,Pyrrhula pyrrhula,Pyrrhula pyrrhula,Pyrrhula pyrrhula,Pyrrhula pyrrhula,Pyrrhula pyrrhula
Rallina eurizonoides,Rallina eurizonoides,2,NA,Rallina eurizonoides,Rallina eurizonoides,Rallina eurizonoides,NA,Rallina eurizonoides,Rallina eurizonoides
Rallus aquaticus,Rallus aquaticus,2,NA,Rallus aquaticus,Rallus aquaticus,Rallus aquaticus,Rallus aquaticus,Rallus aquaticus,Rallus aquaticus
Regulus regulus,Regulus regulus,2,NA,Regulus regulus,Regulus regulus,Regulus regulus,NA,Regulus regulus,Regulus regulus
Riparia riparia,Riparia riparia,2,NA,Riparia riparia,Riparia riparia,Riparia riparia,Riparia riparia,Riparia riparia,Riparia riparia
Rostratula benghalensis,Rostratula benghalensis,2,NA,Rostratula benghalensis,Rostratula benghalensis,Rostratula benghalensis,NA,Rostratula benghalensis,Rostratula benghalensis
Sapheopipo noguchii,Sapheopipo noguchii,2,NA,Sapheopipo noguchii,Sapheopipo noguchii,NA,NA,Sapheopipo noguchii,Sapheopipo noguchii
Saxicola torquatus,Saxicola torquatus,2,NA,Saxicola torquatus,Saxicola torquatus,Saxicola torquatus,Saxicola torquatus,Saxicola torquatus,Saxicola torquatus
Scolopax mira,Scolopax mira,2,NA,Scolopax mira,Scolopax mira,Scolopax mira,NA,Scolopax mira,Scolopax mira
Scolopax rusticola,Scolopax rusticola,2,NA,Scolopax rusticola,Scolopax rusticola,Scolopax rusticola,Scolopax rusticola,Scolopax rusticola,Scolopax rusticola
Sitta europaea,Sitta europaea,2,NA,Sitta europaea,Sitta europaea,Sitta europaea,NA,Sitta europaea,Sitta europaea
Spilornis cheela,Spilornis cheela,2,NA,Spilornis cheela,Spilornis cheela,Spilornis cheela,NA,Spilornis cheela,Spilornis cheela
Spodiopsar cineraceus,Spodiopsar cineraceus,2,NA,Spodiopsar cineraceus,Spodiopsar cineraceus,Spodiopsar cineraceus,NA,Spodiopsar cineraceus,NA
Sterna albifrons,Sterna albifrons,2,NA,Sterna albifrons,NA,NA,NA,Sterna albifrons,Sterna albifrons
Sterna anaethetus,Sterna anaethetus,2,NA,Sterna anaethetus,NA,NA,NA,Sterna anaethetus,Sterna anaethetus
Sterna dougallii,Sterna dougallii,2,NA,Sterna dougallii,Sterna dougallii,Sterna dougallii,Sterna dougallii,Sterna dougallii,Sterna dougallii
Sterna hirundo,Sterna hirundo,2,NA,Sterna hirundo,Sterna hirundo,Sterna hirundo,Sterna hirundo,Sterna hirundo,Sterna hirundo
Sterna sumatrana,Sterna sumatrana,2,NA,Sterna sumatrana,Sterna sumatrana,Sterna sumatrana,NA,Sterna sumatrana,Sterna sumatrana
Streptopelia decaocto,Streptopelia decaocto,2,NA,Streptopelia decaocto,Streptopelia decaocto,Streptopelia decaocto,Streptopelia decaocto,Streptopelia decaocto,Streptopelia decaocto
Streptopelia orientalis,Streptopelia orientalis,2,NA,Streptopelia orientalis,Streptopelia orientalis,Streptopelia orientalis,Streptopelia orientalis,Streptopelia orientalis,Streptopelia orientalis
Strix uralensis,Strix uralensis,2,NA,Strix uralensis,Strix uralensis,Strix uralensis,NA,Strix uralensis,Strix uralensis
Sula leucogaster,Sula leucogaster,2,NA,Sula leucogaster,Sula leucogaster,Sula leucogaster,Sula leucogaster,Sula leucogaster,Sula leucogaster
Synthliboramphus antiquus,Synthliboramphus antiquus,2,NA,Synthliboramphus antiquus,Synthliboramphus antiquus,Synthliboramphus antiquus,Synthliboramphus antiquus,Synthliboramphus antiquus,Synthliboramphus antiquus
Syrmaticus soemmerringii,Syrmaticus soemmerringii,2,NA,Syrmaticus soemmerringii,Syrmaticus soemmerringii,Syrmaticus soemmerringii,NA,Syrmaticus soemmerringii,Syrmaticus soemmerringii
Tachybaptus ruficollis,Tachybaptus ruficollis,2,NA,Tachybaptus ruficollis,Tachybaptus ruficollis,Tachybaptus ruficollis,NA,Tachybaptus ruficollis,Tachybaptus ruficollis
Tarsiger cyanurus,Tarsiger cyanurus,2,NA,Tarsiger cyanurus,Tarsiger cyanurus,Tarsiger cyanurus,Tarsiger cyanurus,Tarsiger cyanurus,Tarsiger cyanurus
Terpsiphone atrocaudata,Terpsiphone atrocaudata,2,NA,Terpsiphone atrocaudata,Terpsiphone atrocaudata,Terpsiphone atrocaudata,NA,Terpsiphone atrocaudata,Terpsiphone atrocaudata
Tetrastes bonasia,Tetrastes bonasia,2,NA,Tetrastes bonasia,Tetrastes bonasia,Tetrastes bonasia,NA,Tetrastes bonasia,NA
Treron formosae,Treron formosae,2,NA,Treron formosae,Treron formosae,Treron formosae,NA,Treron formosae,Treron formosae
Treron sieboldii,Treron sieboldii,2,NA,Treron sieboldii,Treron sieboldii,Treron sieboldii,NA,Treron sieboldii,Treron sieboldii
Tringa totanus,Tringa totanus,2,NA,Tringa totanus,Tringa totanus,Tringa totanus,Tringa totanus,Tringa totanus,Tringa totanus
Troglodytes troglodytes,Troglodytes troglodytes,2,NA,Troglodytes troglodytes,Troglodytes troglodytes,Troglodytes troglodytes,NA,Troglodytes troglodytes,Troglodytes troglodytes
Turdus cardis,Turdus cardis,2,NA,Turdus cardis,Turdus cardis,Turdus cardis,NA,Turdus cardis,Turdus cardis
Turdus celaenops,Turdus celaenops,2,NA,Turdus celaenops,Turdus celaenops,Turdus celaenops,NA,Turdus celaenops,Turdus celaenops
Turdus chrysolaus,Turdus chrysolaus,2,NA,Turdus chrysolaus,Turdus chrysolaus,Turdus chrysolaus,NA,Turdus chrysolaus,Turdus chrysolaus
Turdus hortulorum,Turdus hortulorum,2,NA,Turdus hortulorum,Turdus hortulorum,Turdus hortulorum,NA,Turdus hortulorum,Turdus hortulorum
Turdus pallidus,Turdus pallidus,2,NA,Turdus pallidus,Turdus pallidus,Turdus pallidus,NA,Turdus pallidus,Turdus pallidus
Turnix suscitator,Turnix suscitator,2,NA,Turnix suscitator,Turnix suscitator,Turnix suscitator,NA,Turnix suscitator,Turnix suscitator
Uragus sibiricus,Uragus sibiricus,2,NA,Uragus sibiricus,Uragus sibiricus,NA,NA,Uragus sibiricus,Uragus sibiricus
Uria aalge,Uria aalge,2,NA,Uria aalge,Uria aalge,Uria aalge,Uria aalge,Uria aalge,Uria aalge
Urocissa erythrorhyncha,Urocissa erythrorhyncha,2,NA,Urocissa erythrorhyncha,NA,NA,NA,NA,Urocissa erythrorhyncha
Urosphena squameiceps,Urosphena squameiceps,2,NA,Urosphena squameiceps,Urosphena squameiceps,Urosphena squameiceps,NA,Urosphena squameiceps,Urosphena squameiceps
Vanellus cinereus,Vanellus cinereus,2,NA,Vanellus cinereus,Vanellus cinereus,Vanellus cinereus,NA,Vanellus cinereus,Vanellus cinereus
Vanellus vanellus,Vanellus vanellus,2,NA,Vanellus vanellus,Vanellus vanellus,Vanellus vanellus,Vanellus vanellus,Vanellus vanellus,Vanellus vanellus
Zoothera dauma,Zoothera dauma,2,NA,Zoothera dauma,Zoothera dauma,Zoothera dauma,NA,Zoothera dauma,Zoothera dauma
Zoothera sibirica,Zoothera sibirica,2,NA,Zoothera sibirica,NA,NA,NA,Zoothera sibirica,Zoothera sibirica
Zosterops japonicus,Zosterops japonicus,2,NA,Zosterops japonicus,Zosterops japonicus,Zosterops japonicus,Zosterops japonicus,Zosterops japonicus,Zosterops japonicus
